--
-- PostgreSQL database cluster dump
--

\restrict fa4GRJBSit6xumcBvHmiDni9BnqeWREMoULgomC6bPymqWMBZiaamflYxkfKZOH

SET default_transaction_read_only = off;

SET client_encoding = 'UTF8';
SET standard_conforming_strings = on;

--
-- Roles
--

CREATE ROLE anon;
ALTER ROLE anon WITH NOSUPERUSER INHERIT NOCREATEROLE NOCREATEDB NOLOGIN NOREPLICATION NOBYPASSRLS;
CREATE ROLE authenticated;
ALTER ROLE authenticated WITH NOSUPERUSER INHERIT NOCREATEROLE NOCREATEDB NOLOGIN NOREPLICATION NOBYPASSRLS;
CREATE ROLE authenticator;
ALTER ROLE authenticator WITH NOSUPERUSER NOINHERIT NOCREATEROLE NOCREATEDB LOGIN NOREPLICATION NOBYPASSRLS;
CREATE ROLE dashboard_user;
ALTER ROLE dashboard_user WITH NOSUPERUSER INHERIT CREATEROLE CREATEDB NOLOGIN REPLICATION NOBYPASSRLS;
CREATE ROLE pgbouncer;
ALTER ROLE pgbouncer WITH NOSUPERUSER INHERIT NOCREATEROLE NOCREATEDB LOGIN NOREPLICATION NOBYPASSRLS;
CREATE ROLE postgres;
ALTER ROLE postgres WITH NOSUPERUSER INHERIT CREATEROLE CREATEDB LOGIN REPLICATION BYPASSRLS;
CREATE ROLE service_role;
ALTER ROLE service_role WITH NOSUPERUSER INHERIT NOCREATEROLE NOCREATEDB NOLOGIN NOREPLICATION BYPASSRLS;
CREATE ROLE supabase_admin;
ALTER ROLE supabase_admin WITH SUPERUSER INHERIT CREATEROLE CREATEDB LOGIN REPLICATION BYPASSRLS;
CREATE ROLE supabase_auth_admin;
ALTER ROLE supabase_auth_admin WITH NOSUPERUSER NOINHERIT CREATEROLE NOCREATEDB LOGIN NOREPLICATION NOBYPASSRLS;
CREATE ROLE supabase_etl_admin;
ALTER ROLE supabase_etl_admin WITH NOSUPERUSER INHERIT NOCREATEROLE NOCREATEDB LOGIN REPLICATION NOBYPASSRLS;
CREATE ROLE supabase_read_only_user;
ALTER ROLE supabase_read_only_user WITH NOSUPERUSER INHERIT NOCREATEROLE NOCREATEDB LOGIN NOREPLICATION BYPASSRLS;
CREATE ROLE supabase_realtime_admin;
ALTER ROLE supabase_realtime_admin WITH NOSUPERUSER NOINHERIT NOCREATEROLE NOCREATEDB NOLOGIN NOREPLICATION NOBYPASSRLS;
CREATE ROLE supabase_replication_admin;
ALTER ROLE supabase_replication_admin WITH NOSUPERUSER INHERIT NOCREATEROLE NOCREATEDB LOGIN REPLICATION NOBYPASSRLS;
CREATE ROLE supabase_storage_admin;
ALTER ROLE supabase_storage_admin WITH NOSUPERUSER NOINHERIT CREATEROLE NOCREATEDB LOGIN NOREPLICATION NOBYPASSRLS;

--
-- User Configurations
--

--
-- User Config "anon"
--

ALTER ROLE anon SET statement_timeout TO '3s';

--
-- User Config "authenticated"
--

ALTER ROLE authenticated SET statement_timeout TO '8s';

--
-- User Config "authenticator"
--

ALTER ROLE authenticator SET session_preload_libraries TO 'safeupdate';
ALTER ROLE authenticator SET statement_timeout TO '8s';
ALTER ROLE authenticator SET lock_timeout TO '8s';

--
-- User Config "postgres"
--

ALTER ROLE postgres SET search_path TO E'\\$user', 'public', 'extensions';

--
-- User Config "supabase_admin"
--

ALTER ROLE supabase_admin SET search_path TO '$user', 'public', 'auth', 'extensions';
ALTER ROLE supabase_admin SET log_statement TO 'none';

--
-- User Config "supabase_auth_admin"
--

ALTER ROLE supabase_auth_admin SET search_path TO 'auth';
ALTER ROLE supabase_auth_admin SET idle_in_transaction_session_timeout TO '60000';
ALTER ROLE supabase_auth_admin SET log_statement TO 'none';

--
-- User Config "supabase_read_only_user"
--

ALTER ROLE supabase_read_only_user SET default_transaction_read_only TO 'on';

--
-- User Config "supabase_storage_admin"
--

ALTER ROLE supabase_storage_admin SET search_path TO 'storage';
ALTER ROLE supabase_storage_admin SET log_statement TO 'none';


--
-- Role memberships
--

GRANT anon TO authenticator GRANTED BY postgres;
GRANT anon TO postgres GRANTED BY supabase_admin;
GRANT authenticated TO authenticator GRANTED BY postgres;
GRANT authenticated TO postgres GRANTED BY supabase_admin;
GRANT authenticator TO supabase_storage_admin GRANTED BY supabase_admin;
GRANT pg_monitor TO postgres GRANTED BY supabase_admin;
GRANT pg_read_all_data TO postgres GRANTED BY supabase_admin;
GRANT pg_read_all_data TO supabase_etl_admin GRANTED BY postgres;
GRANT pg_read_all_data TO supabase_read_only_user GRANTED BY postgres;
GRANT pg_signal_backend TO postgres GRANTED BY supabase_admin;
GRANT service_role TO authenticator GRANTED BY postgres;
GRANT service_role TO postgres GRANTED BY supabase_admin;
GRANT supabase_realtime_admin TO postgres GRANTED BY supabase_admin;






\unrestrict fa4GRJBSit6xumcBvHmiDni9BnqeWREMoULgomC6bPymqWMBZiaamflYxkfKZOH

--
-- Databases
--

--
-- Database "template1" dump
--

\connect template1

--
-- PostgreSQL database dump
--

\restrict cmDCIQ4PcwNYJjxvTzgSh5IUC6CeG7Pouhz8CEcXtkf65n51EKnOXhgJLOjITJu

-- Dumped from database version 15.8
-- Dumped by pg_dump version 15.14 (Debian 15.14-1.pgdg12+1)

SET statement_timeout = 0;
SET lock_timeout = 0;
SET idle_in_transaction_session_timeout = 0;
SET client_encoding = 'UTF8';
SET standard_conforming_strings = on;
SELECT pg_catalog.set_config('search_path', '', false);
SET check_function_bodies = false;
SET xmloption = content;
SET client_min_messages = warning;
SET row_security = off;

--
-- PostgreSQL database dump complete
--

\unrestrict cmDCIQ4PcwNYJjxvTzgSh5IUC6CeG7Pouhz8CEcXtkf65n51EKnOXhgJLOjITJu

--
-- Database "postgres" dump
--

\connect postgres

--
-- PostgreSQL database dump
--

\restrict ACVWA5BB1HUl4PSachWpPijw5iaaMNXQ99T9MTrJSHWKCD4pMYrdWut0Utm54rX

-- Dumped from database version 15.8
-- Dumped by pg_dump version 15.14 (Debian 15.14-1.pgdg12+1)

SET statement_timeout = 0;
SET lock_timeout = 0;
SET idle_in_transaction_session_timeout = 0;
SET client_encoding = 'UTF8';
SET standard_conforming_strings = on;
SELECT pg_catalog.set_config('search_path', '', false);
SET check_function_bodies = false;
SET xmloption = content;
SET client_min_messages = warning;
SET row_security = off;

--
-- Name: auth; Type: SCHEMA; Schema: -; Owner: supabase_admin
--

CREATE SCHEMA auth;


ALTER SCHEMA auth OWNER TO supabase_admin;

--
-- Name: extensions; Type: SCHEMA; Schema: -; Owner: postgres
--

CREATE SCHEMA extensions;


ALTER SCHEMA extensions OWNER TO postgres;

--
-- Name: graphql; Type: SCHEMA; Schema: -; Owner: supabase_admin
--

CREATE SCHEMA graphql;


ALTER SCHEMA graphql OWNER TO supabase_admin;

--
-- Name: graphql_public; Type: SCHEMA; Schema: -; Owner: supabase_admin
--

CREATE SCHEMA graphql_public;


ALTER SCHEMA graphql_public OWNER TO supabase_admin;

--
-- Name: pgbouncer; Type: SCHEMA; Schema: -; Owner: pgbouncer
--

CREATE SCHEMA pgbouncer;


ALTER SCHEMA pgbouncer OWNER TO pgbouncer;

--
-- Name: realtime; Type: SCHEMA; Schema: -; Owner: supabase_admin
--

CREATE SCHEMA realtime;


ALTER SCHEMA realtime OWNER TO supabase_admin;

--
-- Name: storage; Type: SCHEMA; Schema: -; Owner: supabase_admin
--

CREATE SCHEMA storage;


ALTER SCHEMA storage OWNER TO supabase_admin;

--
-- Name: vault; Type: SCHEMA; Schema: -; Owner: supabase_admin
--

CREATE SCHEMA vault;


ALTER SCHEMA vault OWNER TO supabase_admin;

--
-- Name: pg_graphql; Type: EXTENSION; Schema: -; Owner: -
--

CREATE EXTENSION IF NOT EXISTS pg_graphql WITH SCHEMA graphql;


--
-- Name: EXTENSION pg_graphql; Type: COMMENT; Schema: -; Owner: 
--

COMMENT ON EXTENSION pg_graphql IS 'pg_graphql: GraphQL support';


--
-- Name: pg_stat_statements; Type: EXTENSION; Schema: -; Owner: -
--

CREATE EXTENSION IF NOT EXISTS pg_stat_statements WITH SCHEMA extensions;


--
-- Name: EXTENSION pg_stat_statements; Type: COMMENT; Schema: -; Owner: 
--

COMMENT ON EXTENSION pg_stat_statements IS 'track planning and execution statistics of all SQL statements executed';


--
-- Name: pgcrypto; Type: EXTENSION; Schema: -; Owner: -
--

CREATE EXTENSION IF NOT EXISTS pgcrypto WITH SCHEMA extensions;


--
-- Name: EXTENSION pgcrypto; Type: COMMENT; Schema: -; Owner: 
--

COMMENT ON EXTENSION pgcrypto IS 'cryptographic functions';


--
-- Name: pgjwt; Type: EXTENSION; Schema: -; Owner: -
--

CREATE EXTENSION IF NOT EXISTS pgjwt WITH SCHEMA extensions;


--
-- Name: EXTENSION pgjwt; Type: COMMENT; Schema: -; Owner: 
--

COMMENT ON EXTENSION pgjwt IS 'JSON Web Token API for Postgresql';


--
-- Name: supabase_vault; Type: EXTENSION; Schema: -; Owner: -
--

CREATE EXTENSION IF NOT EXISTS supabase_vault WITH SCHEMA vault;


--
-- Name: EXTENSION supabase_vault; Type: COMMENT; Schema: -; Owner: 
--

COMMENT ON EXTENSION supabase_vault IS 'Supabase Vault Extension';


--
-- Name: uuid-ossp; Type: EXTENSION; Schema: -; Owner: -
--

CREATE EXTENSION IF NOT EXISTS "uuid-ossp" WITH SCHEMA extensions;


--
-- Name: EXTENSION "uuid-ossp"; Type: COMMENT; Schema: -; Owner: 
--

COMMENT ON EXTENSION "uuid-ossp" IS 'generate universally unique identifiers (UUIDs)';


--
-- Name: aal_level; Type: TYPE; Schema: auth; Owner: supabase_auth_admin
--

CREATE TYPE auth.aal_level AS ENUM (
    'aal1',
    'aal2',
    'aal3'
);


ALTER TYPE auth.aal_level OWNER TO supabase_auth_admin;

--
-- Name: code_challenge_method; Type: TYPE; Schema: auth; Owner: supabase_auth_admin
--

CREATE TYPE auth.code_challenge_method AS ENUM (
    's256',
    'plain'
);


ALTER TYPE auth.code_challenge_method OWNER TO supabase_auth_admin;

--
-- Name: factor_status; Type: TYPE; Schema: auth; Owner: supabase_auth_admin
--

CREATE TYPE auth.factor_status AS ENUM (
    'unverified',
    'verified'
);


ALTER TYPE auth.factor_status OWNER TO supabase_auth_admin;

--
-- Name: factor_type; Type: TYPE; Schema: auth; Owner: supabase_auth_admin
--

CREATE TYPE auth.factor_type AS ENUM (
    'totp',
    'webauthn',
    'phone'
);


ALTER TYPE auth.factor_type OWNER TO supabase_auth_admin;

--
-- Name: oauth_registration_type; Type: TYPE; Schema: auth; Owner: supabase_auth_admin
--

CREATE TYPE auth.oauth_registration_type AS ENUM (
    'dynamic',
    'manual'
);


ALTER TYPE auth.oauth_registration_type OWNER TO supabase_auth_admin;

--
-- Name: one_time_token_type; Type: TYPE; Schema: auth; Owner: supabase_auth_admin
--

CREATE TYPE auth.one_time_token_type AS ENUM (
    'confirmation_token',
    'reauthentication_token',
    'recovery_token',
    'email_change_token_new',
    'email_change_token_current',
    'phone_change_token'
);


ALTER TYPE auth.one_time_token_type OWNER TO supabase_auth_admin;

--
-- Name: activity_type; Type: TYPE; Schema: public; Owner: postgres
--

CREATE TYPE public.activity_type AS ENUM (
    'Activity',
    'Yoga_class'
);


ALTER TYPE public.activity_type OWNER TO postgres;

--
-- Name: level_type; Type: TYPE; Schema: public; Owner: postgres
--

CREATE TYPE public.level_type AS ENUM (
    'Beginner',
    'Advanced',
    'Expertise'
);


ALTER TYPE public.level_type OWNER TO postgres;

--
-- Name: action; Type: TYPE; Schema: realtime; Owner: supabase_admin
--

CREATE TYPE realtime.action AS ENUM (
    'INSERT',
    'UPDATE',
    'DELETE',
    'TRUNCATE',
    'ERROR'
);


ALTER TYPE realtime.action OWNER TO supabase_admin;

--
-- Name: equality_op; Type: TYPE; Schema: realtime; Owner: supabase_admin
--

CREATE TYPE realtime.equality_op AS ENUM (
    'eq',
    'neq',
    'lt',
    'lte',
    'gt',
    'gte',
    'in'
);


ALTER TYPE realtime.equality_op OWNER TO supabase_admin;

--
-- Name: user_defined_filter; Type: TYPE; Schema: realtime; Owner: supabase_admin
--

CREATE TYPE realtime.user_defined_filter AS (
	column_name text,
	op realtime.equality_op,
	value text
);


ALTER TYPE realtime.user_defined_filter OWNER TO supabase_admin;

--
-- Name: wal_column; Type: TYPE; Schema: realtime; Owner: supabase_admin
--

CREATE TYPE realtime.wal_column AS (
	name text,
	type_name text,
	type_oid oid,
	value jsonb,
	is_pkey boolean,
	is_selectable boolean
);


ALTER TYPE realtime.wal_column OWNER TO supabase_admin;

--
-- Name: wal_rls; Type: TYPE; Schema: realtime; Owner: supabase_admin
--

CREATE TYPE realtime.wal_rls AS (
	wal jsonb,
	is_rls_enabled boolean,
	subscription_ids uuid[],
	errors text[]
);


ALTER TYPE realtime.wal_rls OWNER TO supabase_admin;

--
-- Name: email(); Type: FUNCTION; Schema: auth; Owner: supabase_auth_admin
--

CREATE FUNCTION auth.email() RETURNS text
    LANGUAGE sql STABLE
    AS $$
  select 
  coalesce(
    nullif(current_setting('request.jwt.claim.email', true), ''),
    (nullif(current_setting('request.jwt.claims', true), '')::jsonb ->> 'email')
  )::text
$$;


ALTER FUNCTION auth.email() OWNER TO supabase_auth_admin;

--
-- Name: FUNCTION email(); Type: COMMENT; Schema: auth; Owner: supabase_auth_admin
--

COMMENT ON FUNCTION auth.email() IS 'Deprecated. Use auth.jwt() -> ''email'' instead.';


--
-- Name: jwt(); Type: FUNCTION; Schema: auth; Owner: supabase_auth_admin
--

CREATE FUNCTION auth.jwt() RETURNS jsonb
    LANGUAGE sql STABLE
    AS $$
  select 
    coalesce(
        nullif(current_setting('request.jwt.claim', true), ''),
        nullif(current_setting('request.jwt.claims', true), '')
    )::jsonb
$$;


ALTER FUNCTION auth.jwt() OWNER TO supabase_auth_admin;

--
-- Name: role(); Type: FUNCTION; Schema: auth; Owner: supabase_auth_admin
--

CREATE FUNCTION auth.role() RETURNS text
    LANGUAGE sql STABLE
    AS $$
  select 
  coalesce(
    nullif(current_setting('request.jwt.claim.role', true), ''),
    (nullif(current_setting('request.jwt.claims', true), '')::jsonb ->> 'role')
  )::text
$$;


ALTER FUNCTION auth.role() OWNER TO supabase_auth_admin;

--
-- Name: FUNCTION role(); Type: COMMENT; Schema: auth; Owner: supabase_auth_admin
--

COMMENT ON FUNCTION auth.role() IS 'Deprecated. Use auth.jwt() -> ''role'' instead.';


--
-- Name: uid(); Type: FUNCTION; Schema: auth; Owner: supabase_auth_admin
--

CREATE FUNCTION auth.uid() RETURNS uuid
    LANGUAGE sql STABLE
    AS $$
  select 
  coalesce(
    nullif(current_setting('request.jwt.claim.sub', true), ''),
    (nullif(current_setting('request.jwt.claims', true), '')::jsonb ->> 'sub')
  )::uuid
$$;


ALTER FUNCTION auth.uid() OWNER TO supabase_auth_admin;

--
-- Name: FUNCTION uid(); Type: COMMENT; Schema: auth; Owner: supabase_auth_admin
--

COMMENT ON FUNCTION auth.uid() IS 'Deprecated. Use auth.jwt() -> ''sub'' instead.';


--
-- Name: grant_pg_cron_access(); Type: FUNCTION; Schema: extensions; Owner: supabase_admin
--

CREATE FUNCTION extensions.grant_pg_cron_access() RETURNS event_trigger
    LANGUAGE plpgsql
    AS $$
BEGIN
  IF EXISTS (
    SELECT
    FROM pg_event_trigger_ddl_commands() AS ev
    JOIN pg_extension AS ext
    ON ev.objid = ext.oid
    WHERE ext.extname = 'pg_cron'
  )
  THEN
    grant usage on schema cron to postgres with grant option;

    alter default privileges in schema cron grant all on tables to postgres with grant option;
    alter default privileges in schema cron grant all on functions to postgres with grant option;
    alter default privileges in schema cron grant all on sequences to postgres with grant option;

    alter default privileges for user supabase_admin in schema cron grant all
        on sequences to postgres with grant option;
    alter default privileges for user supabase_admin in schema cron grant all
        on tables to postgres with grant option;
    alter default privileges for user supabase_admin in schema cron grant all
        on functions to postgres with grant option;

    grant all privileges on all tables in schema cron to postgres with grant option;
    revoke all on table cron.job from postgres;
    grant select on table cron.job to postgres with grant option;
  END IF;
END;
$$;


ALTER FUNCTION extensions.grant_pg_cron_access() OWNER TO supabase_admin;

--
-- Name: FUNCTION grant_pg_cron_access(); Type: COMMENT; Schema: extensions; Owner: supabase_admin
--

COMMENT ON FUNCTION extensions.grant_pg_cron_access() IS 'Grants access to pg_cron';


--
-- Name: grant_pg_graphql_access(); Type: FUNCTION; Schema: extensions; Owner: supabase_admin
--

CREATE FUNCTION extensions.grant_pg_graphql_access() RETURNS event_trigger
    LANGUAGE plpgsql
    AS $_$
DECLARE
    func_is_graphql_resolve bool;
BEGIN
    func_is_graphql_resolve = (
        SELECT n.proname = 'resolve'
        FROM pg_event_trigger_ddl_commands() AS ev
        LEFT JOIN pg_catalog.pg_proc AS n
        ON ev.objid = n.oid
    );

    IF func_is_graphql_resolve
    THEN
        -- Update public wrapper to pass all arguments through to the pg_graphql resolve func
        DROP FUNCTION IF EXISTS graphql_public.graphql;
        create or replace function graphql_public.graphql(
            "operationName" text default null,
            query text default null,
            variables jsonb default null,
            extensions jsonb default null
        )
            returns jsonb
            language sql
        as $$
            select graphql.resolve(
                query := query,
                variables := coalesce(variables, '{}'),
                "operationName" := "operationName",
                extensions := extensions
            );
        $$;

        -- This hook executes when `graphql.resolve` is created. That is not necessarily the last
        -- function in the extension so we need to grant permissions on existing entities AND
        -- update default permissions to any others that are created after `graphql.resolve`
        grant usage on schema graphql to postgres, anon, authenticated, service_role;
        grant select on all tables in schema graphql to postgres, anon, authenticated, service_role;
        grant execute on all functions in schema graphql to postgres, anon, authenticated, service_role;
        grant all on all sequences in schema graphql to postgres, anon, authenticated, service_role;
        alter default privileges in schema graphql grant all on tables to postgres, anon, authenticated, service_role;
        alter default privileges in schema graphql grant all on functions to postgres, anon, authenticated, service_role;
        alter default privileges in schema graphql grant all on sequences to postgres, anon, authenticated, service_role;

        -- Allow postgres role to allow granting usage on graphql and graphql_public schemas to custom roles
        grant usage on schema graphql_public to postgres with grant option;
        grant usage on schema graphql to postgres with grant option;
    END IF;

END;
$_$;


ALTER FUNCTION extensions.grant_pg_graphql_access() OWNER TO supabase_admin;

--
-- Name: FUNCTION grant_pg_graphql_access(); Type: COMMENT; Schema: extensions; Owner: supabase_admin
--

COMMENT ON FUNCTION extensions.grant_pg_graphql_access() IS 'Grants access to pg_graphql';


--
-- Name: grant_pg_net_access(); Type: FUNCTION; Schema: extensions; Owner: supabase_admin
--

CREATE FUNCTION extensions.grant_pg_net_access() RETURNS event_trigger
    LANGUAGE plpgsql
    AS $$
BEGIN
  IF EXISTS (
    SELECT 1
    FROM pg_event_trigger_ddl_commands() AS ev
    JOIN pg_extension AS ext
    ON ev.objid = ext.oid
    WHERE ext.extname = 'pg_net'
  )
  THEN
    IF NOT EXISTS (
      SELECT 1
      FROM pg_roles
      WHERE rolname = 'supabase_functions_admin'
    )
    THEN
      CREATE USER supabase_functions_admin NOINHERIT CREATEROLE LOGIN NOREPLICATION;
    END IF;

    GRANT USAGE ON SCHEMA net TO supabase_functions_admin, postgres, anon, authenticated, service_role;

    IF EXISTS (
      SELECT FROM pg_extension
      WHERE extname = 'pg_net'
      -- all versions in use on existing projects as of 2025-02-20
      -- version 0.12.0 onwards don't need these applied
      AND extversion IN ('0.2', '0.6', '0.7', '0.7.1', '0.8', '0.10.0', '0.11.0')
    ) THEN
      ALTER function net.http_get(url text, params jsonb, headers jsonb, timeout_milliseconds integer) SECURITY DEFINER;
      ALTER function net.http_post(url text, body jsonb, params jsonb, headers jsonb, timeout_milliseconds integer) SECURITY DEFINER;

      ALTER function net.http_get(url text, params jsonb, headers jsonb, timeout_milliseconds integer) SET search_path = net;
      ALTER function net.http_post(url text, body jsonb, params jsonb, headers jsonb, timeout_milliseconds integer) SET search_path = net;

      REVOKE ALL ON FUNCTION net.http_get(url text, params jsonb, headers jsonb, timeout_milliseconds integer) FROM PUBLIC;
      REVOKE ALL ON FUNCTION net.http_post(url text, body jsonb, params jsonb, headers jsonb, timeout_milliseconds integer) FROM PUBLIC;

      GRANT EXECUTE ON FUNCTION net.http_get(url text, params jsonb, headers jsonb, timeout_milliseconds integer) TO supabase_functions_admin, postgres, anon, authenticated, service_role;
      GRANT EXECUTE ON FUNCTION net.http_post(url text, body jsonb, params jsonb, headers jsonb, timeout_milliseconds integer) TO supabase_functions_admin, postgres, anon, authenticated, service_role;
    END IF;
  END IF;
END;
$$;


ALTER FUNCTION extensions.grant_pg_net_access() OWNER TO supabase_admin;

--
-- Name: FUNCTION grant_pg_net_access(); Type: COMMENT; Schema: extensions; Owner: supabase_admin
--

COMMENT ON FUNCTION extensions.grant_pg_net_access() IS 'Grants access to pg_net';


--
-- Name: pgrst_ddl_watch(); Type: FUNCTION; Schema: extensions; Owner: supabase_admin
--

CREATE FUNCTION extensions.pgrst_ddl_watch() RETURNS event_trigger
    LANGUAGE plpgsql
    AS $$
DECLARE
  cmd record;
BEGIN
  FOR cmd IN SELECT * FROM pg_event_trigger_ddl_commands()
  LOOP
    IF cmd.command_tag IN (
      'CREATE SCHEMA', 'ALTER SCHEMA'
    , 'CREATE TABLE', 'CREATE TABLE AS', 'SELECT INTO', 'ALTER TABLE'
    , 'CREATE FOREIGN TABLE', 'ALTER FOREIGN TABLE'
    , 'CREATE VIEW', 'ALTER VIEW'
    , 'CREATE MATERIALIZED VIEW', 'ALTER MATERIALIZED VIEW'
    , 'CREATE FUNCTION', 'ALTER FUNCTION'
    , 'CREATE TRIGGER'
    , 'CREATE TYPE', 'ALTER TYPE'
    , 'CREATE RULE'
    , 'COMMENT'
    )
    -- don't notify in case of CREATE TEMP table or other objects created on pg_temp
    AND cmd.schema_name is distinct from 'pg_temp'
    THEN
      NOTIFY pgrst, 'reload schema';
    END IF;
  END LOOP;
END; $$;


ALTER FUNCTION extensions.pgrst_ddl_watch() OWNER TO supabase_admin;

--
-- Name: pgrst_drop_watch(); Type: FUNCTION; Schema: extensions; Owner: supabase_admin
--

CREATE FUNCTION extensions.pgrst_drop_watch() RETURNS event_trigger
    LANGUAGE plpgsql
    AS $$
DECLARE
  obj record;
BEGIN
  FOR obj IN SELECT * FROM pg_event_trigger_dropped_objects()
  LOOP
    IF obj.object_type IN (
      'schema'
    , 'table'
    , 'foreign table'
    , 'view'
    , 'materialized view'
    , 'function'
    , 'trigger'
    , 'type'
    , 'rule'
    )
    AND obj.is_temporary IS false -- no pg_temp objects
    THEN
      NOTIFY pgrst, 'reload schema';
    END IF;
  END LOOP;
END; $$;


ALTER FUNCTION extensions.pgrst_drop_watch() OWNER TO supabase_admin;

--
-- Name: set_graphql_placeholder(); Type: FUNCTION; Schema: extensions; Owner: supabase_admin
--

CREATE FUNCTION extensions.set_graphql_placeholder() RETURNS event_trigger
    LANGUAGE plpgsql
    AS $_$
    DECLARE
    graphql_is_dropped bool;
    BEGIN
    graphql_is_dropped = (
        SELECT ev.schema_name = 'graphql_public'
        FROM pg_event_trigger_dropped_objects() AS ev
        WHERE ev.schema_name = 'graphql_public'
    );

    IF graphql_is_dropped
    THEN
        create or replace function graphql_public.graphql(
            "operationName" text default null,
            query text default null,
            variables jsonb default null,
            extensions jsonb default null
        )
            returns jsonb
            language plpgsql
        as $$
            DECLARE
                server_version float;
            BEGIN
                server_version = (SELECT (SPLIT_PART((select version()), ' ', 2))::float);

                IF server_version >= 14 THEN
                    RETURN jsonb_build_object(
                        'errors', jsonb_build_array(
                            jsonb_build_object(
                                'message', 'pg_graphql extension is not enabled.'
                            )
                        )
                    );
                ELSE
                    RETURN jsonb_build_object(
                        'errors', jsonb_build_array(
                            jsonb_build_object(
                                'message', 'pg_graphql is only available on projects running Postgres 14 onwards.'
                            )
                        )
                    );
                END IF;
            END;
        $$;
    END IF;

    END;
$_$;


ALTER FUNCTION extensions.set_graphql_placeholder() OWNER TO supabase_admin;

--
-- Name: FUNCTION set_graphql_placeholder(); Type: COMMENT; Schema: extensions; Owner: supabase_admin
--

COMMENT ON FUNCTION extensions.set_graphql_placeholder() IS 'Reintroduces placeholder function for graphql_public.graphql';


--
-- Name: get_auth(text); Type: FUNCTION; Schema: pgbouncer; Owner: supabase_admin
--

CREATE FUNCTION pgbouncer.get_auth(p_usename text) RETURNS TABLE(username text, password text)
    LANGUAGE plpgsql SECURITY DEFINER
    AS $_$
begin
    raise debug 'PgBouncer auth request: %', p_usename;

    return query
    select 
        rolname::text, 
        case when rolvaliduntil < now() 
            then null 
            else rolpassword::text 
        end 
    from pg_authid 
    where rolname=$1 and rolcanlogin;
end;
$_$;


ALTER FUNCTION pgbouncer.get_auth(p_usename text) OWNER TO supabase_admin;

SET default_tablespace = '';

SET default_table_access_method = heap;

--
-- Name: teacher; Type: TABLE; Schema: public; Owner: postgres
--

CREATE TABLE public.teacher (
    id integer NOT NULL,
    name character varying(50) NOT NULL,
    surname character varying(50) NOT NULL,
    role character varying(50) NOT NULL,
    main_expertise character varying(100) NOT NULL,
    about character varying(250) NOT NULL,
    image text
);


ALTER TABLE public.teacher OWNER TO postgres;

--
-- Name: get_teacher_by_activityid_old(integer); Type: FUNCTION; Schema: public; Owner: postgres
--

CREATE FUNCTION public.get_teacher_by_activityid_old(activity_id integer) RETURNS SETOF public.teacher
    LANGUAGE plpgsql
    AS $$
 BEGIN
  RETURN QUERY
  SELECT id, name, surname, role, main_expertise, about, image
  FROM teaches JOIN teacher ON id = idteacher
  WHERE activity_id = idactivity;
 END;
$$;


ALTER FUNCTION public.get_teacher_by_activityid_old(activity_id integer) OWNER TO postgres;

--
-- Name: apply_rls(jsonb, integer); Type: FUNCTION; Schema: realtime; Owner: supabase_admin
--

CREATE FUNCTION realtime.apply_rls(wal jsonb, max_record_bytes integer DEFAULT (1024 * 1024)) RETURNS SETOF realtime.wal_rls
    LANGUAGE plpgsql
    AS $$
declare
-- Regclass of the table e.g. public.notes
entity_ regclass = (quote_ident(wal ->> 'schema') || '.' || quote_ident(wal ->> 'table'))::regclass;

-- I, U, D, T: insert, update ...
action realtime.action = (
    case wal ->> 'action'
        when 'I' then 'INSERT'
        when 'U' then 'UPDATE'
        when 'D' then 'DELETE'
        else 'ERROR'
    end
);

-- Is row level security enabled for the table
is_rls_enabled bool = relrowsecurity from pg_class where oid = entity_;

subscriptions realtime.subscription[] = array_agg(subs)
    from
        realtime.subscription subs
    where
        subs.entity = entity_;

-- Subscription vars
roles regrole[] = array_agg(distinct us.claims_role::text)
    from
        unnest(subscriptions) us;

working_role regrole;
claimed_role regrole;
claims jsonb;

subscription_id uuid;
subscription_has_access bool;
visible_to_subscription_ids uuid[] = '{}';

-- structured info for wal's columns
columns realtime.wal_column[];
-- previous identity values for update/delete
old_columns realtime.wal_column[];

error_record_exceeds_max_size boolean = octet_length(wal::text) > max_record_bytes;

-- Primary jsonb output for record
output jsonb;

begin
perform set_config('role', null, true);

columns =
    array_agg(
        (
            x->>'name',
            x->>'type',
            x->>'typeoid',
            realtime.cast(
                (x->'value') #>> '{}',
                coalesce(
                    (x->>'typeoid')::regtype, -- null when wal2json version <= 2.4
                    (x->>'type')::regtype
                )
            ),
            (pks ->> 'name') is not null,
            true
        )::realtime.wal_column
    )
    from
        jsonb_array_elements(wal -> 'columns') x
        left join jsonb_array_elements(wal -> 'pk') pks
            on (x ->> 'name') = (pks ->> 'name');

old_columns =
    array_agg(
        (
            x->>'name',
            x->>'type',
            x->>'typeoid',
            realtime.cast(
                (x->'value') #>> '{}',
                coalesce(
                    (x->>'typeoid')::regtype, -- null when wal2json version <= 2.4
                    (x->>'type')::regtype
                )
            ),
            (pks ->> 'name') is not null,
            true
        )::realtime.wal_column
    )
    from
        jsonb_array_elements(wal -> 'identity') x
        left join jsonb_array_elements(wal -> 'pk') pks
            on (x ->> 'name') = (pks ->> 'name');

for working_role in select * from unnest(roles) loop

    -- Update `is_selectable` for columns and old_columns
    columns =
        array_agg(
            (
                c.name,
                c.type_name,
                c.type_oid,
                c.value,
                c.is_pkey,
                pg_catalog.has_column_privilege(working_role, entity_, c.name, 'SELECT')
            )::realtime.wal_column
        )
        from
            unnest(columns) c;

    old_columns =
            array_agg(
                (
                    c.name,
                    c.type_name,
                    c.type_oid,
                    c.value,
                    c.is_pkey,
                    pg_catalog.has_column_privilege(working_role, entity_, c.name, 'SELECT')
                )::realtime.wal_column
            )
            from
                unnest(old_columns) c;

    if action <> 'DELETE' and count(1) = 0 from unnest(columns) c where c.is_pkey then
        return next (
            jsonb_build_object(
                'schema', wal ->> 'schema',
                'table', wal ->> 'table',
                'type', action
            ),
            is_rls_enabled,
            -- subscriptions is already filtered by entity
            (select array_agg(s.subscription_id) from unnest(subscriptions) as s where claims_role = working_role),
            array['Error 400: Bad Request, no primary key']
        )::realtime.wal_rls;

    -- The claims role does not have SELECT permission to the primary key of entity
    elsif action <> 'DELETE' and sum(c.is_selectable::int) <> count(1) from unnest(columns) c where c.is_pkey then
        return next (
            jsonb_build_object(
                'schema', wal ->> 'schema',
                'table', wal ->> 'table',
                'type', action
            ),
            is_rls_enabled,
            (select array_agg(s.subscription_id) from unnest(subscriptions) as s where claims_role = working_role),
            array['Error 401: Unauthorized']
        )::realtime.wal_rls;

    else
        output = jsonb_build_object(
            'schema', wal ->> 'schema',
            'table', wal ->> 'table',
            'type', action,
            'commit_timestamp', to_char(
                ((wal ->> 'timestamp')::timestamptz at time zone 'utc'),
                'YYYY-MM-DD"T"HH24:MI:SS.MS"Z"'
            ),
            'columns', (
                select
                    jsonb_agg(
                        jsonb_build_object(
                            'name', pa.attname,
                            'type', pt.typname
                        )
                        order by pa.attnum asc
                    )
                from
                    pg_attribute pa
                    join pg_type pt
                        on pa.atttypid = pt.oid
                where
                    attrelid = entity_
                    and attnum > 0
                    and pg_catalog.has_column_privilege(working_role, entity_, pa.attname, 'SELECT')
            )
        )
        -- Add "record" key for insert and update
        || case
            when action in ('INSERT', 'UPDATE') then
                jsonb_build_object(
                    'record',
                    (
                        select
                            jsonb_object_agg(
                                -- if unchanged toast, get column name and value from old record
                                coalesce((c).name, (oc).name),
                                case
                                    when (c).name is null then (oc).value
                                    else (c).value
                                end
                            )
                        from
                            unnest(columns) c
                            full outer join unnest(old_columns) oc
                                on (c).name = (oc).name
                        where
                            coalesce((c).is_selectable, (oc).is_selectable)
                            and ( not error_record_exceeds_max_size or (octet_length((c).value::text) <= 64))
                    )
                )
            else '{}'::jsonb
        end
        -- Add "old_record" key for update and delete
        || case
            when action = 'UPDATE' then
                jsonb_build_object(
                        'old_record',
                        (
                            select jsonb_object_agg((c).name, (c).value)
                            from unnest(old_columns) c
                            where
                                (c).is_selectable
                                and ( not error_record_exceeds_max_size or (octet_length((c).value::text) <= 64))
                        )
                    )
            when action = 'DELETE' then
                jsonb_build_object(
                    'old_record',
                    (
                        select jsonb_object_agg((c).name, (c).value)
                        from unnest(old_columns) c
                        where
                            (c).is_selectable
                            and ( not error_record_exceeds_max_size or (octet_length((c).value::text) <= 64))
                            and ( not is_rls_enabled or (c).is_pkey ) -- if RLS enabled, we can't secure deletes so filter to pkey
                    )
                )
            else '{}'::jsonb
        end;

        -- Create the prepared statement
        if is_rls_enabled and action <> 'DELETE' then
            if (select 1 from pg_prepared_statements where name = 'walrus_rls_stmt' limit 1) > 0 then
                deallocate walrus_rls_stmt;
            end if;
            execute realtime.build_prepared_statement_sql('walrus_rls_stmt', entity_, columns);
        end if;

        visible_to_subscription_ids = '{}';

        for subscription_id, claims in (
                select
                    subs.subscription_id,
                    subs.claims
                from
                    unnest(subscriptions) subs
                where
                    subs.entity = entity_
                    and subs.claims_role = working_role
                    and (
                        realtime.is_visible_through_filters(columns, subs.filters)
                        or (
                          action = 'DELETE'
                          and realtime.is_visible_through_filters(old_columns, subs.filters)
                        )
                    )
        ) loop

            if not is_rls_enabled or action = 'DELETE' then
                visible_to_subscription_ids = visible_to_subscription_ids || subscription_id;
            else
                -- Check if RLS allows the role to see the record
                perform
                    -- Trim leading and trailing quotes from working_role because set_config
                    -- doesn't recognize the role as valid if they are included
                    set_config('role', trim(both '"' from working_role::text), true),
                    set_config('request.jwt.claims', claims::text, true);

                execute 'execute walrus_rls_stmt' into subscription_has_access;

                if subscription_has_access then
                    visible_to_subscription_ids = visible_to_subscription_ids || subscription_id;
                end if;
            end if;
        end loop;

        perform set_config('role', null, true);

        return next (
            output,
            is_rls_enabled,
            visible_to_subscription_ids,
            case
                when error_record_exceeds_max_size then array['Error 413: Payload Too Large']
                else '{}'
            end
        )::realtime.wal_rls;

    end if;
end loop;

perform set_config('role', null, true);
end;
$$;


ALTER FUNCTION realtime.apply_rls(wal jsonb, max_record_bytes integer) OWNER TO supabase_admin;

--
-- Name: broadcast_changes(text, text, text, text, text, record, record, text); Type: FUNCTION; Schema: realtime; Owner: supabase_admin
--

CREATE FUNCTION realtime.broadcast_changes(topic_name text, event_name text, operation text, table_name text, table_schema text, new record, old record, level text DEFAULT 'ROW'::text) RETURNS void
    LANGUAGE plpgsql
    AS $$
DECLARE
    -- Declare a variable to hold the JSONB representation of the row
    row_data jsonb := '{}'::jsonb;
BEGIN
    IF level = 'STATEMENT' THEN
        RAISE EXCEPTION 'function can only be triggered for each row, not for each statement';
    END IF;
    -- Check the operation type and handle accordingly
    IF operation = 'INSERT' OR operation = 'UPDATE' OR operation = 'DELETE' THEN
        row_data := jsonb_build_object('old_record', OLD, 'record', NEW, 'operation', operation, 'table', table_name, 'schema', table_schema);
        PERFORM realtime.send (row_data, event_name, topic_name);
    ELSE
        RAISE EXCEPTION 'Unexpected operation type: %', operation;
    END IF;
EXCEPTION
    WHEN OTHERS THEN
        RAISE EXCEPTION 'Failed to process the row: %', SQLERRM;
END;

$$;


ALTER FUNCTION realtime.broadcast_changes(topic_name text, event_name text, operation text, table_name text, table_schema text, new record, old record, level text) OWNER TO supabase_admin;

--
-- Name: build_prepared_statement_sql(text, regclass, realtime.wal_column[]); Type: FUNCTION; Schema: realtime; Owner: supabase_admin
--

CREATE FUNCTION realtime.build_prepared_statement_sql(prepared_statement_name text, entity regclass, columns realtime.wal_column[]) RETURNS text
    LANGUAGE sql
    AS $$
      /*
      Builds a sql string that, if executed, creates a prepared statement to
      tests retrive a row from *entity* by its primary key columns.
      Example
          select realtime.build_prepared_statement_sql('public.notes', '{"id"}'::text[], '{"bigint"}'::text[])
      */
          select
      'prepare ' || prepared_statement_name || ' as
          select
              exists(
                  select
                      1
                  from
                      ' || entity || '
                  where
                      ' || string_agg(quote_ident(pkc.name) || '=' || quote_nullable(pkc.value #>> '{}') , ' and ') || '
              )'
          from
              unnest(columns) pkc
          where
              pkc.is_pkey
          group by
              entity
      $$;


ALTER FUNCTION realtime.build_prepared_statement_sql(prepared_statement_name text, entity regclass, columns realtime.wal_column[]) OWNER TO supabase_admin;

--
-- Name: cast(text, regtype); Type: FUNCTION; Schema: realtime; Owner: supabase_admin
--

CREATE FUNCTION realtime."cast"(val text, type_ regtype) RETURNS jsonb
    LANGUAGE plpgsql IMMUTABLE
    AS $$
    declare
      res jsonb;
    begin
      execute format('select to_jsonb(%L::'|| type_::text || ')', val)  into res;
      return res;
    end
    $$;


ALTER FUNCTION realtime."cast"(val text, type_ regtype) OWNER TO supabase_admin;

--
-- Name: check_equality_op(realtime.equality_op, regtype, text, text); Type: FUNCTION; Schema: realtime; Owner: supabase_admin
--

CREATE FUNCTION realtime.check_equality_op(op realtime.equality_op, type_ regtype, val_1 text, val_2 text) RETURNS boolean
    LANGUAGE plpgsql IMMUTABLE
    AS $$
      /*
      Casts *val_1* and *val_2* as type *type_* and check the *op* condition for truthiness
      */
      declare
          op_symbol text = (
              case
                  when op = 'eq' then '='
                  when op = 'neq' then '!='
                  when op = 'lt' then '<'
                  when op = 'lte' then '<='
                  when op = 'gt' then '>'
                  when op = 'gte' then '>='
                  when op = 'in' then '= any'
                  else 'UNKNOWN OP'
              end
          );
          res boolean;
      begin
          execute format(
              'select %L::'|| type_::text || ' ' || op_symbol
              || ' ( %L::'
              || (
                  case
                      when op = 'in' then type_::text || '[]'
                      else type_::text end
              )
              || ')', val_1, val_2) into res;
          return res;
      end;
      $$;


ALTER FUNCTION realtime.check_equality_op(op realtime.equality_op, type_ regtype, val_1 text, val_2 text) OWNER TO supabase_admin;

--
-- Name: is_visible_through_filters(realtime.wal_column[], realtime.user_defined_filter[]); Type: FUNCTION; Schema: realtime; Owner: supabase_admin
--

CREATE FUNCTION realtime.is_visible_through_filters(columns realtime.wal_column[], filters realtime.user_defined_filter[]) RETURNS boolean
    LANGUAGE sql IMMUTABLE
    AS $_$
    /*
    Should the record be visible (true) or filtered out (false) after *filters* are applied
    */
        select
            -- Default to allowed when no filters present
            $2 is null -- no filters. this should not happen because subscriptions has a default
            or array_length($2, 1) is null -- array length of an empty array is null
            or bool_and(
                coalesce(
                    realtime.check_equality_op(
                        op:=f.op,
                        type_:=coalesce(
                            col.type_oid::regtype, -- null when wal2json version <= 2.4
                            col.type_name::regtype
                        ),
                        -- cast jsonb to text
                        val_1:=col.value #>> '{}',
                        val_2:=f.value
                    ),
                    false -- if null, filter does not match
                )
            )
        from
            unnest(filters) f
            join unnest(columns) col
                on f.column_name = col.name;
    $_$;


ALTER FUNCTION realtime.is_visible_through_filters(columns realtime.wal_column[], filters realtime.user_defined_filter[]) OWNER TO supabase_admin;

--
-- Name: list_changes(name, name, integer, integer); Type: FUNCTION; Schema: realtime; Owner: supabase_admin
--

CREATE FUNCTION realtime.list_changes(publication name, slot_name name, max_changes integer, max_record_bytes integer) RETURNS SETOF realtime.wal_rls
    LANGUAGE sql
    SET log_min_messages TO 'fatal'
    AS $$
      with pub as (
        select
          concat_ws(
            ',',
            case when bool_or(pubinsert) then 'insert' else null end,
            case when bool_or(pubupdate) then 'update' else null end,
            case when bool_or(pubdelete) then 'delete' else null end
          ) as w2j_actions,
          coalesce(
            string_agg(
              realtime.quote_wal2json(format('%I.%I', schemaname, tablename)::regclass),
              ','
            ) filter (where ppt.tablename is not null and ppt.tablename not like '% %'),
            ''
          ) w2j_add_tables
        from
          pg_publication pp
          left join pg_publication_tables ppt
            on pp.pubname = ppt.pubname
        where
          pp.pubname = publication
        group by
          pp.pubname
        limit 1
      ),
      w2j as (
        select
          x.*, pub.w2j_add_tables
        from
          pub,
          pg_logical_slot_get_changes(
            slot_name, null, max_changes,
            'include-pk', 'true',
            'include-transaction', 'false',
            'include-timestamp', 'true',
            'include-type-oids', 'true',
            'format-version', '2',
            'actions', pub.w2j_actions,
            'add-tables', pub.w2j_add_tables
          ) x
      )
      select
        xyz.wal,
        xyz.is_rls_enabled,
        xyz.subscription_ids,
        xyz.errors
      from
        w2j,
        realtime.apply_rls(
          wal := w2j.data::jsonb,
          max_record_bytes := max_record_bytes
        ) xyz(wal, is_rls_enabled, subscription_ids, errors)
      where
        w2j.w2j_add_tables <> ''
        and xyz.subscription_ids[1] is not null
    $$;


ALTER FUNCTION realtime.list_changes(publication name, slot_name name, max_changes integer, max_record_bytes integer) OWNER TO supabase_admin;

--
-- Name: quote_wal2json(regclass); Type: FUNCTION; Schema: realtime; Owner: supabase_admin
--

CREATE FUNCTION realtime.quote_wal2json(entity regclass) RETURNS text
    LANGUAGE sql IMMUTABLE STRICT
    AS $$
      select
        (
          select string_agg('' || ch,'')
          from unnest(string_to_array(nsp.nspname::text, null)) with ordinality x(ch, idx)
          where
            not (x.idx = 1 and x.ch = '"')
            and not (
              x.idx = array_length(string_to_array(nsp.nspname::text, null), 1)
              and x.ch = '"'
            )
        )
        || '.'
        || (
          select string_agg('' || ch,'')
          from unnest(string_to_array(pc.relname::text, null)) with ordinality x(ch, idx)
          where
            not (x.idx = 1 and x.ch = '"')
            and not (
              x.idx = array_length(string_to_array(nsp.nspname::text, null), 1)
              and x.ch = '"'
            )
          )
      from
        pg_class pc
        join pg_namespace nsp
          on pc.relnamespace = nsp.oid
      where
        pc.oid = entity
    $$;


ALTER FUNCTION realtime.quote_wal2json(entity regclass) OWNER TO supabase_admin;

--
-- Name: send(jsonb, text, text, boolean); Type: FUNCTION; Schema: realtime; Owner: supabase_admin
--

CREATE FUNCTION realtime.send(payload jsonb, event text, topic text, private boolean DEFAULT true) RETURNS void
    LANGUAGE plpgsql
    AS $$
BEGIN
  BEGIN
    -- Set the topic configuration
    EXECUTE format('SET LOCAL realtime.topic TO %L', topic);

    -- Attempt to insert the message
    INSERT INTO realtime.messages (payload, event, topic, private, extension)
    VALUES (payload, event, topic, private, 'broadcast');
  EXCEPTION
    WHEN OTHERS THEN
      -- Capture and notify the error
      RAISE WARNING 'ErrorSendingBroadcastMessage: %', SQLERRM;
  END;
END;
$$;


ALTER FUNCTION realtime.send(payload jsonb, event text, topic text, private boolean) OWNER TO supabase_admin;

--
-- Name: subscription_check_filters(); Type: FUNCTION; Schema: realtime; Owner: supabase_admin
--

CREATE FUNCTION realtime.subscription_check_filters() RETURNS trigger
    LANGUAGE plpgsql
    AS $$
    /*
    Validates that the user defined filters for a subscription:
    - refer to valid columns that the claimed role may access
    - values are coercable to the correct column type
    */
    declare
        col_names text[] = coalesce(
                array_agg(c.column_name order by c.ordinal_position),
                '{}'::text[]
            )
            from
                information_schema.columns c
            where
                format('%I.%I', c.table_schema, c.table_name)::regclass = new.entity
                and pg_catalog.has_column_privilege(
                    (new.claims ->> 'role'),
                    format('%I.%I', c.table_schema, c.table_name)::regclass,
                    c.column_name,
                    'SELECT'
                );
        filter realtime.user_defined_filter;
        col_type regtype;

        in_val jsonb;
    begin
        for filter in select * from unnest(new.filters) loop
            -- Filtered column is valid
            if not filter.column_name = any(col_names) then
                raise exception 'invalid column for filter %', filter.column_name;
            end if;

            -- Type is sanitized and safe for string interpolation
            col_type = (
                select atttypid::regtype
                from pg_catalog.pg_attribute
                where attrelid = new.entity
                      and attname = filter.column_name
            );
            if col_type is null then
                raise exception 'failed to lookup type for column %', filter.column_name;
            end if;

            -- Set maximum number of entries for in filter
            if filter.op = 'in'::realtime.equality_op then
                in_val = realtime.cast(filter.value, (col_type::text || '[]')::regtype);
                if coalesce(jsonb_array_length(in_val), 0) > 100 then
                    raise exception 'too many values for `in` filter. Maximum 100';
                end if;
            else
                -- raises an exception if value is not coercable to type
                perform realtime.cast(filter.value, col_type);
            end if;

        end loop;

        -- Apply consistent order to filters so the unique constraint on
        -- (subscription_id, entity, filters) can't be tricked by a different filter order
        new.filters = coalesce(
            array_agg(f order by f.column_name, f.op, f.value),
            '{}'
        ) from unnest(new.filters) f;

        return new;
    end;
    $$;


ALTER FUNCTION realtime.subscription_check_filters() OWNER TO supabase_admin;

--
-- Name: to_regrole(text); Type: FUNCTION; Schema: realtime; Owner: supabase_admin
--

CREATE FUNCTION realtime.to_regrole(role_name text) RETURNS regrole
    LANGUAGE sql IMMUTABLE
    AS $$ select role_name::regrole $$;


ALTER FUNCTION realtime.to_regrole(role_name text) OWNER TO supabase_admin;

--
-- Name: topic(); Type: FUNCTION; Schema: realtime; Owner: supabase_realtime_admin
--

CREATE FUNCTION realtime.topic() RETURNS text
    LANGUAGE sql STABLE
    AS $$
select nullif(current_setting('realtime.topic', true), '')::text;
$$;


ALTER FUNCTION realtime.topic() OWNER TO supabase_realtime_admin;

--
-- Name: can_insert_object(text, text, uuid, jsonb); Type: FUNCTION; Schema: storage; Owner: supabase_storage_admin
--

CREATE FUNCTION storage.can_insert_object(bucketid text, name text, owner uuid, metadata jsonb) RETURNS void
    LANGUAGE plpgsql
    AS $$
BEGIN
  INSERT INTO "storage"."objects" ("bucket_id", "name", "owner", "metadata") VALUES (bucketid, name, owner, metadata);
  -- hack to rollback the successful insert
  RAISE sqlstate 'PT200' using
  message = 'ROLLBACK',
  detail = 'rollback successful insert';
END
$$;


ALTER FUNCTION storage.can_insert_object(bucketid text, name text, owner uuid, metadata jsonb) OWNER TO supabase_storage_admin;

--
-- Name: extension(text); Type: FUNCTION; Schema: storage; Owner: supabase_storage_admin
--

CREATE FUNCTION storage.extension(name text) RETURNS text
    LANGUAGE plpgsql
    AS $$
DECLARE
_parts text[];
_filename text;
BEGIN
	select string_to_array(name, '/') into _parts;
	select _parts[array_length(_parts,1)] into _filename;
	-- @todo return the last part instead of 2
	return reverse(split_part(reverse(_filename), '.', 1));
END
$$;


ALTER FUNCTION storage.extension(name text) OWNER TO supabase_storage_admin;

--
-- Name: filename(text); Type: FUNCTION; Schema: storage; Owner: supabase_storage_admin
--

CREATE FUNCTION storage.filename(name text) RETURNS text
    LANGUAGE plpgsql
    AS $$
DECLARE
_parts text[];
BEGIN
	select string_to_array(name, '/') into _parts;
	return _parts[array_length(_parts,1)];
END
$$;


ALTER FUNCTION storage.filename(name text) OWNER TO supabase_storage_admin;

--
-- Name: foldername(text); Type: FUNCTION; Schema: storage; Owner: supabase_storage_admin
--

CREATE FUNCTION storage.foldername(name text) RETURNS text[]
    LANGUAGE plpgsql
    AS $$
DECLARE
_parts text[];
BEGIN
	select string_to_array(name, '/') into _parts;
	return _parts[1:array_length(_parts,1)-1];
END
$$;


ALTER FUNCTION storage.foldername(name text) OWNER TO supabase_storage_admin;

--
-- Name: get_size_by_bucket(); Type: FUNCTION; Schema: storage; Owner: supabase_storage_admin
--

CREATE FUNCTION storage.get_size_by_bucket() RETURNS TABLE(size bigint, bucket_id text)
    LANGUAGE plpgsql
    AS $$
BEGIN
    return query
        select sum((metadata->>'size')::int) as size, obj.bucket_id
        from "storage".objects as obj
        group by obj.bucket_id;
END
$$;


ALTER FUNCTION storage.get_size_by_bucket() OWNER TO supabase_storage_admin;

--
-- Name: list_multipart_uploads_with_delimiter(text, text, text, integer, text, text); Type: FUNCTION; Schema: storage; Owner: supabase_storage_admin
--

CREATE FUNCTION storage.list_multipart_uploads_with_delimiter(bucket_id text, prefix_param text, delimiter_param text, max_keys integer DEFAULT 100, next_key_token text DEFAULT ''::text, next_upload_token text DEFAULT ''::text) RETURNS TABLE(key text, id text, created_at timestamp with time zone)
    LANGUAGE plpgsql
    AS $_$
BEGIN
    RETURN QUERY EXECUTE
        'SELECT DISTINCT ON(key COLLATE "C") * from (
            SELECT
                CASE
                    WHEN position($2 IN substring(key from length($1) + 1)) > 0 THEN
                        substring(key from 1 for length($1) + position($2 IN substring(key from length($1) + 1)))
                    ELSE
                        key
                END AS key, id, created_at
            FROM
                storage.s3_multipart_uploads
            WHERE
                bucket_id = $5 AND
                key ILIKE $1 || ''%'' AND
                CASE
                    WHEN $4 != '''' AND $6 = '''' THEN
                        CASE
                            WHEN position($2 IN substring(key from length($1) + 1)) > 0 THEN
                                substring(key from 1 for length($1) + position($2 IN substring(key from length($1) + 1))) COLLATE "C" > $4
                            ELSE
                                key COLLATE "C" > $4
                            END
                    ELSE
                        true
                END AND
                CASE
                    WHEN $6 != '''' THEN
                        id COLLATE "C" > $6
                    ELSE
                        true
                    END
            ORDER BY
                key COLLATE "C" ASC, created_at ASC) as e order by key COLLATE "C" LIMIT $3'
        USING prefix_param, delimiter_param, max_keys, next_key_token, bucket_id, next_upload_token;
END;
$_$;


ALTER FUNCTION storage.list_multipart_uploads_with_delimiter(bucket_id text, prefix_param text, delimiter_param text, max_keys integer, next_key_token text, next_upload_token text) OWNER TO supabase_storage_admin;

--
-- Name: list_objects_with_delimiter(text, text, text, integer, text, text); Type: FUNCTION; Schema: storage; Owner: supabase_storage_admin
--

CREATE FUNCTION storage.list_objects_with_delimiter(bucket_id text, prefix_param text, delimiter_param text, max_keys integer DEFAULT 100, start_after text DEFAULT ''::text, next_token text DEFAULT ''::text) RETURNS TABLE(name text, id uuid, metadata jsonb, updated_at timestamp with time zone)
    LANGUAGE plpgsql
    AS $_$
BEGIN
    RETURN QUERY EXECUTE
        'SELECT DISTINCT ON(name COLLATE "C") * from (
            SELECT
                CASE
                    WHEN position($2 IN substring(name from length($1) + 1)) > 0 THEN
                        substring(name from 1 for length($1) + position($2 IN substring(name from length($1) + 1)))
                    ELSE
                        name
                END AS name, id, metadata, updated_at
            FROM
                storage.objects
            WHERE
                bucket_id = $5 AND
                name ILIKE $1 || ''%'' AND
                CASE
                    WHEN $6 != '''' THEN
                    name COLLATE "C" > $6
                ELSE true END
                AND CASE
                    WHEN $4 != '''' THEN
                        CASE
                            WHEN position($2 IN substring(name from length($1) + 1)) > 0 THEN
                                substring(name from 1 for length($1) + position($2 IN substring(name from length($1) + 1))) COLLATE "C" > $4
                            ELSE
                                name COLLATE "C" > $4
                            END
                    ELSE
                        true
                END
            ORDER BY
                name COLLATE "C" ASC) as e order by name COLLATE "C" LIMIT $3'
        USING prefix_param, delimiter_param, max_keys, next_token, bucket_id, start_after;
END;
$_$;


ALTER FUNCTION storage.list_objects_with_delimiter(bucket_id text, prefix_param text, delimiter_param text, max_keys integer, start_after text, next_token text) OWNER TO supabase_storage_admin;

--
-- Name: operation(); Type: FUNCTION; Schema: storage; Owner: supabase_storage_admin
--

CREATE FUNCTION storage.operation() RETURNS text
    LANGUAGE plpgsql STABLE
    AS $$
BEGIN
    RETURN current_setting('storage.operation', true);
END;
$$;


ALTER FUNCTION storage.operation() OWNER TO supabase_storage_admin;

--
-- Name: search(text, text, integer, integer, integer, text, text, text); Type: FUNCTION; Schema: storage; Owner: supabase_storage_admin
--

CREATE FUNCTION storage.search(prefix text, bucketname text, limits integer DEFAULT 100, levels integer DEFAULT 1, offsets integer DEFAULT 0, search text DEFAULT ''::text, sortcolumn text DEFAULT 'name'::text, sortorder text DEFAULT 'asc'::text) RETURNS TABLE(name text, id uuid, updated_at timestamp with time zone, created_at timestamp with time zone, last_accessed_at timestamp with time zone, metadata jsonb)
    LANGUAGE plpgsql STABLE
    AS $_$
declare
  v_order_by text;
  v_sort_order text;
begin
  case
    when sortcolumn = 'name' then
      v_order_by = 'name';
    when sortcolumn = 'updated_at' then
      v_order_by = 'updated_at';
    when sortcolumn = 'created_at' then
      v_order_by = 'created_at';
    when sortcolumn = 'last_accessed_at' then
      v_order_by = 'last_accessed_at';
    else
      v_order_by = 'name';
  end case;

  case
    when sortorder = 'asc' then
      v_sort_order = 'asc';
    when sortorder = 'desc' then
      v_sort_order = 'desc';
    else
      v_sort_order = 'asc';
  end case;

  v_order_by = v_order_by || ' ' || v_sort_order;

  return query execute
    'with folders as (
       select path_tokens[$1] as folder
       from storage.objects
         where objects.name ilike $2 || $3 || ''%''
           and bucket_id = $4
           and array_length(objects.path_tokens, 1) <> $1
       group by folder
       order by folder ' || v_sort_order || '
     )
     (select folder as "name",
            null as id,
            null as updated_at,
            null as created_at,
            null as last_accessed_at,
            null as metadata from folders)
     union all
     (select path_tokens[$1] as "name",
            id,
            updated_at,
            created_at,
            last_accessed_at,
            metadata
     from storage.objects
     where objects.name ilike $2 || $3 || ''%''
       and bucket_id = $4
       and array_length(objects.path_tokens, 1) = $1
     order by ' || v_order_by || ')
     limit $5
     offset $6' using levels, prefix, search, bucketname, limits, offsets;
end;
$_$;


ALTER FUNCTION storage.search(prefix text, bucketname text, limits integer, levels integer, offsets integer, search text, sortcolumn text, sortorder text) OWNER TO supabase_storage_admin;

--
-- Name: update_updated_at_column(); Type: FUNCTION; Schema: storage; Owner: supabase_storage_admin
--

CREATE FUNCTION storage.update_updated_at_column() RETURNS trigger
    LANGUAGE plpgsql
    AS $$
BEGIN
    NEW.updated_at = now();
    RETURN NEW; 
END;
$$;


ALTER FUNCTION storage.update_updated_at_column() OWNER TO supabase_storage_admin;

--
-- Name: audit_log_entries; Type: TABLE; Schema: auth; Owner: supabase_auth_admin
--

CREATE TABLE auth.audit_log_entries (
    instance_id uuid,
    id uuid NOT NULL,
    payload json,
    created_at timestamp with time zone,
    ip_address character varying(64) DEFAULT ''::character varying NOT NULL
);


ALTER TABLE auth.audit_log_entries OWNER TO supabase_auth_admin;

--
-- Name: TABLE audit_log_entries; Type: COMMENT; Schema: auth; Owner: supabase_auth_admin
--

COMMENT ON TABLE auth.audit_log_entries IS 'Auth: Audit trail for user actions.';


--
-- Name: flow_state; Type: TABLE; Schema: auth; Owner: supabase_auth_admin
--

CREATE TABLE auth.flow_state (
    id uuid NOT NULL,
    user_id uuid,
    auth_code text NOT NULL,
    code_challenge_method auth.code_challenge_method NOT NULL,
    code_challenge text NOT NULL,
    provider_type text NOT NULL,
    provider_access_token text,
    provider_refresh_token text,
    created_at timestamp with time zone,
    updated_at timestamp with time zone,
    authentication_method text NOT NULL,
    auth_code_issued_at timestamp with time zone
);


ALTER TABLE auth.flow_state OWNER TO supabase_auth_admin;

--
-- Name: TABLE flow_state; Type: COMMENT; Schema: auth; Owner: supabase_auth_admin
--

COMMENT ON TABLE auth.flow_state IS 'stores metadata for pkce logins';


--
-- Name: identities; Type: TABLE; Schema: auth; Owner: supabase_auth_admin
--

CREATE TABLE auth.identities (
    provider_id text NOT NULL,
    user_id uuid NOT NULL,
    identity_data jsonb NOT NULL,
    provider text NOT NULL,
    last_sign_in_at timestamp with time zone,
    created_at timestamp with time zone,
    updated_at timestamp with time zone,
    email text GENERATED ALWAYS AS (lower((identity_data ->> 'email'::text))) STORED,
    id uuid DEFAULT gen_random_uuid() NOT NULL
);


ALTER TABLE auth.identities OWNER TO supabase_auth_admin;

--
-- Name: TABLE identities; Type: COMMENT; Schema: auth; Owner: supabase_auth_admin
--

COMMENT ON TABLE auth.identities IS 'Auth: Stores identities associated to a user.';


--
-- Name: COLUMN identities.email; Type: COMMENT; Schema: auth; Owner: supabase_auth_admin
--

COMMENT ON COLUMN auth.identities.email IS 'Auth: Email is a generated column that references the optional email property in the identity_data';


--
-- Name: instances; Type: TABLE; Schema: auth; Owner: supabase_auth_admin
--

CREATE TABLE auth.instances (
    id uuid NOT NULL,
    uuid uuid,
    raw_base_config text,
    created_at timestamp with time zone,
    updated_at timestamp with time zone
);


ALTER TABLE auth.instances OWNER TO supabase_auth_admin;

--
-- Name: TABLE instances; Type: COMMENT; Schema: auth; Owner: supabase_auth_admin
--

COMMENT ON TABLE auth.instances IS 'Auth: Manages users across multiple sites.';


--
-- Name: mfa_amr_claims; Type: TABLE; Schema: auth; Owner: supabase_auth_admin
--

CREATE TABLE auth.mfa_amr_claims (
    session_id uuid NOT NULL,
    created_at timestamp with time zone NOT NULL,
    updated_at timestamp with time zone NOT NULL,
    authentication_method text NOT NULL,
    id uuid NOT NULL
);


ALTER TABLE auth.mfa_amr_claims OWNER TO supabase_auth_admin;

--
-- Name: TABLE mfa_amr_claims; Type: COMMENT; Schema: auth; Owner: supabase_auth_admin
--

COMMENT ON TABLE auth.mfa_amr_claims IS 'auth: stores authenticator method reference claims for multi factor authentication';


--
-- Name: mfa_challenges; Type: TABLE; Schema: auth; Owner: supabase_auth_admin
--

CREATE TABLE auth.mfa_challenges (
    id uuid NOT NULL,
    factor_id uuid NOT NULL,
    created_at timestamp with time zone NOT NULL,
    verified_at timestamp with time zone,
    ip_address inet NOT NULL,
    otp_code text,
    web_authn_session_data jsonb
);


ALTER TABLE auth.mfa_challenges OWNER TO supabase_auth_admin;

--
-- Name: TABLE mfa_challenges; Type: COMMENT; Schema: auth; Owner: supabase_auth_admin
--

COMMENT ON TABLE auth.mfa_challenges IS 'auth: stores metadata about challenge requests made';


--
-- Name: mfa_factors; Type: TABLE; Schema: auth; Owner: supabase_auth_admin
--

CREATE TABLE auth.mfa_factors (
    id uuid NOT NULL,
    user_id uuid NOT NULL,
    friendly_name text,
    factor_type auth.factor_type NOT NULL,
    status auth.factor_status NOT NULL,
    created_at timestamp with time zone NOT NULL,
    updated_at timestamp with time zone NOT NULL,
    secret text,
    phone text,
    last_challenged_at timestamp with time zone,
    web_authn_credential jsonb,
    web_authn_aaguid uuid
);


ALTER TABLE auth.mfa_factors OWNER TO supabase_auth_admin;

--
-- Name: TABLE mfa_factors; Type: COMMENT; Schema: auth; Owner: supabase_auth_admin
--

COMMENT ON TABLE auth.mfa_factors IS 'auth: stores metadata about factors';


--
-- Name: oauth_clients; Type: TABLE; Schema: auth; Owner: supabase_auth_admin
--

CREATE TABLE auth.oauth_clients (
    id uuid NOT NULL,
    client_id text NOT NULL,
    client_secret_hash text NOT NULL,
    registration_type auth.oauth_registration_type NOT NULL,
    redirect_uris text NOT NULL,
    grant_types text NOT NULL,
    client_name text,
    client_uri text,
    logo_uri text,
    created_at timestamp with time zone DEFAULT now() NOT NULL,
    updated_at timestamp with time zone DEFAULT now() NOT NULL,
    deleted_at timestamp with time zone,
    CONSTRAINT oauth_clients_client_name_length CHECK ((char_length(client_name) <= 1024)),
    CONSTRAINT oauth_clients_client_uri_length CHECK ((char_length(client_uri) <= 2048)),
    CONSTRAINT oauth_clients_logo_uri_length CHECK ((char_length(logo_uri) <= 2048))
);


ALTER TABLE auth.oauth_clients OWNER TO supabase_auth_admin;

--
-- Name: one_time_tokens; Type: TABLE; Schema: auth; Owner: supabase_auth_admin
--

CREATE TABLE auth.one_time_tokens (
    id uuid NOT NULL,
    user_id uuid NOT NULL,
    token_type auth.one_time_token_type NOT NULL,
    token_hash text NOT NULL,
    relates_to text NOT NULL,
    created_at timestamp without time zone DEFAULT now() NOT NULL,
    updated_at timestamp without time zone DEFAULT now() NOT NULL,
    CONSTRAINT one_time_tokens_token_hash_check CHECK ((char_length(token_hash) > 0))
);


ALTER TABLE auth.one_time_tokens OWNER TO supabase_auth_admin;

--
-- Name: refresh_tokens; Type: TABLE; Schema: auth; Owner: supabase_auth_admin
--

CREATE TABLE auth.refresh_tokens (
    instance_id uuid,
    id bigint NOT NULL,
    token character varying(255),
    user_id character varying(255),
    revoked boolean,
    created_at timestamp with time zone,
    updated_at timestamp with time zone,
    parent character varying(255),
    session_id uuid
);


ALTER TABLE auth.refresh_tokens OWNER TO supabase_auth_admin;

--
-- Name: TABLE refresh_tokens; Type: COMMENT; Schema: auth; Owner: supabase_auth_admin
--

COMMENT ON TABLE auth.refresh_tokens IS 'Auth: Store of tokens used to refresh JWT tokens once they expire.';


--
-- Name: refresh_tokens_id_seq; Type: SEQUENCE; Schema: auth; Owner: supabase_auth_admin
--

CREATE SEQUENCE auth.refresh_tokens_id_seq
    START WITH 1
    INCREMENT BY 1
    NO MINVALUE
    NO MAXVALUE
    CACHE 1;


ALTER TABLE auth.refresh_tokens_id_seq OWNER TO supabase_auth_admin;

--
-- Name: refresh_tokens_id_seq; Type: SEQUENCE OWNED BY; Schema: auth; Owner: supabase_auth_admin
--

ALTER SEQUENCE auth.refresh_tokens_id_seq OWNED BY auth.refresh_tokens.id;


--
-- Name: saml_providers; Type: TABLE; Schema: auth; Owner: supabase_auth_admin
--

CREATE TABLE auth.saml_providers (
    id uuid NOT NULL,
    sso_provider_id uuid NOT NULL,
    entity_id text NOT NULL,
    metadata_xml text NOT NULL,
    metadata_url text,
    attribute_mapping jsonb,
    created_at timestamp with time zone,
    updated_at timestamp with time zone,
    name_id_format text,
    CONSTRAINT "entity_id not empty" CHECK ((char_length(entity_id) > 0)),
    CONSTRAINT "metadata_url not empty" CHECK (((metadata_url = NULL::text) OR (char_length(metadata_url) > 0))),
    CONSTRAINT "metadata_xml not empty" CHECK ((char_length(metadata_xml) > 0))
);


ALTER TABLE auth.saml_providers OWNER TO supabase_auth_admin;

--
-- Name: TABLE saml_providers; Type: COMMENT; Schema: auth; Owner: supabase_auth_admin
--

COMMENT ON TABLE auth.saml_providers IS 'Auth: Manages SAML Identity Provider connections.';


--
-- Name: saml_relay_states; Type: TABLE; Schema: auth; Owner: supabase_auth_admin
--

CREATE TABLE auth.saml_relay_states (
    id uuid NOT NULL,
    sso_provider_id uuid NOT NULL,
    request_id text NOT NULL,
    for_email text,
    redirect_to text,
    created_at timestamp with time zone,
    updated_at timestamp with time zone,
    flow_state_id uuid,
    CONSTRAINT "request_id not empty" CHECK ((char_length(request_id) > 0))
);


ALTER TABLE auth.saml_relay_states OWNER TO supabase_auth_admin;

--
-- Name: TABLE saml_relay_states; Type: COMMENT; Schema: auth; Owner: supabase_auth_admin
--

COMMENT ON TABLE auth.saml_relay_states IS 'Auth: Contains SAML Relay State information for each Service Provider initiated login.';


--
-- Name: schema_migrations; Type: TABLE; Schema: auth; Owner: supabase_auth_admin
--

CREATE TABLE auth.schema_migrations (
    version character varying(255) NOT NULL
);


ALTER TABLE auth.schema_migrations OWNER TO supabase_auth_admin;

--
-- Name: TABLE schema_migrations; Type: COMMENT; Schema: auth; Owner: supabase_auth_admin
--

COMMENT ON TABLE auth.schema_migrations IS 'Auth: Manages updates to the auth system.';


--
-- Name: sessions; Type: TABLE; Schema: auth; Owner: supabase_auth_admin
--

CREATE TABLE auth.sessions (
    id uuid NOT NULL,
    user_id uuid NOT NULL,
    created_at timestamp with time zone,
    updated_at timestamp with time zone,
    factor_id uuid,
    aal auth.aal_level,
    not_after timestamp with time zone,
    refreshed_at timestamp without time zone,
    user_agent text,
    ip inet,
    tag text
);


ALTER TABLE auth.sessions OWNER TO supabase_auth_admin;

--
-- Name: TABLE sessions; Type: COMMENT; Schema: auth; Owner: supabase_auth_admin
--

COMMENT ON TABLE auth.sessions IS 'Auth: Stores session data associated to a user.';


--
-- Name: COLUMN sessions.not_after; Type: COMMENT; Schema: auth; Owner: supabase_auth_admin
--

COMMENT ON COLUMN auth.sessions.not_after IS 'Auth: Not after is a nullable column that contains a timestamp after which the session should be regarded as expired.';


--
-- Name: sso_domains; Type: TABLE; Schema: auth; Owner: supabase_auth_admin
--

CREATE TABLE auth.sso_domains (
    id uuid NOT NULL,
    sso_provider_id uuid NOT NULL,
    domain text NOT NULL,
    created_at timestamp with time zone,
    updated_at timestamp with time zone,
    CONSTRAINT "domain not empty" CHECK ((char_length(domain) > 0))
);


ALTER TABLE auth.sso_domains OWNER TO supabase_auth_admin;

--
-- Name: TABLE sso_domains; Type: COMMENT; Schema: auth; Owner: supabase_auth_admin
--

COMMENT ON TABLE auth.sso_domains IS 'Auth: Manages SSO email address domain mapping to an SSO Identity Provider.';


--
-- Name: sso_providers; Type: TABLE; Schema: auth; Owner: supabase_auth_admin
--

CREATE TABLE auth.sso_providers (
    id uuid NOT NULL,
    resource_id text,
    created_at timestamp with time zone,
    updated_at timestamp with time zone,
    disabled boolean,
    CONSTRAINT "resource_id not empty" CHECK (((resource_id = NULL::text) OR (char_length(resource_id) > 0)))
);


ALTER TABLE auth.sso_providers OWNER TO supabase_auth_admin;

--
-- Name: TABLE sso_providers; Type: COMMENT; Schema: auth; Owner: supabase_auth_admin
--

COMMENT ON TABLE auth.sso_providers IS 'Auth: Manages SSO identity provider information; see saml_providers for SAML.';


--
-- Name: COLUMN sso_providers.resource_id; Type: COMMENT; Schema: auth; Owner: supabase_auth_admin
--

COMMENT ON COLUMN auth.sso_providers.resource_id IS 'Auth: Uniquely identifies a SSO provider according to a user-chosen resource ID (case insensitive), useful in infrastructure as code.';


--
-- Name: users; Type: TABLE; Schema: auth; Owner: supabase_auth_admin
--

CREATE TABLE auth.users (
    instance_id uuid,
    id uuid NOT NULL,
    aud character varying(255),
    role character varying(255),
    email character varying(255),
    encrypted_password character varying(255),
    email_confirmed_at timestamp with time zone,
    invited_at timestamp with time zone,
    confirmation_token character varying(255),
    confirmation_sent_at timestamp with time zone,
    recovery_token character varying(255),
    recovery_sent_at timestamp with time zone,
    email_change_token_new character varying(255),
    email_change character varying(255),
    email_change_sent_at timestamp with time zone,
    last_sign_in_at timestamp with time zone,
    raw_app_meta_data jsonb,
    raw_user_meta_data jsonb,
    is_super_admin boolean,
    created_at timestamp with time zone,
    updated_at timestamp with time zone,
    phone text DEFAULT NULL::character varying,
    phone_confirmed_at timestamp with time zone,
    phone_change text DEFAULT ''::character varying,
    phone_change_token character varying(255) DEFAULT ''::character varying,
    phone_change_sent_at timestamp with time zone,
    confirmed_at timestamp with time zone GENERATED ALWAYS AS (LEAST(email_confirmed_at, phone_confirmed_at)) STORED,
    email_change_token_current character varying(255) DEFAULT ''::character varying,
    email_change_confirm_status smallint DEFAULT 0,
    banned_until timestamp with time zone,
    reauthentication_token character varying(255) DEFAULT ''::character varying,
    reauthentication_sent_at timestamp with time zone,
    is_sso_user boolean DEFAULT false NOT NULL,
    deleted_at timestamp with time zone,
    is_anonymous boolean DEFAULT false NOT NULL,
    CONSTRAINT users_email_change_confirm_status_check CHECK (((email_change_confirm_status >= 0) AND (email_change_confirm_status <= 2)))
);


ALTER TABLE auth.users OWNER TO supabase_auth_admin;

--
-- Name: TABLE users; Type: COMMENT; Schema: auth; Owner: supabase_auth_admin
--

COMMENT ON TABLE auth.users IS 'Auth: Stores user login data within a secure schema.';


--
-- Name: COLUMN users.is_sso_user; Type: COMMENT; Schema: auth; Owner: supabase_auth_admin
--

COMMENT ON COLUMN auth.users.is_sso_user IS 'Auth: Set this column to true when the account comes from SSO. These accounts can have duplicate emails.';


--
-- Name: activity; Type: TABLE; Schema: public; Owner: postgres
--

CREATE TABLE public.activity (
    id integer NOT NULL,
    title character varying(50) NOT NULL,
    level public.level_type,
    short_description character varying(100) NOT NULL,
    about character varying(500) NOT NULL,
    ideal_for character varying(250) NOT NULL,
    main_benefit character varying(250) NOT NULL,
    additional_info character varying(250),
    roomid integer,
    schedule text NOT NULL,
    image text,
    type public.activity_type DEFAULT 'Activity'::public.activity_type
);


ALTER TABLE public.activity OWNER TO postgres;

--
-- Name: activity_base; Type: TABLE; Schema: public; Owner: postgres
--

CREATE TABLE public.activity_base (
    id integer NOT NULL,
    roomid integer,
    schedule text,
    image text,
    type text,
    teacher_id integer DEFAULT 1 NOT NULL
);


ALTER TABLE public.activity_base OWNER TO postgres;

--
-- Name: activity_id_seq; Type: SEQUENCE; Schema: public; Owner: postgres
--

CREATE SEQUENCE public.activity_id_seq
    AS integer
    START WITH 1
    INCREMENT BY 1
    NO MINVALUE
    NO MAXVALUE
    CACHE 1;


ALTER TABLE public.activity_id_seq OWNER TO postgres;

--
-- Name: activity_id_seq; Type: SEQUENCE OWNED BY; Schema: public; Owner: postgres
--

ALTER SEQUENCE public.activity_id_seq OWNED BY public.activity.id;


--
-- Name: activity_id_seq1; Type: SEQUENCE; Schema: public; Owner: postgres
--

CREATE SEQUENCE public.activity_id_seq1
    AS integer
    START WITH 1
    INCREMENT BY 1
    NO MINVALUE
    NO MAXVALUE
    CACHE 1;


ALTER TABLE public.activity_id_seq1 OWNER TO postgres;

--
-- Name: activity_id_seq1; Type: SEQUENCE OWNED BY; Schema: public; Owner: postgres
--

ALTER SEQUENCE public.activity_id_seq1 OWNED BY public.activity_base.id;


--
-- Name: activity_translations; Type: TABLE; Schema: public; Owner: postgres
--

CREATE TABLE public.activity_translations (
    id integer NOT NULL,
    activity_id integer,
    language_code character varying(5),
    title text,
    level text,
    short_description text,
    about text,
    ideal_for text,
    main_benefit text,
    additional_info text,
    schedule text
);


ALTER TABLE public.activity_translations OWNER TO postgres;

--
-- Name: activity_translations_id_seq; Type: SEQUENCE; Schema: public; Owner: postgres
--

CREATE SEQUENCE public.activity_translations_id_seq
    AS integer
    START WITH 1
    INCREMENT BY 1
    NO MINVALUE
    NO MAXVALUE
    CACHE 1;


ALTER TABLE public.activity_translations_id_seq OWNER TO postgres;

--
-- Name: activity_translations_id_seq; Type: SEQUENCE OWNED BY; Schema: public; Owner: postgres
--

ALTER SEQUENCE public.activity_translations_id_seq OWNED BY public.activity_translations.id;


--
-- Name: areas; Type: TABLE; Schema: public; Owner: postgres
--

CREATE TABLE public.areas (
    id bigint NOT NULL,
    title character varying NOT NULL,
    image text
);


ALTER TABLE public.areas OWNER TO postgres;

--
-- Name: areas_id_seq; Type: SEQUENCE; Schema: public; Owner: postgres
--

ALTER TABLE public.areas ALTER COLUMN id ADD GENERATED BY DEFAULT AS IDENTITY (
    SEQUENCE NAME public.areas_id_seq
    START WITH 1
    INCREMENT BY 1
    NO MINVALUE
    NO MAXVALUE
    CACHE 1
);


--
-- Name: messaggi; Type: TABLE; Schema: public; Owner: postgres
--

CREATE TABLE public.messaggi (
    id uuid DEFAULT gen_random_uuid() NOT NULL,
    testo text
);


ALTER TABLE public.messaggi OWNER TO postgres;

--
-- Name: participant; Type: TABLE; Schema: public; Owner: postgres
--

CREATE TABLE public.participant (
    id integer NOT NULL,
    name character varying(50),
    image text
);


ALTER TABLE public.participant OWNER TO postgres;

--
-- Name: partecipant_id_seq; Type: SEQUENCE; Schema: public; Owner: postgres
--

CREATE SEQUENCE public.partecipant_id_seq
    AS integer
    START WITH 1
    INCREMENT BY 1
    NO MINVALUE
    NO MAXVALUE
    CACHE 1;


ALTER TABLE public.partecipant_id_seq OWNER TO postgres;

--
-- Name: partecipant_id_seq; Type: SEQUENCE OWNED BY; Schema: public; Owner: postgres
--

ALTER SEQUENCE public.partecipant_id_seq OWNED BY public.participant.id;


--
-- Name: review_translations; Type: TABLE; Schema: public; Owner: postgres
--

CREATE TABLE public.review_translations (
    id integer NOT NULL,
    review_id integer NOT NULL,
    language_code character varying(5) NOT NULL,
    review text NOT NULL
);


ALTER TABLE public.review_translations OWNER TO postgres;

--
-- Name: review_translations_id_seq; Type: SEQUENCE; Schema: public; Owner: postgres
--

CREATE SEQUENCE public.review_translations_id_seq
    AS integer
    START WITH 1
    INCREMENT BY 1
    NO MINVALUE
    NO MAXVALUE
    CACHE 1;


ALTER TABLE public.review_translations_id_seq OWNER TO postgres;

--
-- Name: review_translations_id_seq; Type: SEQUENCE OWNED BY; Schema: public; Owner: postgres
--

ALTER SEQUENCE public.review_translations_id_seq OWNED BY public.review_translations.id;


--
-- Name: reviews; Type: TABLE; Schema: public; Owner: postgres
--

CREATE TABLE public.reviews (
    iduser integer NOT NULL,
    idactivity integer NOT NULL,
    stars integer,
    review text,
    date date,
    CONSTRAINT reviews_stars_check CHECK (((stars >= 1) AND (stars <= 5)))
);


ALTER TABLE public.reviews OWNER TO postgres;

--
-- Name: reviews_base; Type: TABLE; Schema: public; Owner: postgres
--

CREATE TABLE public.reviews_base (
    id integer NOT NULL,
    idparticipant integer NOT NULL,
    idactivity integer NOT NULL,
    stars integer NOT NULL,
    date date NOT NULL,
    CONSTRAINT reviews_stars_check1 CHECK (((stars >= 1) AND (stars <= 5)))
);


ALTER TABLE public.reviews_base OWNER TO postgres;

--
-- Name: reviews_id_seq; Type: SEQUENCE; Schema: public; Owner: postgres
--

CREATE SEQUENCE public.reviews_id_seq
    AS integer
    START WITH 1
    INCREMENT BY 1
    NO MINVALUE
    NO MAXVALUE
    CACHE 1;


ALTER TABLE public.reviews_id_seq OWNER TO postgres;

--
-- Name: reviews_id_seq; Type: SEQUENCE OWNED BY; Schema: public; Owner: postgres
--

ALTER SEQUENCE public.reviews_id_seq OWNED BY public.reviews_base.id;


--
-- Name: room; Type: TABLE; Schema: public; Owner: postgres
--

CREATE TABLE public.room (
    id integer NOT NULL,
    title character varying(30),
    description character varying(450) NOT NULL,
    image text,
    features text
);


ALTER TABLE public.room OWNER TO postgres;

--
-- Name: room_base; Type: TABLE; Schema: public; Owner: postgres
--

CREATE TABLE public.room_base (
    id integer NOT NULL,
    image text NOT NULL
);


ALTER TABLE public.room_base OWNER TO postgres;

--
-- Name: room_id_seq; Type: SEQUENCE; Schema: public; Owner: postgres
--

CREATE SEQUENCE public.room_id_seq
    AS integer
    START WITH 1
    INCREMENT BY 1
    NO MINVALUE
    NO MAXVALUE
    CACHE 1;


ALTER TABLE public.room_id_seq OWNER TO postgres;

--
-- Name: room_id_seq; Type: SEQUENCE OWNED BY; Schema: public; Owner: postgres
--

ALTER SEQUENCE public.room_id_seq OWNED BY public.room.id;


--
-- Name: room_id_seq1; Type: SEQUENCE; Schema: public; Owner: postgres
--

CREATE SEQUENCE public.room_id_seq1
    AS integer
    START WITH 1
    INCREMENT BY 1
    NO MINVALUE
    NO MAXVALUE
    CACHE 1;


ALTER TABLE public.room_id_seq1 OWNER TO postgres;

--
-- Name: room_id_seq1; Type: SEQUENCE OWNED BY; Schema: public; Owner: postgres
--

ALTER SEQUENCE public.room_id_seq1 OWNED BY public.room_base.id;


--
-- Name: room_translations; Type: TABLE; Schema: public; Owner: postgres
--

CREATE TABLE public.room_translations (
    id integer NOT NULL,
    room_id integer NOT NULL,
    language_code character varying(5) NOT NULL,
    title text NOT NULL,
    description text NOT NULL,
    features text
);


ALTER TABLE public.room_translations OWNER TO postgres;

--
-- Name: room_translations_id_seq; Type: SEQUENCE; Schema: public; Owner: postgres
--

CREATE SEQUENCE public.room_translations_id_seq
    AS integer
    START WITH 1
    INCREMENT BY 1
    NO MINVALUE
    NO MAXVALUE
    CACHE 1;


ALTER TABLE public.room_translations_id_seq OWNER TO postgres;

--
-- Name: room_translations_id_seq; Type: SEQUENCE OWNED BY; Schema: public; Owner: postgres
--

ALTER SEQUENCE public.room_translations_id_seq OWNED BY public.room_translations.id;


--
-- Name: teacher_base; Type: TABLE; Schema: public; Owner: postgres
--

CREATE TABLE public.teacher_base (
    id integer NOT NULL,
    image text NOT NULL,
    "Name" text,
    "Surname" text
);


ALTER TABLE public.teacher_base OWNER TO postgres;

--
-- Name: teacher_id_seq; Type: SEQUENCE; Schema: public; Owner: postgres
--

CREATE SEQUENCE public.teacher_id_seq
    AS integer
    START WITH 1
    INCREMENT BY 1
    NO MINVALUE
    NO MAXVALUE
    CACHE 1;


ALTER TABLE public.teacher_id_seq OWNER TO postgres;

--
-- Name: teacher_id_seq; Type: SEQUENCE OWNED BY; Schema: public; Owner: postgres
--

ALTER SEQUENCE public.teacher_id_seq OWNED BY public.teacher.id;


--
-- Name: teacher_id_seq1; Type: SEQUENCE; Schema: public; Owner: postgres
--

CREATE SEQUENCE public.teacher_id_seq1
    AS integer
    START WITH 1
    INCREMENT BY 1
    NO MINVALUE
    NO MAXVALUE
    CACHE 1;


ALTER TABLE public.teacher_id_seq1 OWNER TO postgres;

--
-- Name: teacher_id_seq1; Type: SEQUENCE OWNED BY; Schema: public; Owner: postgres
--

ALTER SEQUENCE public.teacher_id_seq1 OWNED BY public.teacher_base.id;


--
-- Name: teacher_translations; Type: TABLE; Schema: public; Owner: postgres
--

CREATE TABLE public.teacher_translations (
    "NON_USARE" integer NOT NULL,
    id integer NOT NULL,
    language_code character varying(5) NOT NULL,
    role text NOT NULL,
    main_expertise text NOT NULL,
    about text NOT NULL
);


ALTER TABLE public.teacher_translations OWNER TO postgres;

--
-- Name: COLUMN teacher_translations."NON_USARE"; Type: COMMENT; Schema: public; Owner: postgres
--

COMMENT ON COLUMN public.teacher_translations."NON_USARE" IS 'non mi fa eliminare la colonna, lasciamola così e non usiamola';


--
-- Name: teacher_translations_id_seq; Type: SEQUENCE; Schema: public; Owner: postgres
--

CREATE SEQUENCE public.teacher_translations_id_seq
    AS integer
    START WITH 1
    INCREMENT BY 1
    NO MINVALUE
    NO MAXVALUE
    CACHE 1;


ALTER TABLE public.teacher_translations_id_seq OWNER TO postgres;

--
-- Name: teacher_translations_id_seq; Type: SEQUENCE OWNED BY; Schema: public; Owner: postgres
--

ALTER SEQUENCE public.teacher_translations_id_seq OWNED BY public.teacher_translations."NON_USARE";


--
-- Name: teaches; Type: TABLE; Schema: public; Owner: postgres
--

CREATE TABLE public.teaches (
    idteacher integer NOT NULL,
    idactivity integer NOT NULL
);


ALTER TABLE public.teaches OWNER TO postgres;

--
-- Name: messages; Type: TABLE; Schema: realtime; Owner: supabase_realtime_admin
--

CREATE TABLE realtime.messages (
    topic text NOT NULL,
    extension text NOT NULL,
    payload jsonb,
    event text,
    private boolean DEFAULT false,
    updated_at timestamp without time zone DEFAULT now() NOT NULL,
    inserted_at timestamp without time zone DEFAULT now() NOT NULL,
    id uuid DEFAULT gen_random_uuid() NOT NULL
)
PARTITION BY RANGE (inserted_at);


ALTER TABLE realtime.messages OWNER TO supabase_realtime_admin;

--
-- Name: schema_migrations; Type: TABLE; Schema: realtime; Owner: supabase_admin
--

CREATE TABLE realtime.schema_migrations (
    version bigint NOT NULL,
    inserted_at timestamp(0) without time zone
);


ALTER TABLE realtime.schema_migrations OWNER TO supabase_admin;

--
-- Name: subscription; Type: TABLE; Schema: realtime; Owner: supabase_admin
--

CREATE TABLE realtime.subscription (
    id bigint NOT NULL,
    subscription_id uuid NOT NULL,
    entity regclass NOT NULL,
    filters realtime.user_defined_filter[] DEFAULT '{}'::realtime.user_defined_filter[] NOT NULL,
    claims jsonb NOT NULL,
    claims_role regrole GENERATED ALWAYS AS (realtime.to_regrole((claims ->> 'role'::text))) STORED NOT NULL,
    created_at timestamp without time zone DEFAULT timezone('utc'::text, now()) NOT NULL
);


ALTER TABLE realtime.subscription OWNER TO supabase_admin;

--
-- Name: subscription_id_seq; Type: SEQUENCE; Schema: realtime; Owner: supabase_admin
--

ALTER TABLE realtime.subscription ALTER COLUMN id ADD GENERATED ALWAYS AS IDENTITY (
    SEQUENCE NAME realtime.subscription_id_seq
    START WITH 1
    INCREMENT BY 1
    NO MINVALUE
    NO MAXVALUE
    CACHE 1
);


--
-- Name: buckets; Type: TABLE; Schema: storage; Owner: supabase_storage_admin
--

CREATE TABLE storage.buckets (
    id text NOT NULL,
    name text NOT NULL,
    owner uuid,
    created_at timestamp with time zone DEFAULT now(),
    updated_at timestamp with time zone DEFAULT now(),
    public boolean DEFAULT false,
    avif_autodetection boolean DEFAULT false,
    file_size_limit bigint,
    allowed_mime_types text[],
    owner_id text
);


ALTER TABLE storage.buckets OWNER TO supabase_storage_admin;

--
-- Name: COLUMN buckets.owner; Type: COMMENT; Schema: storage; Owner: supabase_storage_admin
--

COMMENT ON COLUMN storage.buckets.owner IS 'Field is deprecated, use owner_id instead';


--
-- Name: migrations; Type: TABLE; Schema: storage; Owner: supabase_storage_admin
--

CREATE TABLE storage.migrations (
    id integer NOT NULL,
    name character varying(100) NOT NULL,
    hash character varying(40) NOT NULL,
    executed_at timestamp without time zone DEFAULT CURRENT_TIMESTAMP
);


ALTER TABLE storage.migrations OWNER TO supabase_storage_admin;

--
-- Name: objects; Type: TABLE; Schema: storage; Owner: supabase_storage_admin
--

CREATE TABLE storage.objects (
    id uuid DEFAULT gen_random_uuid() NOT NULL,
    bucket_id text,
    name text,
    owner uuid,
    created_at timestamp with time zone DEFAULT now(),
    updated_at timestamp with time zone DEFAULT now(),
    last_accessed_at timestamp with time zone DEFAULT now(),
    metadata jsonb,
    path_tokens text[] GENERATED ALWAYS AS (string_to_array(name, '/'::text)) STORED,
    version text,
    owner_id text,
    user_metadata jsonb
);


ALTER TABLE storage.objects OWNER TO supabase_storage_admin;

--
-- Name: COLUMN objects.owner; Type: COMMENT; Schema: storage; Owner: supabase_storage_admin
--

COMMENT ON COLUMN storage.objects.owner IS 'Field is deprecated, use owner_id instead';


--
-- Name: s3_multipart_uploads; Type: TABLE; Schema: storage; Owner: supabase_storage_admin
--

CREATE TABLE storage.s3_multipart_uploads (
    id text NOT NULL,
    in_progress_size bigint DEFAULT 0 NOT NULL,
    upload_signature text NOT NULL,
    bucket_id text NOT NULL,
    key text NOT NULL COLLATE pg_catalog."C",
    version text NOT NULL,
    owner_id text,
    created_at timestamp with time zone DEFAULT now() NOT NULL,
    user_metadata jsonb
);


ALTER TABLE storage.s3_multipart_uploads OWNER TO supabase_storage_admin;

--
-- Name: s3_multipart_uploads_parts; Type: TABLE; Schema: storage; Owner: supabase_storage_admin
--

CREATE TABLE storage.s3_multipart_uploads_parts (
    id uuid DEFAULT gen_random_uuid() NOT NULL,
    upload_id text NOT NULL,
    size bigint DEFAULT 0 NOT NULL,
    part_number integer NOT NULL,
    bucket_id text NOT NULL,
    key text NOT NULL COLLATE pg_catalog."C",
    etag text NOT NULL,
    owner_id text,
    version text NOT NULL,
    created_at timestamp with time zone DEFAULT now() NOT NULL
);


ALTER TABLE storage.s3_multipart_uploads_parts OWNER TO supabase_storage_admin;

--
-- Name: refresh_tokens id; Type: DEFAULT; Schema: auth; Owner: supabase_auth_admin
--

ALTER TABLE ONLY auth.refresh_tokens ALTER COLUMN id SET DEFAULT nextval('auth.refresh_tokens_id_seq'::regclass);


--
-- Name: activity id; Type: DEFAULT; Schema: public; Owner: postgres
--

ALTER TABLE ONLY public.activity ALTER COLUMN id SET DEFAULT nextval('public.activity_id_seq'::regclass);


--
-- Name: activity_base id; Type: DEFAULT; Schema: public; Owner: postgres
--

ALTER TABLE ONLY public.activity_base ALTER COLUMN id SET DEFAULT nextval('public.activity_id_seq1'::regclass);


--
-- Name: activity_translations id; Type: DEFAULT; Schema: public; Owner: postgres
--

ALTER TABLE ONLY public.activity_translations ALTER COLUMN id SET DEFAULT nextval('public.activity_translations_id_seq'::regclass);


--
-- Name: participant id; Type: DEFAULT; Schema: public; Owner: postgres
--

ALTER TABLE ONLY public.participant ALTER COLUMN id SET DEFAULT nextval('public.partecipant_id_seq'::regclass);


--
-- Name: review_translations id; Type: DEFAULT; Schema: public; Owner: postgres
--

ALTER TABLE ONLY public.review_translations ALTER COLUMN id SET DEFAULT nextval('public.review_translations_id_seq'::regclass);


--
-- Name: reviews_base id; Type: DEFAULT; Schema: public; Owner: postgres
--

ALTER TABLE ONLY public.reviews_base ALTER COLUMN id SET DEFAULT nextval('public.reviews_id_seq'::regclass);


--
-- Name: room id; Type: DEFAULT; Schema: public; Owner: postgres
--

ALTER TABLE ONLY public.room ALTER COLUMN id SET DEFAULT nextval('public.room_id_seq'::regclass);


--
-- Name: room_base id; Type: DEFAULT; Schema: public; Owner: postgres
--

ALTER TABLE ONLY public.room_base ALTER COLUMN id SET DEFAULT nextval('public.room_id_seq1'::regclass);


--
-- Name: room_translations id; Type: DEFAULT; Schema: public; Owner: postgres
--

ALTER TABLE ONLY public.room_translations ALTER COLUMN id SET DEFAULT nextval('public.room_translations_id_seq'::regclass);


--
-- Name: teacher id; Type: DEFAULT; Schema: public; Owner: postgres
--

ALTER TABLE ONLY public.teacher ALTER COLUMN id SET DEFAULT nextval('public.teacher_id_seq'::regclass);


--
-- Name: teacher_base id; Type: DEFAULT; Schema: public; Owner: postgres
--

ALTER TABLE ONLY public.teacher_base ALTER COLUMN id SET DEFAULT nextval('public.teacher_id_seq1'::regclass);


--
-- Data for Name: audit_log_entries; Type: TABLE DATA; Schema: auth; Owner: supabase_auth_admin
--

COPY auth.audit_log_entries (instance_id, id, payload, created_at, ip_address) FROM stdin;
\.


--
-- Data for Name: flow_state; Type: TABLE DATA; Schema: auth; Owner: supabase_auth_admin
--

COPY auth.flow_state (id, user_id, auth_code, code_challenge_method, code_challenge, provider_type, provider_access_token, provider_refresh_token, created_at, updated_at, authentication_method, auth_code_issued_at) FROM stdin;
\.


--
-- Data for Name: identities; Type: TABLE DATA; Schema: auth; Owner: supabase_auth_admin
--

COPY auth.identities (provider_id, user_id, identity_data, provider, last_sign_in_at, created_at, updated_at, id) FROM stdin;
\.


--
-- Data for Name: instances; Type: TABLE DATA; Schema: auth; Owner: supabase_auth_admin
--

COPY auth.instances (id, uuid, raw_base_config, created_at, updated_at) FROM stdin;
\.


--
-- Data for Name: mfa_amr_claims; Type: TABLE DATA; Schema: auth; Owner: supabase_auth_admin
--

COPY auth.mfa_amr_claims (session_id, created_at, updated_at, authentication_method, id) FROM stdin;
\.


--
-- Data for Name: mfa_challenges; Type: TABLE DATA; Schema: auth; Owner: supabase_auth_admin
--

COPY auth.mfa_challenges (id, factor_id, created_at, verified_at, ip_address, otp_code, web_authn_session_data) FROM stdin;
\.


--
-- Data for Name: mfa_factors; Type: TABLE DATA; Schema: auth; Owner: supabase_auth_admin
--

COPY auth.mfa_factors (id, user_id, friendly_name, factor_type, status, created_at, updated_at, secret, phone, last_challenged_at, web_authn_credential, web_authn_aaguid) FROM stdin;
\.


--
-- Data for Name: oauth_clients; Type: TABLE DATA; Schema: auth; Owner: supabase_auth_admin
--

COPY auth.oauth_clients (id, client_id, client_secret_hash, registration_type, redirect_uris, grant_types, client_name, client_uri, logo_uri, created_at, updated_at, deleted_at) FROM stdin;
\.


--
-- Data for Name: one_time_tokens; Type: TABLE DATA; Schema: auth; Owner: supabase_auth_admin
--

COPY auth.one_time_tokens (id, user_id, token_type, token_hash, relates_to, created_at, updated_at) FROM stdin;
\.


--
-- Data for Name: refresh_tokens; Type: TABLE DATA; Schema: auth; Owner: supabase_auth_admin
--

COPY auth.refresh_tokens (instance_id, id, token, user_id, revoked, created_at, updated_at, parent, session_id) FROM stdin;
\.


--
-- Data for Name: saml_providers; Type: TABLE DATA; Schema: auth; Owner: supabase_auth_admin
--

COPY auth.saml_providers (id, sso_provider_id, entity_id, metadata_xml, metadata_url, attribute_mapping, created_at, updated_at, name_id_format) FROM stdin;
\.


--
-- Data for Name: saml_relay_states; Type: TABLE DATA; Schema: auth; Owner: supabase_auth_admin
--

COPY auth.saml_relay_states (id, sso_provider_id, request_id, for_email, redirect_to, created_at, updated_at, flow_state_id) FROM stdin;
\.


--
-- Data for Name: schema_migrations; Type: TABLE DATA; Schema: auth; Owner: supabase_auth_admin
--

COPY auth.schema_migrations (version) FROM stdin;
20171026211738
20171026211808
20171026211834
20180103212743
20180108183307
20180119214651
20180125194653
00
20210710035447
20210722035447
20210730183235
20210909172000
20210927181326
20211122151130
20211124214934
20211202183645
20220114185221
20220114185340
20220224000811
20220323170000
20220429102000
20220531120530
20220614074223
20220811173540
20221003041349
20221003041400
20221011041400
20221020193600
20221021073300
20221021082433
20221027105023
20221114143122
20221114143410
20221125140132
20221208132122
20221215195500
20221215195800
20221215195900
20230116124310
20230116124412
20230131181311
20230322519590
20230402418590
20230411005111
20230508135423
20230523124323
20230818113222
20230914180801
20231027141322
20231114161723
20231117164230
20240115144230
20240214120130
20240306115329
20240314092811
20240427152123
20240612123726
20240729123726
20240802193726
20240806073726
20241009103726
20250717082212
20250731150234
\.


--
-- Data for Name: sessions; Type: TABLE DATA; Schema: auth; Owner: supabase_auth_admin
--

COPY auth.sessions (id, user_id, created_at, updated_at, factor_id, aal, not_after, refreshed_at, user_agent, ip, tag) FROM stdin;
\.


--
-- Data for Name: sso_domains; Type: TABLE DATA; Schema: auth; Owner: supabase_auth_admin
--

COPY auth.sso_domains (id, sso_provider_id, domain, created_at, updated_at) FROM stdin;
\.


--
-- Data for Name: sso_providers; Type: TABLE DATA; Schema: auth; Owner: supabase_auth_admin
--

COPY auth.sso_providers (id, resource_id, created_at, updated_at, disabled) FROM stdin;
\.


--
-- Data for Name: users; Type: TABLE DATA; Schema: auth; Owner: supabase_auth_admin
--

COPY auth.users (instance_id, id, aud, role, email, encrypted_password, email_confirmed_at, invited_at, confirmation_token, confirmation_sent_at, recovery_token, recovery_sent_at, email_change_token_new, email_change, email_change_sent_at, last_sign_in_at, raw_app_meta_data, raw_user_meta_data, is_super_admin, created_at, updated_at, phone, phone_confirmed_at, phone_change, phone_change_token, phone_change_sent_at, email_change_token_current, email_change_confirm_status, banned_until, reauthentication_token, reauthentication_sent_at, is_sso_user, deleted_at, is_anonymous) FROM stdin;
\.


--
-- Data for Name: activity; Type: TABLE DATA; Schema: public; Owner: postgres
--

COPY public.activity (id, title, level, short_description, about, ideal_for, main_benefit, additional_info, roomid, schedule, image, type) FROM stdin;
23	Ashtanga Yoga	Advanced	A fast-paced, physically demanding style, synchronizing breath and movement.	Ashtanga yoga is a vigorous and structured style of yoga that follows a  specific sequence of postures (asanas) linked with breath (ujjayi  pranayama) and movement (vinyasa). Known for its dynamic flow, Ashtanga  emphasizes discipline and consistency, making it suitable for those  seeking a physically challenging practice. \n	- Individuals seeking a physically demanding workout<br>\n- Practitioners looking to build strength and flexibility<br>\n- Those interested in a structured yoga practice<br>\n- Experienced yogis wanting to deepen their practice	- Improves physical fitness and endurance<br>\n- Increases flexibility and balance<br>\n- Enhances mental clarity and concentration<br>\n- Promotes stress relief and emotional stability<br>\n- Fosters a strong mind-body connection		2	Sun 5:00–6:30 PM	https://dcrgvkmnavjahkprnkem.supabase.co/storage/v1/object/sign/activities/Meditation/meditation.jpg?token=eyJhbGciOiJIUzI1NiIsInR5cCI6IkpXVCIsImtpZCI6InN0b3JhZ2UtdXJsLXNpZ25pbmcta2V5XzI0MmJkN2U5LTVjNTQtNGViYy1iYmQwLWZhZGJjMjQ0NDMyOSJ9.eyJ1cmwiOiJhY3Rpdml0aWVzL01lZGl0YXRpb24vbWVkaXRhdGlvbi5qcGciLCJpYXQiOjE3NDYyODA5NTIsImV4cCI6MTkwMzk2MDk1Mn0.bzuc72ObCWryzPguaMuYK7PjSXCl7F_bwtZqQ4r9Gv8	Yoga_class
24	Gentle Water Yoga	Advanced	A soothing practice, combining yoga and water therapy for relaxation.	Gentle Water Yoga is a soft, restorative practice suitable for everyone. It combines the principles of yoga with the natural benefits of warm water.\nThe lessons take place in our heated pool, using the support and resistance of water to encourage smooth, light, and low-impact movements, perfect for joint care and body awareness.\n	- Those looking for deep relaxation<br>\n- Recovery from injury or muscle tension<br>\n- Gentle but effective movement practice<br>\n- Mind-body connection in a safe space	Builds strength and stamina	- Suitable for beginners<br>\n- Please bring swimsuit, flip-flops, and towel<br>\n- To reserve a spot, please contact the center staff.	3	Mon/Wed 6:30–7:30 PM	https://dcrgvkmnavjahkprnkem.supabase.co/storage/v1/object/sign/activities/WaterYoga/water-yoga_preview.jpg?token=eyJhbGciOiJIUzI1NiIsInR5cCI6IkpXVCIsImtpZCI6InN0b3JhZ2UtdXJsLXNpZ25pbmcta2V5XzI0MmJkN2U5LTVjNTQtNGViYy1iYmQwLWZhZGJjMjQ0NDMyOSJ9.eyJ1cmwiOiJhY3Rpdml0aWVzL1dhdGVyWW9nYS93YXRlci15b2dhX3ByZXZpZXcuanBnIiwiaWF0IjoxNzQ2MjgxMTk0LCJleHAiOjE5MDM5NjExOTR9.NkJP5jBeADQTrE5SS39vdX1w1tZjUHohNKy2Vy-jryk	Activity
22	Kundalini Yoga	Advanced	A spiritual style, focusing on energy release and self-awareness.	Kundalini yoga is a dynamic and spiritual practice that aims to awaken  the dormant energy (Kundalini) at the base of the spine. It combines  physical postures (asanas), breath control (pranayama), chanting  (mantras), and meditation to promote self-awareness and spiritual  growth. This practice enhances mental clarity, emotional balance, and  physical vitality, making it a transformative experience for  practitioners.\n	- Individuals seeking spiritual growth<br>\n- Those looking to enhance self-awareness<br>\n- Practitioners interested in energy work<br>\n- People wanting to reduce stress and anxiety	- Awakens and balances energy centers (chakras)<br>\n- Increases mental clarity and focus<br>\n- Promotes emotional healing and stability<br>\n- Enhances physical strength and flexibility		1	Tue/Thu 6:00–7:00 PM	https://dcrgvkmnavjahkprnkem.supabase.co/storage/v1/object/sign/activities/Meditation/meditation3.jpg?token=eyJhbGciOiJIUzI1NiIsInR5cCI6IkpXVCIsImtpZCI6InN0b3JhZ2UtdXJsLXNpZ25pbmcta2V5XzI0MmJkN2U5LTVjNTQtNGViYy1iYmQwLWZhZGJjMjQ0NDMyOSJ9.eyJ1cmwiOiJhY3Rpdml0aWVzL01lZGl0YXRpb24vbWVkaXRhdGlvbjMuanBnIiwiaWF0IjoxNzQ2MjgwODY5LCJleHAiOjE5MDM5NjA4Njl9.-JkN3ZjWjcmn3SyjLWqe0lfTCmVvOS6sobcBKrZDpsc	Yoga_class
30	Mindful Pottery	Beginner	A creative session as a meditative tool for relaxation and self-expression.	Mindful Pottery is a creative and relaxing activity that combines the art of ceramics with mindfulness practice. Through hand-building and wheel-throwing techniques, you’ll explore working with natural materials while cultivating focus, patience, and inner calm.\nThis activity is open to everyone, no previous experience needed. It’s not about perfection, but about enjoying the process.\n	- Anyone looking for a creative and relaxing experience<br>\n- Those who want to slow down and practice mindfulness<br>\n- Exploring manual skills and working with natural materials	- Encourages relaxation and mental clarity<br>\n- Improves focus, patience, and creativity<br>\n- Develops manual dexterity and fine motor skills		5	Sat 10:00–11:00 AM	https://dcrgvkmnavjahkprnkem.supabase.co/storage/v1/object/sign/activities/Ceramics/pottery2.jpg?token=eyJhbGciOiJIUzI1NiIsInR5cCI6IkpXVCIsImtpZCI6InN0b3JhZ2UtdXJsLXNpZ25pbmcta2V5XzI0MmJkN2U5LTVjNTQtNGViYy1iYmQwLWZhZGJjMjQ0NDMyOSJ9.eyJ1cmwiOiJhY3Rpdml0aWVzL0NlcmFtaWNzL3BvdHRlcnkyLmpwZyIsImlhdCI6MTc0NjI4MzQwNiwiZXhwIjoxOTAzOTYzNDA2fQ.jVTGReytrDjThwUou_wzxnmDgU7VMwicNcEv_6vgF-c	Activity
27	Dance Fitness Fusion	Beginner	A high-energy workout, blending dance and fitness for a fun challenge.	Dance Fitness Fusion is a high-energy class combining the joy of dance with the benefits of cardio fitness. Inspired by Latin rhythms and designed to get your body moving, it’s a fun, effective way to burn calories, improve coordination, and lift your spirit. \nEach session offers an upbeat atmosphere where music and movement create a total-body experience. No dance background needed, just bring your energy and enthusiasm!\n	- Boosting cardiovascular endurance<br>\n- Burning calories in a fun way<br>\n- Improving rhythm and coordination<br>\n- Anyone who loves music and movement	- Full-body cardio workout<br>\n- Increases stamina and flexibility<br>\n- Enhances mood and confidence<br>\n- Perfect for group motivation and fun	- Comfortable activewear and sneakers recommended<br>\n- High-energy, group-friendly atmosphere	4	Sat 10:00–11:00 AM	https://dcrgvkmnavjahkprnkem.supabase.co/storage/v1/object/sign/activities/Zumba/zumba-scaled.jpg?token=eyJhbGciOiJIUzI1NiIsInR5cCI6IkpXVCIsImtpZCI6InN0b3JhZ2UtdXJsLXNpZ25pbmcta2V5XzI0MmJkN2U5LTVjNTQtNGViYy1iYmQwLWZhZGJjMjQ0NDMyOSJ9.eyJ1cmwiOiJhY3Rpdml0aWVzL1p1bWJhL3p1bWJhLXNjYWxlZC5qcGciLCJpYXQiOjE3NDYyODMwODYsImV4cCI6MTkwMzk2MzA4Nn0.X6U3FW6m3hpMxpZ64S5ZD9jCmBKTYTn9vWmRKJIPyTo	Activity
26	Wellness Workshop	Beginner	An educational session, exploring holistic approaches to health and wellbeing.	The Wellness Workshop is a monthly event designed to explore different aspects of physical, mental, and emotional well-being. \nEach session offers a unique experience, combining yoga, meditation, breathing techniques, and holistic practices to support balance and self-care. \nWorkshops are interactive and suitable for everyone a space to learn, share, and recharge together.\n	- Exploring new wellness practices<br>\n- Connecting with like-minded people<br>\n- Deepening your self-care routine<br>\n- Taking time for yourself in a supportive group	- Promotes relaxation and stress relief<br>\n- Increases awareness and personal growth<br>\n- Offers practical tools for daily well-being<br>\n- Builds connection and community		5	Sat 10:00–11:00 AM	https://dcrgvkmnavjahkprnkem.supabase.co/storage/v1/object/sign/activities/Workshop/workshop.jpg?token=eyJhbGciOiJIUzI1NiIsInR5cCI6IkpXVCIsImtpZCI6InN0b3JhZ2UtdXJsLXNpZ25pbmcta2V5XzI0MmJkN2U5LTVjNTQtNGViYy1iYmQwLWZhZGJjMjQ0NDMyOSJ9.eyJ1cmwiOiJhY3Rpdml0aWVzL1dvcmtzaG9wL3dvcmtzaG9wLmpwZyIsImlhdCI6MTc0NjI4Mjk3MSwiZXhwIjoxOTAzOTYyOTcxfQ.LsJaV3I7z6Zi6sNUMRSHfE8SHYgHWNeOvVg9tx2OKS8	Activity
29	Sunset Yoga	Beginner	A serene outdoor practice, combining yoga and nature for a peaceful experience.	Sunset Yoga is a calming, open-air practice that blends mindful movement, breathwork, and stillness. Held outdoors, each session aligns with the natural rhythm of sunset, offering a peaceful transition from day to evening.​\nThis class is suitable for all levels and focuses on gentle flow, grounding postures, and deep relaxation.\n	- Unwinding after a busy day​<br>\n- Connecting with nature​<br>\n- Enhancing flexibility and breath awareness​<br>\n- Cultivating inner calm	- Reduces stress and tension​<br>\n- Improves balance and mobility​<br>\n- Promotes mindfulness and presence​<br>\n- Supports restful sleep	Each session concludes with a generous aperitif, offering the perfect moment to unwind, connect, and savor the evening together.	6	Sat 10:00–11:00 AM	https://dcrgvkmnavjahkprnkem.supabase.co/storage/v1/object/sign/activities/Aperitif%20Yoga/aperitif_preview.jpg?token=eyJhbGciOiJIUzI1NiIsInR5cCI6IkpXVCIsImtpZCI6InN0b3JhZ2UtdXJsLXNpZ25pbmcta2V5XzI0MmJkN2U5LTVjNTQtNGViYy1iYmQwLWZhZGJjMjQ0NDMyOSJ9.eyJ1cmwiOiJhY3Rpdml0aWVzL0FwZXJpdGlmIFlvZ2EvYXBlcml0aWZfcHJldmlldy5qcGciLCJpYXQiOjE3NDYyODMyNzcsImV4cCI6MTkwMzk2MzI3N30.0cavUczgp3u0vQS_zADAYeo2CF_qbaDTyM97Nr76qfA	Activity
28	Weekend Wellness Retreat	Beginner	A relaxing getaway, offering yoga, meditation, and wellness activities.	The Weekend Wellness Retreat is a monthly escape dedicated to restoring physical, mental, and emotional well-being.\nHeld in a serene natural setting, each retreat combines gentle yoga, guided meditation, breathwork, and self-reflection sessions to promote inner harmony and deep rest. It's a space for stillness, connection, and transformation, open to all levels.\n	- Slowing down and disconnecting from routine<br>\n- Deepening personal awareness and self-care<br>\n- Spending intentional time in nature<br>\n- Recharging body, mind, and spirit	- Promotes stress relief and deep relaxation<br>\n- Enhances mindfulness and emotional clarity<br>\n- Inspires inner growth and self-discovery<br>\n- Encourages a strong sense of community		\N	Sat 10:00–11:00 AM	https://dcrgvkmnavjahkprnkem.supabase.co/storage/v1/object/sign/activities/Retreats/retreat2.jpg?token=eyJhbGciOiJIUzI1NiIsInR5cCI6IkpXVCIsImtpZCI6InN0b3JhZ2UtdXJsLXNpZ25pbmcta2V5XzI0MmJkN2U5LTVjNTQtNGViYy1iYmQwLWZhZGJjMjQ0NDMyOSJ9.eyJ1cmwiOiJhY3Rpdml0aWVzL1JldHJlYXRzL3JldHJlYXQyLmpwZyIsImlhdCI6MTc0NjI4MzE3NCwiZXhwIjoxOTAzOTYzMTc0fQ.hXuSW4u-aShz2_TjVP4t1SMoTwAuViTICRA28AYN4_U	Activity
25	Mindfulness Meditation	Beginner	A calming practice, cultivating present-moment awareness and inner peace.	Mindfulness Meditation is a guided practice designed to help you develop awareness, presence, and mental balance in your everyday life.\nThrough simple yet powerful meditation techniques, you will learn how to observe thoughts and emotions without judgment, cultivate calm, and foster a deeper connection with the present moment.\n	- Reducing daily stress and anxiety<br>\n- Improving focus and emotional balance<br>\n- Developing mindfulness and inner peace<br>\n- Beginners and experienced meditators alike	- Enhances mental clarity and focus<br>\n- Reduces stress and emotional tension<br>\n- Improves breathing and body awareness<br>\n- Promotes relaxation and well-being<br>\n- Easy to integrate into daily routines	- Suitable for all levels, no previous experience needed<br>\n- Comfortable clothing recommended<br>\n- Mats and cushions provided	2	Sat 10:00–11:00 AM	https://dcrgvkmnavjahkprnkem.supabase.co/storage/v1/object/sign/activities/Meditation/meditation3.jpg?token=eyJhbGciOiJIUzI1NiIsInR5cCI6IkpXVCIsImtpZCI6InN0b3JhZ2UtdXJsLXNpZ25pbmcta2V5XzI0MmJkN2U5LTVjNTQtNGViYy1iYmQwLWZhZGJjMjQ0NDMyOSJ9.eyJ1cmwiOiJhY3Rpdml0aWVzL01lZGl0YXRpb24vbWVkaXRhdGlvbjMuanBnIiwiaWF0IjoxNzQ2Mjg0ODk0LCJleHAiOjE5MDM5NjQ4OTR9.dv_ND0VnC4OY1Dj5Q-AC53gE2L1L4KxY2D44MOA6gYk	Activity
21	Hatha Yoga	Beginner	A slow style, working on postures (asana), breathing (pranayama) and relaxation.	Hatha yoga is a foundational style of yoga that focuses on physical  postures (asanas) and breath control (pranayama) to cultivate strength,  flexibility, and balance. \nIt typically involves a slower-paced practice, allowing practitioners to concentrate on proper alignment and  mindfulness. 	- Beginners exploring yoga<br>\n- Individuals seeking stress relief<br>\n- Those wanting to enhance flexibility<br>\n- Practitioners interested in mindfulness<br>\n- Anyone recovering from injuries	- Improves physical health and fitness<br>\n- Increases mental clarity and focus<br>\n- Reduces stress and anxiety levels<br>\n- Enhances posture and body awareness<br>\n- Fosters a sense of inner peace and relaxation		1	Mon/Wed/Fri 7:00–8:00 AM	https://dcrgvkmnavjahkprnkem.supabase.co/storage/v1/object/sign/activities/Meditation/meditation2.jpg?token=eyJhbGciOiJIUzI1NiIsInR5cCI6IkpXVCIsImtpZCI6InN0b3JhZ2UtdXJsLXNpZ25pbmcta2V5XzI0MmJkN2U5LTVjNTQtNGViYy1iYmQwLWZhZGJjMjQ0NDMyOSJ9.eyJ1cmwiOiJhY3Rpdml0aWVzL01lZGl0YXRpb24vbWVkaXRhdGlvbjIuanBnIiwiaWF0IjoxNzQ2MjgwODUzLCJleHAiOjE5MDM5NjA4NTN9.1RmzP0NaB7FZ4c7MRxMsYQoDctUaQIPVTvtRkE8x1Lo	Yoga_class
\.


--
-- Data for Name: activity_base; Type: TABLE DATA; Schema: public; Owner: postgres
--

COPY public.activity_base (id, roomid, schedule, image, type, teacher_id) FROM stdin;
23	2	Sun 5:00–6:30 PM	https://dcrgvkmnavjahkprnkem.supabase.co/storage/v1/object/sign/activities/YogaClasses/ashtanga.webp?token=eyJraWQiOiJzdG9yYWdlLXVybC1zaWduaW5nLWtleV9jZGRmOGJkZC0zNDlkLTQyODItOWNkZi05YjVmOWI5NWUyOWYiLCJhbGciOiJIUzI1NiJ9.eyJ1cmwiOiJhY3Rpdml0aWVzL1lvZ2FDbGFzc2VzL2FzaHRhbmdhLndlYnAiLCJpYXQiOjE3NTIxMzEyMDYsImV4cCI6MTc4MzY2NzIwNn0.ypHHUuayIOmqJ-tq9W76W--GDTFciWZKNd01ZPJ6hfA	Yoga_class	3
24	3	Mon/Wed 6:30–7:30 PM	https://dcrgvkmnavjahkprnkem.supabase.co/storage/v1/object/sign/activities/WaterYoga/water-yoga_preview.webp?token=eyJraWQiOiJzdG9yYWdlLXVybC1zaWduaW5nLWtleV9jZGRmOGJkZC0zNDlkLTQyODItOWNkZi05YjVmOWI5NWUyOWYiLCJhbGciOiJIUzI1NiJ9.eyJ1cmwiOiJhY3Rpdml0aWVzL1dhdGVyWW9nYS93YXRlci15b2dhX3ByZXZpZXcud2VicCIsImlhdCI6MTc1MjEzMTMxNCwiZXhwIjoxNzgzNjY3MzE0fQ.uvOWzRGgqCtBGf_YP8YA2k2uccjEnUqlWqTFx1jpEx0	Activity	4
29	6	Sat 10:00–11:00 AM	https://dcrgvkmnavjahkprnkem.supabase.co/storage/v1/object/sign/activities/Retreats/retreats.webp?token=eyJraWQiOiJzdG9yYWdlLXVybC1zaWduaW5nLWtleV9jZGRmOGJkZC0zNDlkLTQyODItOWNkZi05YjVmOWI5NWUyOWYiLCJhbGciOiJIUzI1NiJ9.eyJ1cmwiOiJhY3Rpdml0aWVzL1JldHJlYXRzL3JldHJlYXRzLndlYnAiLCJpYXQiOjE3NTIxMzMwMTksImV4cCI6MTc4MzY2OTAxOX0.UGCifqbHJdaNqs7rqSGMIwU--Ruqjy6fRQdUxSmSS1E	Activity	5
25	2	Sat 10:00–11:00 AM	https://dcrgvkmnavjahkprnkem.supabase.co/storage/v1/object/sign/activities/Meditation/meditation_preview.webp?token=eyJraWQiOiJzdG9yYWdlLXVybC1zaWduaW5nLWtleV9jZGRmOGJkZC0zNDlkLTQyODItOWNkZi05YjVmOWI5NWUyOWYiLCJhbGciOiJIUzI1NiJ9.eyJ1cmwiOiJhY3Rpdml0aWVzL01lZGl0YXRpb24vbWVkaXRhdGlvbl9wcmV2aWV3LndlYnAiLCJpYXQiOjE3NTIxMzE0MTgsImV4cCI6MTc4MzY2NzQxOH0.1VKulrapvW3JvaMsR9LeQqR7QDhRYliD42GL10P13W4	Activity	5
30	5	Sat 10:00–11:00 AM	https://dcrgvkmnavjahkprnkem.supabase.co/storage/v1/object/sign/activities/Ceramics/pottery.webp?token=eyJraWQiOiJzdG9yYWdlLXVybC1zaWduaW5nLWtleV9jZGRmOGJkZC0zNDlkLTQyODItOWNkZi05YjVmOWI5NWUyOWYiLCJhbGciOiJIUzI1NiJ9.eyJ1cmwiOiJhY3Rpdml0aWVzL0NlcmFtaWNzL3BvdHRlcnkud2VicCIsImlhdCI6MTc1MjEzMzA1MSwiZXhwIjoxNzgzNjY5MDUxfQ.ykpOvSwUyJPoIyFRQd8OT-PGPd2EL__tC1JL__2p1qU	Activity	4
26	5	Sat 10:00–11:00 AM	https://dcrgvkmnavjahkprnkem.supabase.co/storage/v1/object/sign/activities/Workshop/workshop_preview.webp?token=eyJraWQiOiJzdG9yYWdlLXVybC1zaWduaW5nLWtleV9jZGRmOGJkZC0zNDlkLTQyODItOWNkZi05YjVmOWI5NWUyOWYiLCJhbGciOiJIUzI1NiJ9.eyJ1cmwiOiJhY3Rpdml0aWVzL1dvcmtzaG9wL3dvcmtzaG9wX3ByZXZpZXcud2VicCIsImlhdCI6MTc1MjEzMTQ2NywiZXhwIjoxNzgzNjY3NDY3fQ.2srdU7wYEpW4RelG5EgWBaCKSVszt-SVwF5W1k9ziys	Activity	2
27	4	Sat 10:00–11:00 AM	https://dcrgvkmnavjahkprnkem.supabase.co/storage/v1/object/sign/activities/Zumba/zumba-scaled.webp?token=eyJraWQiOiJzdG9yYWdlLXVybC1zaWduaW5nLWtleV9jZGRmOGJkZC0zNDlkLTQyODItOWNkZi05YjVmOWI5NWUyOWYiLCJhbGciOiJIUzI1NiJ9.eyJ1cmwiOiJhY3Rpdml0aWVzL1p1bWJhL3p1bWJhLXNjYWxlZC53ZWJwIiwiaWF0IjoxNzUyMTMyMTc5LCJleHAiOjE3ODM2NjgxNzl9.FInJc_Cgr0zZmd1jt9RP0Uy-6eTh8UQ2f2q4x1t40Xw	Activity	3
21	1	Mon/Wed/Fri 7:00–8:00 AM	https://dcrgvkmnavjahkprnkem.supabase.co/storage/v1/object/sign/activities/YogaClasses/hatha.webp?token=eyJraWQiOiJzdG9yYWdlLXVybC1zaWduaW5nLWtleV9jZGRmOGJkZC0zNDlkLTQyODItOWNkZi05YjVmOWI5NWUyOWYiLCJhbGciOiJIUzI1NiJ9.eyJ1cmwiOiJhY3Rpdml0aWVzL1lvZ2FDbGFzc2VzL2hhdGhhLndlYnAiLCJpYXQiOjE3NTIxMzA5MzUsImV4cCI6MTc4MzY2NjkzNX0.efW2d_DLBlXi752b_bHroKlQi9_Ch51iE1kclHl7SZw	Yoga_class	1
22	1	Tue/Thu 6:00–7:00 PM	https://dcrgvkmnavjahkprnkem.supabase.co/storage/v1/object/sign/activities/YogaClasses/kundalini.webp?token=eyJraWQiOiJzdG9yYWdlLXVybC1zaWduaW5nLWtleV9jZGRmOGJkZC0zNDlkLTQyODItOWNkZi05YjVmOWI5NWUyOWYiLCJhbGciOiJIUzI1NiJ9.eyJ1cmwiOiJhY3Rpdml0aWVzL1lvZ2FDbGFzc2VzL2t1bmRhbGluaS53ZWJwIiwiaWF0IjoxNzUyMTMxMDM4LCJleHAiOjE3ODM2NjcwMzh9.kksJI4-am_vuS2PGkO9jWaTf87bwKYYZvo6Au4y-TYQ	Yoga_class	2
28	\N	Sat 10:00–11:00 AM	https://dcrgvkmnavjahkprnkem.supabase.co/storage/v1/object/sign/activities/Retreats/retreats.webp?token=eyJraWQiOiJzdG9yYWdlLXVybC1zaWduaW5nLWtleV9jZGRmOGJkZC0zNDlkLTQyODItOWNkZi05YjVmOWI5NWUyOWYiLCJhbGciOiJIUzI1NiJ9.eyJ1cmwiOiJhY3Rpdml0aWVzL1JldHJlYXRzL3JldHJlYXRzLndlYnAiLCJpYXQiOjE3NTIxMzI4OTcsImV4cCI6MTc4MzY2ODg5N30.NxxcyAya6nOdk6L7RLRonZiSZX0NeDjoPbhDT0nOkio	Activity	4
\.


--
-- Data for Name: activity_translations; Type: TABLE DATA; Schema: public; Owner: postgres
--

COPY public.activity_translations (id, activity_id, language_code, title, level, short_description, about, ideal_for, main_benefit, additional_info, schedule) FROM stdin;
2	21	fr	Hatha Yoga	Débutant	Un style lent axé sur les postures (asana), la respiration (pranayama) et la relaxation.	Le Hatha Yoga est une forme de yoga fondamentale qui met l’accent sur les postures physiques et la respiration pour développer la force, la souplesse et l’équilibre.	- Débutants<br>- Ceux qui cherchent à réduire le stress<br>- Améliorer la souplesse<br>- Pratiquer la pleine conscience<br>- En convalescence de blessures	- Améliore la santé physique<br>- Augmente la clarté mentale<br>- Réduit le stress et l’anxiété<br>- Améliore la posture<br>- Favorise la paix intérieure		Lun/Mer/Ven 7h00-8h00
3	21	zh	哈他瑜伽	初学者	一种缓慢的瑜伽风格，注重姿势（体式）、呼吸（调息）和放松。	哈他瑜伽是一种基础瑜伽风格，专注于体式和呼吸控制（调息），以培养力量、柔韧性和平衡感。练习节奏较慢，有助于专注于正确的体位和正念。	- 瑜伽初学者<br>- 需要减压的人群<br>- 希望增强柔韧性的人<br>- 对正念感兴趣的练习者<br>- 正在恢复中的人	- 改善身体健康和体能<br>- 增强心理清晰度和专注力<br>- 减轻压力和焦虑<br>- 改善姿势和身体意识<br>- 提升内在的平静与放松		周一/周三/周五 上午 7:00–8:00
4	21	de	Hatha-Yoga	Anfänger	Ein langsamer Yogastil, der sich auf Körperhaltungen (Asanas), Atmung (Pranayama) und Entspannung konzentriert.	Hatha-Yoga ist ein grundlegender Yogastil, der den Fokus auf physische Haltungen (Asanas) und Atemkontrolle (Pranayama) legt, um Kraft, Flexibilität und Gleichgewicht zu fördern. Die Praxis ist in der Regel langsam, sodass die Ausführenden sich auf Ausrichtung und Achtsamkeit konzentrieren können.	- Anfänger, die Yoga entdecken möchten<br>- Menschen, die Stress abbauen wollen<br>- Personen, die ihre Flexibilität verbessern möchten<br>- Übende, die sich für Achtsamkeit interessieren<br>- Menschen in der Genesung	- Verbessert die körperliche Gesundheit und Fitness<br>- Erhöht die geistige Klarheit und Konzentration<br>- Reduziert Stress und Angst<br>- Verbessert die Körperhaltung und Körperbewusstsein<br>- Fördert inneren Frieden und Entspannung		Mo./Mi./Fr. 7:00–8:00 Uhr
6	22	fr	Kundalini Yoga	Avancé	Un style spirituel, axé sur la libération de l’énergie et la conscience de soi.	Le Kundalini Yoga est une pratique dynamique et spirituelle qui vise à éveiller l’énergie dormante (Kundalini) à la base de la colonne vertébrale. Il combine des postures physiques (asanas), la respiration (pranayama), des mantras et la méditation pour favoriser la conscience de soi et la croissance spirituelle.	- Personnes recherchant un développement spirituel<br>- Celles souhaitant accroître leur conscience de soi<br>- Pratiquants intéressés par le travail énergétique<br>- Personnes souhaitant réduire le stress et l’anxiété	- Éveille et équilibre les centres d’énergie (chakras)<br>- Améliore la clarté mentale et la concentration<br>- Favorise la guérison émotionnelle et la stabilité<br>- Renforce la force physique et la souplesse		Mar/Jeu 18h00-19h00
5	22	it	Kundalini Yoga	Avanzato	Uno stile spirituale, focalizzato sul rilascio dell’energia e sull’autoconsapevolezza.	Il Kundalini Yoga è una pratica dinamica e spirituale che mira a risvegliare l’energia dormiente (Kundalini) alla base della colonna vertebrale. Combina posture fisiche (asana), controllo del respiro (pranayama), mantra e meditazione per promuovere la consapevolezza e la crescita spirituale.	- Chi cerca crescita spirituale<br>- Chi vuole aumentare l’autoconsapevolezza<br>- Praticanti interessati al lavoro energetico<br>- Persone che vogliono ridurre stress e ansia	- Risveglia e bilancia i centri energetici (chakra)<br>- Aumenta chiarezza mentale e concentrazione<br>- Promuove guarigione emotiva e stabilità<br>- Migliora forza fisica e flessibilità		Mar/Gio 18:00–19:00
7	22	zh	昆达里尼瑜伽	高级	一种精神性风格，专注于能量释放和自我觉察。	昆达里尼瑜伽是一种动态且具有精神性的练习，旨在唤醒脊柱底部沉睡的能量（昆达里尼）。它结合体式、呼吸控制、吟唱和冥想，促进自我意识和灵性成长。	- 寻求灵性成长的人<br>- 想增强自我觉察的人<br>- 对能量工作感兴趣的练习者<br>- 想减少压力和焦虑的人	- 唤醒和平衡能量中心（脉轮）<br>- 提高心理清晰度和专注力<br>- 促进情绪疗愈和稳定<br>- 增强身体力量和柔韧性		周二/周四 下午 6:00–7:00
8	22	de	Kundalini-Yoga	Fortgeschrittene	Ein spiritueller Stil mit Fokus auf Energieentfaltung und Selbstwahrnehmung.	Kundalini-Yoga ist eine dynamische und spirituelle Praxis, die darauf abzielt, die ruhende Energie (Kundalini) an der Basis der Wirbelsäule zu erwecken. Sie kombiniert Körperhaltungen (Asanas), Atemtechniken (Pranayama), Mantras und Meditation zur Förderung von Selbstbewusstsein und spirituellem Wachstum.	- Personen mit spirituellem Interesse<br>- Menschen, die mehr Selbstwahrnehmung entwickeln möchten<br>- Übende, die sich mit Energiearbeit beschäftigen<br>- Personen, die Stress und Angst abbauen möchten	- Aktiviert und balanciert Energiezentren (Chakren)<br>- Steigert mentale Klarheit und Fokus<br>- Unterstützt emotionale Heilung und Stabilität<br>- Fördert körperliche Stärke und Flexibilität		Di./Do. 18:00–19:00 Uhr
9	23	it	Ashtanga Yoga	Avanzato	Uno stile veloce e fisicamente impegnativo che sincronizza respiro e movimento.	Ashtanga yoga è uno stile vigoroso e strutturato che segue una sequenza precisa di posture (asana) collegate al respiro (ujjayi pranayama) e al movimento (vinyasa). Conosciuto per il suo flusso dinamico, enfatizza disciplina e costanza.	- Chi cerca un allenamento fisico intenso<br>- Chi vuole sviluppare forza e flessibilità<br>- Chi è interessato a una pratica strutturata<br>- Yogis esperti che vogliono approfondire la pratica	- Migliora la forma fisica e la resistenza<br>- Aumenta la flessibilità e l’equilibrio<br>- Migliora la chiarezza mentale e la concentrazione<br>- Favorisce il rilassamento e la stabilità emotiva<br>- Rafforza la connessione mente-corpo		Dom 17:00–18:30
10	24	it	Yoga dolce in acqua	Avanzato	Una pratica rilassante che combina yoga e idroterapia.	Gentle Water Yoga è una pratica dolce e rigenerante adatta a tutti. Si svolge in piscina riscaldata, sfruttando il sostegno e la resistenza dell’acqua per movimenti leggeri e a basso impatto.	- Chi cerca rilassamento profondo<br>- Recupero da infortuni<br>- Pratica delicata ma efficace<br>- Connessione mente-corpo in ambiente sicuro	Rafforza il corpo e la resistenza	- Adatto ai principianti<br>- Portare costume, ciabatte e asciugamano<br>- Per prenotazioni, contattare lo staff	Dom 17:00–18:30
15	23	de	Ashtanga-Yoga	Fortgeschritten	Ein schneller, körperlich anspruchsvoller Stil, der Atmung und Bewegung synchronisiert.	Ashtanga-Yoga ist ein intensiver, strukturierter Yogastil mit festgelegter Abfolge, Atemtechnik und Bewegung. Er legt großen Wert auf Disziplin und Regelmäßigkeit.	- Wer ein intensives Training sucht<br>- Zur Verbesserung von Kraft und Flexibilität<br>- Strukturierte Praxis bevorzugt<br>- Fortgeschrittene Yogis	- Verbessert Fitness und Ausdauer<br>- Erhöht Flexibilität und Gleichgewicht<br>- Steigert mentale Klarheit<br>- Reduziert Stress<br>- Fördert die Verbindung von Körper und Geist		So. 17:00–18:30 Uhr
11	23	fr	Ashtanga Yoga	Avancé	Un style rapide et exigeant physiquement, synchronisant respiration et mouvement.	L'Ashtanga est un style vigoureux et structuré qui suit une séquence spécifique de postures liées à la respiration et au mouvement. Il met l'accent sur la discipline et la régularité.	- Ceux qui recherchent un effort physique intense<br>- Développer force et souplesse<br>- Une pratique structurée<br>- Yogis expérimentés	- Améliore la condition physique<br>- Augmente la souplesse et l'équilibre<br>- Favorise la clarté mentale<br>- Réduit le stress<br>- Renforce la connexion corps-esprit		Dim 17h00–18h30
13	23	zh	阿斯汤加瑜伽	高级	一种快节奏、需要体力的风格，呼吸与动作同步。	阿斯汤加瑜伽是一种强度高、结构明确的瑜伽风格，遵循固定体式顺序，结合呼吸（ujjayi）与流动（vinyasa）。注重纪律与持续练习。	- 寻求高强度锻炼的人<br>- 增强力量与柔韧性者<br>- 喜欢结构化练习者<br>- 经验丰富的瑜伽士	- 提升体能与耐力<br>- 增强柔韧性与平衡<br>- 提高专注力<br>- 帮助减压<br>- 加强身心连接		周日下午 5:00–6:30
12	24	fr	Yoga aquatique doux	Avancé	Une pratique apaisante combinant yoga et thérapie aquatique.	Le Gentle Water Yoga est une pratique douce et réparatrice. Les cours se déroulent en piscine chauffée, en utilisant la résistance naturelle de l'eau pour favoriser des mouvements fluides et doux.	- Recherche de détente profonde<br>- Récupération musculaire<br>- Mouvement en douceur<br>- Connexion corps-esprit	Développe la force et l'endurance	- Convient aux débutants<br>- Apporter maillot, sandales et serviette<br>- Réservation auprès du personnel	Dim 17h00–18h30
14	24	zh	温和水中瑜伽	高级	结合瑜伽与水疗的舒缓练习。	温和水中瑜伽是一种适合所有人的修复性练习，在加热泳池中进行，借助水的支撑与阻力，进行柔和、低冲击的动作，适合关节保护与身体意识培养。	- 寻求深度放松者<br>- 伤后恢复者<br>- 温和有效的运动方式<br>- 安全空间中的身心连接	增强力量与耐力	- 适合初学者<br>- 请带泳衣、拖鞋和毛巾<br>- 预约请联系工作人员	周日下午 5:00–6:30
16	24	de	Sanftes Wasser-Yoga	Fortgeschritten	Eine beruhigende Praxis, die Yoga und Wassertherapie kombiniert.	Gentle Water Yoga ist eine sanfte, regenerierende Praxis im beheizten Pool. Die Übungen nutzen den Widerstand des Wassers für fließende, gelenkschonende Bewegungen.	- Tiefe Entspannung suchende<br>- Genesung nach Verletzungen<br>- Sanftes, effektives Training<br>- Körper-Geist-Verbindung in sicherem Umfeld	Stärkt Kraft und Ausdauer	- Für Anfänger geeignet<br>- Badeanzug, Handtuch und Badeschuhe mitbringen<br>- Anmeldung über das Personal	So. 17:00–18:30 Uhr
18	25	fr	Méditation de pleine conscience	Débutant	Une pratique apaisante qui cultive la pleine conscience et la paix intérieure.	La méditation de pleine conscience est une pratique guidée conçue pour développer la conscience, la présence et l'équilibre mental. Grâce à des techniques simples mais puissantes, vous apprendrez à observer vos pensées et émotions sans jugement, et à vous connecter au moment présent.	- Réduction du stress quotidien<br>- Amélioration de la concentration<br>- Développement de la pleine conscience<br>- Adapté aux débutants et expérimentés	- Améliore la clarté mentale<br>- Réduit le stress émotionnel<br>- Favorise la conscience corporelle<br>- Encourage le bien-être<br>- Facile à intégrer au quotidien	- Convient à tous les niveaux<br>- Vêtements confortables recommandés<br>- Tapis et coussins fournis	Sam 10h00-11h00
19	25	zh	正念冥想	初学者	一种宁静的练习，培养当下意识与内心平静。	正念冥想是一种引导式练习，帮助你在日常生活中培养觉知、专注和心理平衡。通过简单而有效的冥想技巧，你将学会观察思想和情绪而不加评判，培养内在平静，与当下建立更深的连接。	- 减轻日常压力和焦虑<br>- 提高专注力和平衡情绪<br>- 培养正念与内在平静<br>- 适合初学者和有经验的人	- 增强心理清晰度和专注力<br>- 减轻压力与情绪紧张<br>- 改善呼吸与身体觉察<br>- 促进放松与身心健康<br>- 易于融入日常生活	- 适合所有级别，无需经验<br>- 建议穿着舒适衣物<br>- 提供瑜伽垫和坐垫	周六 上午 10:00–11:00
20	25	de	Achtsamkeitsmeditation	Anfänger	Eine beruhigende Praxis zur Förderung von Achtsamkeit und innerem Frieden.	Achtsamkeitsmeditation ist eine geführte Praxis, die dir hilft, im Alltag Bewusstsein, Präsenz und mentale Ausgeglichenheit zu entwickeln. Mit einfachen, aber kraftvollen Techniken lernst du, Gedanken und Emotionen ohne Urteil zu beobachten, Ruhe zu finden und dich mit dem gegenwärtigen Moment zu verbinden.	- Stressreduktion im Alltag<br>- Verbesserung der Konzentration und des emotionalen Gleichgewichts<br>- Entwicklung von Achtsamkeit und innerem Frieden<br>- Für Anfänger und erfahrene Meditierende geeignet	- Fördert mentale Klarheit und Fokus<br>- Reduziert Stress und emotionale Anspannung<br>- Verbessert Atmung und Körperbewusstsein<br>- Unterstützt Entspannung und Wohlbefinden<br>- Leicht in den Alltag integrierbar	- Für alle Erfahrungsstufen geeignet<br>- Bequeme Kleidung empfohlen<br>- Matten und Kissen werden bereitgestellt	Sa 10:00–11:00 Uhr
25	27	it	Danza Fitness Fusion	Principiante	Un allenamento ad alta energia che unisce danza e fitness per una sfida divertente.	Dance Fitness Fusion è una lezione energica che combina la gioia della danza con i benefici del cardio fitness. Ispirata ai ritmi latini, è un modo divertente ed efficace per bruciare calorie, migliorare la coordinazione e sollevare lo spirito. Ogni sessione offre un'atmosfera vivace dove musica e movimento creano un'esperienza completa per il corpo.	- Aumentare la resistenza cardiovascolare<br>- Bruciare calorie in modo divertente<br>- Migliorare ritmo e coordinazione<br>- Per chi ama la musica e il movimento	- Allenamento cardio total-body<br>- Aumenta la resistenza e la flessibilità<br>- Migliora l'umore e la fiducia<br>- Perfetto per la motivazione di gruppo	- Abbigliamento sportivo e scarpe comode consigliati<br>- Atmosfera energica e adatta ai gruppi	Sab 10:00–11:00
22	26	fr	Atelier Bien-être	Débutant	Une session éducative qui explore des approches holistiques de la santé et du bien-être.	L'Atelier Bien-être est un événement mensuel conçu pour explorer divers aspects du bien-être physique, mental et émotionnel. Chaque session offre une expérience unique, combinant yoga, méditation, techniques de respiration et pratiques holistiques pour soutenir l'équilibre et les soins personnels.	- Explorer de nouvelles pratiques de bien-être<br>- Se connecter avec des personnes partageant les mêmes idées<br>- Approfondir sa routine de self-care<br>- Prendre du temps pour soi dans un groupe bienveillant	- Favorise la détente et la réduction du stress<br>- Accroît la conscience de soi et le développement personnel<br>- Offre des outils pratiques pour le bien-être quotidien<br>- Renforce le lien social et la communauté		Sam 10h00-11h00
26	27	fr	Fusion Danse Fitness	Débutant	Un entraînement énergique combinant danse et fitness pour un défi amusant.	Dance Fitness Fusion est un cours dynamique qui associe le plaisir de la danse aux bienfaits du cardio. Inspirée des rythmes latins, cette activité permet de brûler des calories, d'améliorer la coordination et d'élever l'humeur. Chaque séance offre une ambiance joyeuse où musique et mouvement créent une expérience complète.	- Améliorer l'endurance cardio<br>- Brûler des calories avec plaisir<br>- Développer rythme et coordination<br>- Pour les amateurs de musique et de mouvement	- Entraînement cardio complet<br>- Augmente l'endurance et la souplesse<br>- Renforce la confiance en soi et la bonne humeur<br>- Parfait pour la motivation en groupe	- Tenue de sport confortable et baskets recommandées<br>- Ambiance énergique et conviviale	Sam 10h00-11h00
27	27	zh	舞蹈健身融合课	初学者	高能量锻炼课程，结合舞蹈和健身，充满乐趣与挑战。	Dance Fitness Fusion 是一堂充满活力的课程，将舞蹈的乐趣与有氧健身的益处相结合。受拉丁节奏启发，课程帮助你燃烧卡路里、改善协调性并提升情绪。每节课都营造出充满节奏感的氛围，是全身性的健身体验。	- 提高心肺耐力<br>- 以愉快方式燃烧卡路里<br>- 增强节奏感和协调性<br>- 适合喜欢音乐与舞动的人	- 全身有氧锻炼<br>- 增强耐力和柔韧性<br>- 改善心情与自信<br>- 适合团队动力和互动	- 建议穿着舒适运动装和运动鞋<br>- 氛围活跃，适合群体活动	周六 上午 10:00–11:00
24	26	de	Wellness-Workshop	Anfänger	Eine lehrreiche Sitzung, die ganzheitliche Ansätze für Gesundheit und Wohlbefinden erforscht.	Der Wellness-Workshop ist eine monatliche Veranstaltung, die verschiedene Aspekte des körperlichen, mentalen und emotionalen Wohlbefindens erkundet. Jede Sitzung bietet ein einzigartiges Erlebnis mit Yoga, Meditation, Atemübungen und ganzheitlichen Methoden zur Unterstützung von Gleichgewicht und Selbstfürsorge.	- Neue Wellness-Praktiken entdecken<br>- Mit Gleichgesinnten in Kontakt kommen<br>- Die eigene Selfcare-Routine vertiefen<br>- Zeit für sich selbst in einer unterstützenden Gruppe nehmen	- Fördert Entspannung und Stressabbau<br>- Stärkt Selbstwahrnehmung und persönliches Wachstum<br>- Bietet praktische Werkzeuge für den Alltag<br>- Fördert Gemeinschaft und Verbindung		Sa 10:00–11:00 Uhr
28	27	de	Dance Fitness Fusion	Anfänger	Ein energiegeladenes Training, das Tanz und Fitness für eine spaßige Herausforderung vereint.	Dance Fitness Fusion ist ein energiegeladenes Workout, das die Freude am Tanzen mit den Vorteilen eines Cardio-Trainings kombiniert. Inspiriert von lateinamerikanischen Rhythmen, ist es eine unterhaltsame und effektive Möglichkeit, Kalorien zu verbrennen, Koordination zu verbessern und die Stimmung zu heben. Jede Einheit schafft eine motivierende Atmosphäre für ein Ganzkörpertraining.	- Verbesserung der Ausdauer<br>- Kalorienverbrennung mit Spaß<br>- Förderung von Rhythmus und Koordination<br>- Für alle, die Musik und Bewegung lieben	- Ganzkörper-Cardiotraining<br>- Erhöht Ausdauer und Beweglichkeit<br>- Stärkt Selbstvertrauen und Stimmung<br>- Ideal für Gruppentraining	- Bequeme Sportkleidung und Turnschuhe empfohlen<br>- Energiegeladene, gruppenfreundliche Atmosphäre	Sa 10:00–11:00 Uhr
23	26	zh	健康工作坊	初学者	一场探索整体健康方法的教育性课程。	健康工作坊是一个每月举行的活动，旨在探索身体、心理和情感健康的各个方面。每节课融合瑜伽、冥想、呼吸技巧和整体实践，帮助实现平衡和自我关怀。	- 探索新的健康实践<br>- 与志同道合的人建立联系<br>- 深化自我关怀<br>- 在支持性团体中放松和分享	- 有助于放松与减压<br>- 提升自我觉察与成长<br>- 提供日常实用工具<br>- 建立联系与社区归属感		周六 上午 10:00–11:00
34	29	it	Yoga al Tramonto	Principiante	Una pratica all’aperto serena, che unisce yoga e natura per un’esperienza pacifica.	Lo Yoga al Tramonto è una pratica rilassante in spazi aperti che fonde movimento consapevole, respirazione e quiete. Ogni sessione si svolge in armonia con il tramonto, offrendo una transizione tranquilla tra giorno e sera, adatta a tutti i livelli.	- Rilassarsi dopo una giornata intensa<br>- Connettersi con la natura<br>- Migliorare la flessibilità e la consapevolezza del respiro<br>- Coltivare calma interiore	- Riduce stress e tensioni<br>- Migliora equilibrio e mobilità<br>- Promuove la presenza mentale<br>- Favorisce un sonno riposante	Ogni sessione si conclude con un generoso aperitivo: un momento perfetto per rilassarsi, connettersi e godersi la serata insieme.	Sab 10:00–11:00
38	30	it	Ceramica Consapevole	Principiante	Una sessione creativa come strumento meditativo per il rilassamento e l’espressione di sé.	La Ceramica Consapevole è un’attività creativa e rilassante che unisce l’arte della ceramica alla pratica della mindfulness. Attraverso tecniche manuali e al tornio, si esplora il lavoro con materiali naturali sviluppando concentrazione, pazienza e calma interiore.	- Chi cerca un’esperienza creativa e rilassante<br>- Chi vuole rallentare e praticare consapevolezza<br>- Chi vuole riscoprire la manualità	- Favorisce il rilassamento e la chiarezza mentale<br>- Migliora concentrazione, pazienza e creatività<br>- Sviluppa destrezza manuale e coordinazione fine		Sab 10:00–11:00
35	29	fr	Yoga au coucher du soleil	Débutant	Une pratique en plein air paisible alliant yoga et nature.	Le Yoga au coucher du soleil est une pratique apaisante en extérieur, mêlant mouvements conscients, respiration et immobilité. Chaque séance suit le rythme naturel du coucher du soleil pour offrir une transition paisible de la journée à la soirée, accessible à tous les niveaux.	- Se détendre après une journée bien remplie<br>- Se connecter à la nature<br>- Améliorer sa souplesse et sa respiration<br>- Cultiver la paix intérieure	- Réduit le stress et les tensions<br>- Améliore l'équilibre et la mobilité<br>- Favorise la pleine conscience<br>- Favorise un sommeil réparateur	Chaque séance se termine par un généreux apéritif – un moment idéal pour se détendre, échanger et savourer la soirée ensemble.	Sam 10h00-11h00
32	28	zh	周末健康静修营	初学者	一次放松的假期，提供瑜伽、冥想和健康活动。	周末健康静修营是每月一次的活动，致力于恢复身体、心理和情绪的平衡。在宁静的自然环境中进行，每次静修融合了温和瑜伽、冥想、呼吸练习和自我探索课程，促进内在和谐与深层放松。	- 慢下来，暂时脱离日常节奏<br>- 加强自我觉察与自我关怀<br>- 与大自然共处<br>- 为身心灵充电	- 缓解压力，放松身心<br>- 提升正念与情绪清晰度<br>- 激发内在成长与探索<br>- 培养归属感与社区意识		周六 上午 10:00–11:00
40	30	zh	正念陶艺	初学者	一个融合创意与冥想的放松与自我表达课程。	正念陶艺是一种结合陶瓷艺术与正念练习的创造性放松活动。通过手工与拉坯技巧，探索天然材质的同时，培养专注、耐心与内在平静。	- 寻求创意与放松体验的人<br>- 希望慢下来并练习正念的人<br>- 喜欢动手或手工艺的人	- 有助于放松和提升心理清晰度<br>- 培养专注、耐心与创造力<br>- 提升手部灵活性与精细动作协调		周六 上午 10:00–11:00
36	29	zh	日落瑜伽	初学者	一场融合自然与瑜伽的户外宁静练习。	日落瑜伽是一种舒缓的户外课程，结合正念动作、呼吸训练与静止冥想。课程在日落时分进行，帮助学员从白天平稳过渡到夜晚，适合所有练习水平。	- 忙碌一天后的放松<br>- 与自然连接<br>- 提高柔韧性与呼吸觉察<br>- 培养内心平静	- 减轻压力与紧张感<br>- 改善平衡感与身体灵活性<br>- 增强正念与当下觉知<br>- 有助于放松入眠	每次课程结束后将提供精致开胃小食，完美结束充实的一天，享受与他人的交流时光。	周六 上午 10:00–11:00
33	28	de	Wellness-Retreat am Wochenende	Anfänger	Ein entspannender Rückzugsort mit Yoga, Meditation und Wellness-Aktivitäten.	Das Wellness-Retreat am Wochenende ist eine monatliche Auszeit zur Wiederherstellung des körperlichen, geistigen und emotionalen Wohlbefindens. In einer ruhigen, natürlichen Umgebung vereint jedes Retreat sanftes Yoga, geführte Meditation, Atemübungen und Selbstreflexion, um innere Harmonie und tiefe Erholung zu fördern.	- Entschleunigen und vom Alltag abschalten<br>- Selbstfürsorge und Achtsamkeit vertiefen<br>- Zeit in der Natur bewusst genießen<br>- Körper, Geist und Seele auftanken	- Fördert Entspannung und Stressabbau<br>- Stärkt Achtsamkeit und emotionale Klarheit<br>- Regt inneres Wachstum und Selbstfindung an<br>- Baut ein starkes Gemeinschaftsgefühl auf		Sa 10:00–11:00 Uhr
37	29	de	Sonnenuntergangs-Yoga	Anfänger	Eine friedliche Outdoor-Praxis, die Yoga und Natur vereint.	Sonnenuntergangs-Yoga ist eine beruhigende Praxis im Freien, bei der achtsame Bewegungen, Atemarbeit und Stille kombiniert werden. Die Sitzungen orientieren sich am natürlichen Rhythmus des Sonnenuntergangs und bieten einen sanften Übergang vom Tag in den Abend – geeignet für alle Niveaus.	- Entspannen nach einem anstrengenden Tag<br>- Verbindung mit der Natur<br>- Verbesserung von Flexibilität und Atembewusstsein<br>- Entwicklung innerer Ruhe	- Reduziert Stress und Anspannung<br>- Verbessert Gleichgewicht und Beweglichkeit<br>- Fördert Achtsamkeit und Präsenz<br>- Unterstützt einen erholsamen Schlaf	Jede Einheit endet mit einem großzügigen Aperitif – der perfekte Moment, um zu entspannen, sich zu verbinden und den Abend zu genießen.	Sa 10:00–11:00 Uhr
43	22	en	Kundalini Yoga	Advanced	A spiritual style, focusing on energy release and self-awareness.	Kundalini yoga is a dynamic and spiritual practice that aims to awaken the dormant energy (Kundalini) at the base of the spine. It combines physical postures (asanas), breath control (pranayama), chanting (mantras), and meditation to promote self-awareness and spiritual growth. This practice enhances mental clarity, emotional balance, and physical vitality, making it a transformative experience for practitioners.	- Individuals seeking spiritual growth<br>- Those looking to enhance self-awareness<br>- Practitioners interested in energy work<br>- People wanting to reduce stress and anxiety	- Awakens and balances energy centers (chakras)<br>- Increases mental clarity and focus<br>- Promotes emotional healing and stability<br>- Enhances physical strength and flexibility		Tue/Thu 6:00–7:00 PM
44	23	en	Ashtanga Yoga	Advanced	A fast-paced, physically demanding style, synchronizing breath and movement.	Ashtanga yoga is a vigorous and structured style of yoga that follows a specific sequence of postures (asanas) linked with breath (ujjayi pranayama) and movement (vinyasa). Known for its dynamic flow, Ashtanga emphasizes discipline and consistency, making it suitable for those seeking a physically challenging practice.	- Individuals seeking a physically demanding workout<br>- Practitioners looking to build strength and flexibility<br>- Those interested in a structured yoga practice<br>- Experienced yogis wanting to deepen their practice	- Improves physical fitness and endurance<br>- Increases flexibility and balance<br>- Enhances mental clarity and concentration<br>- Promotes stress relief and emotional stability<br>- Fosters a strong mind-body connection		Sun 5:00–6:30 PM
45	24	en	Gentle Water Yoga	Advanced	A soothing practice, combining yoga and water therapy for relaxation.	Gentle Water Yoga is a soft, restorative practice suitable for everyone. It combines the principles of yoga with the natural benefits of warm water. The lessons take place in our heated pool, using the support and resistance of water to encourage smooth, light, and low-impact movements, perfect for joint care and body awareness.	- Those looking for deep relaxation<br>- Recovery from injury or muscle tension<br>- Gentle but effective movement practice<br>- Mind-body connection in a safe space	Builds strength and stamina	- Suitable for beginners<br>- Please bring swimsuit, flip-flops, and towel<br>- To reserve a spot, please contact the center staff.	Mon/Wed 6:30–7:30 PM
46	25	en	Mindfulness Meditation	Beginner	A calming practice, cultivating present-moment awareness and inner peace.	Mindfulness Meditation is a guided practice designed to help you develop awareness, presence, and mental balance in your everyday life. Through simple yet powerful meditation techniques, you will learn how to observe thoughts and emotions without judgment, cultivate calm, and foster a deeper connection with the present moment.	- Reducing daily stress and anxiety<br>- Improving focus and emotional balance<br>- Developing mindfulness and inner peace<br>- Beginners and experienced meditators alike	- Enhances mental clarity and focus<br>- Reduces stress and emotional tension<br>- Improves breathing and body awareness<br>- Promotes relaxation and well-being<br>- Easy to integrate into daily routines	- Suitable for all levels, no previous experience needed<br>- Comfortable clothing recommended<br>- Mats and cushions provided	Sat 10:00–11:00 AM
47	26	en	Wellness Workshop	Beginner	An educational session, exploring holistic approaches to health and wellbeing.	The Wellness Workshop is a monthly event designed to explore different aspects of physical, mental, and emotional well-being. Each session offers a unique experience, combining yoga, meditation, breathing techniques, and holistic practices to support balance and self-care. Workshops are interactive and suitable for everyone — a space to learn, share, and recharge together.	- Exploring new wellness practices<br>- Connecting with like-minded people<br>- Deepening your self-care routine<br>- Taking time for yourself in a supportive group	- Promotes relaxation and stress relief<br>- Increases awareness and personal growth<br>- Offers practical tools for daily well-being<br>- Builds connection and community		Sat 10:00–11:00 AM
39	30	fr	Poterie en pleine conscience	Débutant	Une session créative et méditative pour la détente et l’expression de soi.	La poterie en pleine conscience est une activité créative et apaisante qui associe l’art de la céramique à la pratique de la pleine conscience. À travers des techniques de façonnage manuel et au tour, les participants travaillent avec des matériaux naturels tout en développant leur concentration, patience et calme intérieur.	- Pour ceux qui recherchent une expérience créative et relaxante<br>- Pour ralentir et pratiquer la pleine conscience<br>- Pour explorer la créativité manuelle	- Encourage la détente et la clarté mentale<br>- Améliore la concentration, la patience et la créativité<br>- Développe la dextérité manuelle et la motricité fine		Sam 10h00-11h00
41	30	de	Achtsame Töpferkunst	Anfänger	Eine kreative Einheit als meditative Methode zur Entspannung und Selbstausdruck.	Achtsame Töpferkunst ist eine kreative und entspannende Aktivität, die die Kunst der Keramik mit Achtsamkeit verbindet. Mit Handformungs- und Drehscheibentechniken wird mit natürlichen Materialien gearbeitet, um Fokus, Geduld und innere Ruhe zu fördern.	- Für alle, die eine kreative und entspannende Erfahrung suchen<br>- Zum Entschleunigen und Üben von Achtsamkeit<br>- Für handwerklich Interessierte	- Fördert Entspannung und mentale Klarheit<br>- Verbessert Fokus, Geduld und Kreativität<br>- Entwickelt manuelle Geschicklichkeit und Feinmotorik		Sa 10:00–11:00 Uhr
1	21	it	Hatha Yoga	Principiante	Uno stile lento che lavora su posture (asana), respirazione (pranayama) e rilassamento.	Lo Hatha Yoga è uno stile base dello yoga che si concentra su posture fisiche (asana) e controllo del respiro (pranayama) per sviluppare forza, flessibilità ed equilibrio.	- Principianti<br>- Chi cerca sollievo dallo stress<br>- Chi vuole migliorare la flessibilità- Chi pratica la consapevolezza<br>- Chi sta recuperando da infortuni	- Migliora la salute fisica<br>- Aumenta la chiarezza mentale<br>- Riduce stress e ansia<br>- Migliora la postura e la consapevolezza del corpo<br>- Favorisce rilassamento interiore		Lun/Mer/Ven 7:00–8:00
42	21	en	Hatha Yoga	Beginner	A slow style, working on postures (asana), breathing (pranayama) and relaxation.	Hatha yoga is a foundational style of yoga that focuses on physical postures (asanas) and breath control (pranayama) to cultivate strength, flexibility, and balance. It typically involves a slower-paced practice, allowing practitioners to concentrate on proper alignment and mindfulness.	- Beginners exploring yoga<br>- Individuals seeking stress relief<br>- Those wanting to enhance flexibility<br>- Practitioners interested in mindfulness<br>- Anyone recovering from injuries	- Improves physical health and fitness<br>- Increases mental clarity and focus<br>- Reduces stress and anxiety levels<br>- Enhances posture and body awareness<br>- Fosters a sense of inner peace and relaxation		Mon/Wed/Fri 7:00–8:00 AM
48	27	en	Dance Fitness Fusion	Beginner	A high-energy workout, blending dance and fitness for a fun challenge.	Dance Fitness Fusion is a high-energy class combining the joy of dance with the benefits of cardio fitness. Inspired by Latin rhythms and designed to get your body moving, it’s a fun, effective way to burn calories, improve coordination, and lift your spirit. Each session offers an upbeat atmosphere where music and movement create a total-body experience. No dance background needed, just bring your energy and enthusiasm!	- Boosting cardiovascular endurance<br>- Burning calories in a fun way<br>- Improving rhythm and coordination<br>- Anyone who loves music and movement	- Full-body cardio workout<br>- Increases stamina and flexibility<br>- Enhances mood and confidence<br>- Perfect for group motivation and fun	- Comfortable activewear and sneakers recommended<br>- High-energy, group-friendly atmosphere	Sat 10:00–11:00 AM
49	28	en	Weekend Wellness Retreat	Beginner	A relaxing getaway, offering yoga, meditation, and wellness activities.	The Weekend Wellness Retreat is a monthly escape dedicated to restoring physical, mental, and emotional well-being. Held in a serene natural setting, each retreat combines gentle yoga, guided meditation, breathwork, and self-reflection sessions to promote inner harmony and deep rest. It's a space for stillness, connection, and transformation, open to all levels.	- Slowing down and disconnecting from routine<br>- Deepening personal awareness and self-care<br>- Spending intentional time in nature<br>- Recharging body, mind, and spirit	- Promotes stress relief and deep relaxation<br>- Enhances mindfulness and emotional clarity<br>- Inspires inner growth and self-discovery<br>- Encourages a strong sense of community		Sat 10:00–11:00 AM
50	29	en	Sunset Yoga	Beginner	A serene outdoor practice, combining yoga and nature for a peaceful experience.	Sunset Yoga is a calming, open-air practice that blends mindful movement, breathwork, and stillness. Held outdoors, each session aligns with the natural rhythm of sunset, offering a peaceful transition from day to evening. This class is suitable for all levels and focuses on gentle flow, grounding postures, and deep relaxation.	- Unwinding after a busy day<br>- Connecting with nature<br>- Enhancing flexibility and breath awareness<br>- Cultivating inner calm	- Reduces stress and tension<br>- Improves balance and mobility<br>- Promotes mindfulness and presence<br>- Supports restful sleep	Each session concludes with a generous aperitif, offering the perfect moment to unwind, connect, and savor the evening together.	Sat 10:00–11:00 AM
51	30	en	Mindful Pottery	Beginner	A creative session as a meditative tool for relaxation and self-expression.	Mindful Pottery is a creative and relaxing activity that combines the art of ceramics with mindfulness practice. Through hand-building and wheel-throwing techniques, you’ll explore working with natural materials while cultivating focus, patience, and inner calm. This activity is open to everyone, no previous experience needed. It’s not about perfection, but about enjoying the process.	- Anyone looking for a creative and relaxing experience<br>- Those who want to slow down and practice mindfulness<br>- Exploring manual skills and working with natural materials	- Encourages relaxation and mental clarity<br>- Improves focus, patience, and creativity<br>- Develops manual dexterity and fine motor skills		Sat 10:00–11:00 AM
17	25	it	Meditazione Mindfulness	Principiante	Una pratica rilassante che coltiva la consapevolezza del momento presente e la pace interiore.	La Meditazione Mindfulness è una pratica guidata che ti aiuta a sviluppare consapevolezza, presenza ed equilibrio mentale nella vita quotidiana. Attraverso tecniche semplici ma efficaci, imparerai a osservare pensieri ed emozioni senza giudizio e a coltivare calma e connessione profonda con il presente.	- Riduzione dello stress quotidiano<br>- Miglioramento della concentrazione ed equilibrio emotivo<br>- Sviluppo della consapevolezza e della pace interiore<br>- Adatta a principianti ed esperti	- Aumenta la chiarezza mentale<br>- Riduce lo stress e la tensione emotiva<br>- Migliora la respirazione e la consapevolezza corporea<br>- Promuove il benessere e il rilassamento<br>- Facile da integrare nella vita quotidiana	- Adatta a tutti i livelli<br>- Abbigliamento comodo consigliato<br>- Tappetini e cuscini forniti	Sab 10:00–11:00
21	26	it	Workshop Benessere	Principiante	Un incontro formativo che esplora approcci olistici alla salute e al benessere.	Il Workshop Benessere è un evento mensile pensato per esplorare diversi aspetti del benessere fisico, mentale ed emotivo. Ogni sessione offre un'esperienza unica, combinando yoga, meditazione, tecniche di respirazione e pratiche olistiche per sostenere l'equilibrio e la cura di sé.	- Esplorare nuove pratiche di benessere<br>- Connettersi con persone affini<br>- Approfondire la propria routine di self-care<br>- Prendersi del tempo per sé in un ambiente accogliente	- Favorisce il rilassamento e la riduzione dello stress<br>- Aumenta la consapevolezza e la crescita personale<br>- Offre strumenti pratici per il benessere quotidiano<br>- Rafforza la connessione e il senso di comunità		Sab 10:00–11:00
30	28	it	Ritiro del Benessere del Weekend	Principiante	Una pausa rilassante che offre yoga, meditazione e attività per il benessere.	Il Weekend Wellness Retreat è un appuntamento mensile dedicato a ripristinare il benessere fisico, mentale ed emotivo. Tenuto in un ambiente naturale e tranquillo, ogni ritiro combina yoga dolce, meditazione guidata, tecniche di respirazione e sessioni di introspezione per promuovere l’armonia interiore e il riposo profondo.	- Rallentare e disconnettersi dalla routine<br>- Approfondire la consapevolezza e la cura di sé<br>- Trascorrere tempo consapevole nella natura<br>- Ricaricare corpo, mente e spirito	- Favorisce il rilassamento e il sollievo dallo stress<br>- Aumenta la consapevolezza e la chiarezza emotiva<br>- Ispira la crescita interiore e la scoperta di sé<br>- Rafforza il senso di comunità		Sab 10:00–11:00
31	28	fr	Retraite Bien-être du Week-end	Débutant	Une escapade relaxante avec yoga, méditation et activités de bien-être.	La Retraite Bien-être du Week-end est une parenthèse mensuelle consacrée à la restauration du bien-être physique, mental et émotionnel. Organisée dans un cadre naturel paisible, chaque retraite combine yoga doux, méditation guidée, respiration consciente et introspection pour favoriser l’harmonie intérieure et un profond repos.	- Ralentir et se déconnecter<br>- Approfondir la conscience de soi et les soins personnels<br>- Passer du temps dans la nature<br>- Recharger le corps, l’esprit et l’âme	- Réduit le stress et favorise la détente<br>- Renforce la pleine conscience et la clarté émotionnelle<br>- Encourage la croissance intérieure<br>- Favorise un fort sentiment de communauté		Sam 10h00-11h00
\.


--
-- Data for Name: areas; Type: TABLE DATA; Schema: public; Owner: postgres
--

COPY public.areas (id, title, image) FROM stdin;
1	bar	https://dcrgvkmnavjahkprnkem.supabase.co/storage/v1/object/sign/areas/webp/bar.webp?token=eyJraWQiOiJzdG9yYWdlLXVybC1zaWduaW5nLWtleV9jZGRmOGJkZC0zNDlkLTQyODItOWNkZi05YjVmOWI5NWUyOWYiLCJhbGciOiJIUzI1NiJ9.eyJ1cmwiOiJhcmVhcy93ZWJwL2Jhci53ZWJwIiwiaWF0IjoxNzUyMTM0NzE0LCJleHAiOjE3ODM2NzA3MTR9.T42Kz0k7NGNWe9d21tUvnhh0WNcm4wNZ8PVSARZGh0Y
2	play area	https://dcrgvkmnavjahkprnkem.supabase.co/storage/v1/object/sign/areas/webp/GiochiBimbi.webp?token=eyJraWQiOiJzdG9yYWdlLXVybC1zaWduaW5nLWtleV9jZGRmOGJkZC0zNDlkLTQyODItOWNkZi05YjVmOWI5NWUyOWYiLCJhbGciOiJIUzI1NiJ9.eyJ1cmwiOiJhcmVhcy93ZWJwL0dpb2NoaUJpbWJpLndlYnAiLCJpYXQiOjE3NTIxMzQ3MjcsImV4cCI6MTc4MzY3MDcyN30.n-69_FMkuYvqjAND5kNjk7eH7zxu2XgBqHt5dXdAEYM
3	SPA	https://dcrgvkmnavjahkprnkem.supabase.co/storage/v1/object/sign/areas/webp/SPA.webp?token=eyJraWQiOiJzdG9yYWdlLXVybC1zaWduaW5nLWtleV9jZGRmOGJkZC0zNDlkLTQyODItOWNkZi05YjVmOWI5NWUyOWYiLCJhbGciOiJIUzI1NiJ9.eyJ1cmwiOiJhcmVhcy93ZWJwL1NQQS53ZWJwIiwiaWF0IjoxNzUyMTM0NzM3LCJleHAiOjE3ODM2NzA3Mzd9.U6Pcot0G8DDv4xcgoZt7tA6BBSgZ1TZhTfIYHyslN-c
\.


--
-- Data for Name: messaggi; Type: TABLE DATA; Schema: public; Owner: postgres
--

COPY public.messaggi (id, testo) FROM stdin;
5e2f27bb-cdab-4bcc-b812-b190a2c64106	Ciao dal database!
13212e4b-fd66-499d-a0f6-1e35877930b1	spero che stia  andando tutto bene
\.


--
-- Data for Name: participant; Type: TABLE DATA; Schema: public; Owner: postgres
--

COPY public.participant (id, name, image) FROM stdin;
1	Emma Rossi	https://dcrgvkmnavjahkprnkem.supabase.co/storage/v1/object/sign/users/webp/EmmaRossi.webp?token=eyJraWQiOiJzdG9yYWdlLXVybC1zaWduaW5nLWtleV9jZGRmOGJkZC0zNDlkLTQyODItOWNkZi05YjVmOWI5NWUyOWYiLCJhbGciOiJIUzI1NiJ9.eyJ1cmwiOiJ1c2Vycy93ZWJwL0VtbWFSb3NzaS53ZWJwIiwiaWF0IjoxNzUyMTM3Nzk5LCJleHAiOjE3ODM2NzM3OTl9.YgcTgTDsFF5Uj7s32Msl5u9TzoROiCVM2gwq8nXtdDQ
2	Marco Bianchi	https://dcrgvkmnavjahkprnkem.supabase.co/storage/v1/object/sign/users/webp/MarcoBianchi.webp?token=eyJraWQiOiJzdG9yYWdlLXVybC1zaWduaW5nLWtleV9jZGRmOGJkZC0zNDlkLTQyODItOWNkZi05YjVmOWI5NWUyOWYiLCJhbGciOiJIUzI1NiJ9.eyJ1cmwiOiJ1c2Vycy93ZWJwL01hcmNvQmlhbmNoaS53ZWJwIiwiaWF0IjoxNzUyMTM3ODA4LCJleHAiOjE3ODM2NzM4MDh9.C6c1bodhzyDQlnY9jKl8uteUpEPsolGaePW5r3Fd6H8
3	Sofia Esposito\n	https://dcrgvkmnavjahkprnkem.supabase.co/storage/v1/object/sign/users/webp/SofiaEsposito.webp?token=eyJraWQiOiJzdG9yYWdlLXVybC1zaWduaW5nLWtleV9jZGRmOGJkZC0zNDlkLTQyODItOWNkZi05YjVmOWI5NWUyOWYiLCJhbGciOiJIUzI1NiJ9.eyJ1cmwiOiJ1c2Vycy93ZWJwL1NvZmlhRXNwb3NpdG8ud2VicCIsImlhdCI6MTc1MjEzNzgyMCwiZXhwIjoxNzgzNjczODIwfQ.1BriAXRF1_Z5tQJMV57KAJn2buPW2ZRbnMZBKvUEDQs
4	Luca Moretti	https://dcrgvkmnavjahkprnkem.supabase.co/storage/v1/object/sign/users/webp/LucaMoretti.webp?token=eyJraWQiOiJzdG9yYWdlLXVybC1zaWduaW5nLWtleV9jZGRmOGJkZC0zNDlkLTQyODItOWNkZi05YjVmOWI5NWUyOWYiLCJhbGciOiJIUzI1NiJ9.eyJ1cmwiOiJ1c2Vycy93ZWJwL0x1Y2FNb3JldHRpLndlYnAiLCJpYXQiOjE3NTIxMzc4MjksImV4cCI6MTc4MzY3MzgyOX0.BQHjby-VxFh-M5Wm7f2nTxwUl7fCm3DUGqp5_NiEctc
5	Alessia Conti	https://dcrgvkmnavjahkprnkem.supabase.co/storage/v1/object/sign/users/webp/AlessiaConti.webp?token=eyJraWQiOiJzdG9yYWdlLXVybC1zaWduaW5nLWtleV9jZGRmOGJkZC0zNDlkLTQyODItOWNkZi05YjVmOWI5NWUyOWYiLCJhbGciOiJIUzI1NiJ9.eyJ1cmwiOiJ1c2Vycy93ZWJwL0FsZXNzaWFDb250aS53ZWJwIiwiaWF0IjoxNzUyMTM3ODM4LCJleHAiOjE3ODM2NzM4Mzh9.wxJSnTd6vszefB6aqK6j_ys0XDL2gn32zd0x2YycB-Q
6	Giovanni Romano	https://dcrgvkmnavjahkprnkem.supabase.co/storage/v1/object/sign/users/webp/GiovanniRomano.webp?token=eyJraWQiOiJzdG9yYWdlLXVybC1zaWduaW5nLWtleV9jZGRmOGJkZC0zNDlkLTQyODItOWNkZi05YjVmOWI5NWUyOWYiLCJhbGciOiJIUzI1NiJ9.eyJ1cmwiOiJ1c2Vycy93ZWJwL0dpb3Zhbm5pUm9tYW5vLndlYnAiLCJpYXQiOjE3NTIxMzc4NDcsImV4cCI6MTc4MzY3Mzg0N30.Fxdg4BY5d3P3UqQeujocL8_E-XJRTmYtxd00B0jFO08
\.


--
-- Data for Name: review_translations; Type: TABLE DATA; Schema: public; Owner: postgres
--

COPY public.review_translations (id, review_id, language_code, review) FROM stdin;
1	1	en	I've been practicing yoga for years, but joining Serendipity has truly transformed my practice. The instructors are incredibly knowledgeable and create a supportive environment where I can deepen my practice. The Hatha classes have helped me improve my flexibility and find balance in my busy life.
2	2	en	As a complete beginner, I was nervous about trying yoga, but the instructors at Serendipity made me feel welcome from day one. The beginner classes are perfectly paced, and they take time to explain proper alignment. After just two months, I'm already noticing improvements in my posture and overall well-being.
3	3	en	The Ashtanga classes here are challenging in the best way possible. I appreciate how the teachers provide modifications for different levels while still encouraging us to push our boundaries. The studio's peaceful atmosphere makes it my favorite place to practice and grow.
4	4	en	I started coming to Serendipity for yoga but discovered their meditation sessions, which have been life-changing. Learning to quiet my mind and focus on my breath has helped me manage stress much better. The instructors create such a calming environment - it's my sanctuary in the middle of a hectic week.
5	5	en	After a back injury, I was recommended to try yoga therapy at Serendipity. The personalized approach and gentle guidance from my instructor have made a significant difference in my recovery. I've gained strength, mobility, and most importantly, confidence in my body again. Forever grateful for this amazing studio!
6	6	en	The variety of classes offered at Serendipity keeps my practice interesting and challenging. I particularly enjoy the Kundalini yoga sessions which have helped me develop both physical strength and mental clarity. The community here is supportive and welcoming - it feels like a second home.
7	1	it	Pratico yoga da anni, ma unirmi a Serendipity ha davvero trasformato la mia pratica. Gli insegnanti sono estremamente competenti e creano un ambiente di supporto in cui posso approfondire il mio percorso. Le lezioni di Hatha mi hanno aiutato a migliorare la flessibilità e a trovare equilibrio nella mia vita frenetica.
8	2	it	Ero completamente principiante e avevo un po' di timore nell'iniziare yoga, ma gli insegnanti di Serendipity mi hanno fatto sentire il benvenuto fin dal primo giorno. Le lezioni per principianti hanno un ritmo perfetto e spiegano con cura l'allineamento. Dopo soli due mesi, noto già miglioramenti nella postura e nel benessere generale.
9	3	it	Le lezioni di Ashtanga qui sono stimolanti nel modo migliore. Apprezzo il fatto che gli insegnanti offrano modifiche per diversi livelli, pur incoraggiandoci a superare i nostri limiti. L'atmosfera tranquilla dello studio lo rende il mio posto preferito per praticare e crescere.
10	4	it	Ho iniziato a frequentare Serendipity per lo yoga, ma ho scoperto le sessioni di meditazione, che sono state rivoluzionarie. Imparare a calmare la mente e concentrarmi sul respiro mi ha aiutato moltissimo a gestire lo stress. Gli insegnanti creano un ambiente così sereno: è il mio rifugio nel caos della settimana.
11	5	it	Dopo un infortunio alla schiena, mi è stato consigliato di provare la yoga terapia a Serendipity. L'approccio personalizzato e la guida gentile dell'insegnante hanno avuto un impatto enorme sulla mia guarigione. Ho recuperato forza, mobilità e, cosa più importante, fiducia nel mio corpo. Sarò per sempre grata a questo studio fantastico!
12	6	it	La varietà di lezioni offerte da Serendipity rende la mia pratica interessante e stimolante. Mi piacciono in particolare le sessioni di Kundalini yoga, che mi hanno aiutato a sviluppare forza fisica e chiarezza mentale. La comunità qui è accogliente e solidale – mi sento come a casa.
13	1	fr	Je pratique le yoga depuis des années, mais rejoindre Serendipity a vraiment transformé ma pratique. Les instructeurs sont incroyablement compétents et créent un environnement bienveillant où je peux approfondir mon parcours. Les cours de Hatha m'ont aidée à améliorer ma souplesse et à trouver un équilibre dans ma vie bien remplie.
14	2	fr	En tant que débutant complet, j'étais un peu anxieux à l'idée d'essayer le yoga, mais les instructeurs de Serendipity m'ont mis à l'aise dès le premier jour. Les cours pour débutants sont parfaitement rythmés et prennent le temps d'expliquer correctement les alignements. Après seulement deux mois, je remarque déjà une amélioration de ma posture et de mon bien-être général.
15	3	fr	Les cours d'Ashtanga ici sont exigeants de la meilleure des façons. J'apprécie la façon dont les enseignants proposent des variantes pour chaque niveau tout en nous encourageant à repousser nos limites. L'atmosphère paisible du studio en fait mon endroit préféré pour pratiquer et progresser.
16	4	fr	Je suis venu à Serendipity pour le yoga, mais j'ai découvert leurs séances de méditation, qui ont changé ma vie. Apprendre à calmer mon esprit et à me concentrer sur ma respiration m'a beaucoup aidé à gérer le stress. Les instructeurs créent une ambiance tellement apaisante – c'est mon refuge au milieu d'une semaine chargée.
17	5	fr	Après une blessure au dos, on m'a recommandé d'essayer la thérapie par le yoga chez Serendipity. L'approche personnalisée et les conseils bienveillants de mon instructeur ont eu un impact significatif sur ma guérison. J'ai retrouvé de la force, de la mobilité et, surtout, confiance en mon corps. Je serai éternellement reconnaissant à ce studio incroyable !
18	6	fr	La variété des cours proposés chez Serendipity rend ma pratique à la fois intéressante et stimulante. J'apprécie particulièrement les séances de Kundalini yoga, qui m'ont permis de développer à la fois force physique et clarté mentale. La communauté ici est accueillante et solidaire – on s'y sent comme chez soi.
19	1	zh	我练习瑜伽多年，但加入 Serendipity 真正改变了我的修行。这里的老师非常专业，营造出一个支持性的环境，让我能够更深入地练习。哈他瑜伽课程帮助我提升柔韧性，在忙碌生活中找到平衡。
20	2	zh	作为一个完全的初学者，我一开始对尝试瑜伽感到紧张，但 Serendipity 的教练们从第一天起就让我感到受欢迎。初学者课程节奏适中，老师们耐心讲解正确的姿势。仅仅两个月后，我就感觉到身体姿势和整体健康有了明显改善。
21	3	zh	这里的阿斯汤加课程具有挑战性，但非常值得。我很感激老师们为不同水平的学员提供动作调整，同时也鼓励我们突破自我。这个工作室安静的氛围让我非常喜欢来这里练习和成长。
22	4	zh	我最初是为了瑜伽来到 Serendipity，但后来发现了他们的冥想课程，真的改变了我的生活。学习如何安静内心、专注呼吸，帮助我更好地应对压力。教练们创造出一种非常平静的氛围——这是我繁忙一周中的避风港。
23	5	zh	背部受伤后，我被建议尝试 Serendipity 的瑜伽疗愈。教练的个性化指导和温柔陪伴对我的康复产生了重大影响。我重拾了力量、灵活性，最重要的是，对自己身体的信心。我将永远感激这个了不起的工作室！
24	6	zh	Serendipity 提供的课程种类丰富，让我的练习保持新鲜感和挑战性。我特别喜欢昆达里尼瑜伽，它帮助我增强了身体力量和心智清晰度。这里的社群非常温暖和包容——感觉就像第二个家。
25	1	de	Ich praktiziere seit Jahren Yoga, aber der Beitritt zu Serendipity hat meine Praxis wirklich verändert. Die Lehrer sind unglaublich kompetent und schaffen eine unterstützende Atmosphäre, in der ich meine Praxis vertiefen kann. Die Hatha-Kurse haben mir geholfen, meine Flexibilität zu verbessern und mehr Ausgleich in meinem hektischen Leben zu finden.
26	2	de	Als völliger Anfänger war ich zunächst nervös, Yoga auszuprobieren, aber die Lehrer bei Serendipity haben mich von Anfang an herzlich aufgenommen. Die Einsteigerkurse sind genau richtig getaktet, und die korrekte Ausrichtung wird sorgfältig erklärt. Nach nur zwei Monaten sehe ich bereits Verbesserungen in meiner Haltung und meinem allgemeinen Wohlbefinden.
27	3	de	Die Ashtanga-Kurse hier sind auf die beste Art herausfordernd. Ich schätze es sehr, dass die Lehrer Modifikationen für verschiedene Level anbieten und uns gleichzeitig ermutigen, unsere Grenzen zu erweitern. Die ruhige Atmosphäre im Studio macht es zu meinem Lieblingsort zum Üben und Wachsen.
28	4	de	Ich kam ursprünglich wegen Yoga zu Serendipity, entdeckte dann aber die Meditationssitzungen – und sie haben mein Leben verändert. Zu lernen, meinen Geist zu beruhigen und mich auf meinen Atem zu konzentrieren, hat mir enorm geholfen, mit Stress umzugehen. Die Lehrer schaffen eine so entspannende Umgebung – es ist mein Rückzugsort in einer hektischen Woche.
29	5	de	Nach einer Rückenverletzung wurde mir empfohlen, Yogatherapie bei Serendipity zu versuchen. Der persönliche Ansatz und die einfühlsame Begleitung durch meine Lehrerin haben einen großen Unterschied in meiner Genesung gemacht. Ich habe Kraft, Beweglichkeit und vor allem wieder Vertrauen in meinen Körper gewonnen. Ich bin diesem wunderbaren Studio für immer dankbar!
30	6	de	Die Vielfalt der Kurse bei Serendipity hält meine Praxis spannend und herausfordernd. Besonders schätze ich die Kundalini-Yoga-Stunden, die mir geholfen haben, körperliche Stärke und mentale Klarheit zu entwickeln. Die Gemeinschaft hier ist unterstützend und herzlich – es fühlt sich an wie ein zweites Zuhause.
\.


--
-- Data for Name: reviews; Type: TABLE DATA; Schema: public; Owner: postgres
--

COPY public.reviews (iduser, idactivity, stars, review, date) FROM stdin;
1	21	5	I've been practicing yoga for years, but joining Serendipity has truly transformed my practice. The instructors are incredibly knowledgeable and create a supportive environment where I can deepen my practice. The Hatha classes have helped me improve my flexibility and find balance in my busy life.	2023-07-15
2	21	4	As a complete beginner, I was nervous about trying yoga, but the instructors at Serendipity made me feel welcome from day one. The beginner classes are perfectly paced, and they take time to explain proper alignment. After just two months, I'm already noticing improvements in my posture and overall well-being.	2023-11-03
3	23	5	The Ashtanga classes here are challenging in the best way possible. I appreciate how the teachers provide modifications for different levels while still encouraging us to push our boundaries. The studio's peaceful atmosphere makes it my favorite place to practice and grow.	2024-08-28
4	25	5	I started coming to Serendipity for yoga but discovered their meditation sessions, which have been life-changing. Learning to quiet my mind and focus on my breath has helped me manage stress much better. The instructors create such a calming environment - it's my sanctuary in the middle of a hectic week.	2025-02-15
5	24	4	After a back injury, I was recommended to try yoga therapy at Serendipity. The personalized approach and gentle guidance from my instructor have made a significant difference in my recovery. I've gained strength, mobility, and most importantly, confidence in my body again. Forever grateful for this amazing studio!	2024-01-29
6	22	4	The variety of classes offered at Serendipity keeps my practice interesting and challenging. I particularly enjoy the Kundalini yoga sessions which have helped me develop both physical strength and mental clarity. The community here is supportive and welcoming - it feels like a second home.	2025-03-19
\.


--
-- Data for Name: reviews_base; Type: TABLE DATA; Schema: public; Owner: postgres
--

COPY public.reviews_base (id, idparticipant, idactivity, stars, date) FROM stdin;
1	1	21	5	2023-07-15
2	2	21	4	2023-11-03
3	3	23	5	2024-08-28
4	4	25	5	2025-02-15
5	5	24	4	2024-01-29
6	6	22	4	2025-03-19
\.


--
-- Data for Name: room; Type: TABLE DATA; Schema: public; Owner: postgres
--

COPY public.room (id, title, description, image, features) FROM stdin;
1	Oriental Room	A serene haven infused with Eastern tranquility. Practice amidst elegant Asian-inspired decor, where harmony flows through every detail.\n\n"Where ancient wisdom meets mindful movement."	https://dcrgvkmnavjahkprnkem.supabase.co/storage/v1/object/sign/room-images/webp/orientalRoom.webp?token=eyJraWQiOiJzdG9yYWdlLXVybC1zaWduaW5nLWtleV9jZGRmOGJkZC0zNDlkLTQyODItOWNkZi05YjVmOWI5NWUyOWYiLCJhbGciOiJIUzI1NiJ9.eyJ1cmwiOiJyb29tLWltYWdlcy93ZWJwL29yaWVudGFsUm9vbS53ZWJwIiwiaWF0IjoxNzUyMTM4MTE4LCJleHAiOjE3ODM2NzQxMTh9.bUvBR7gzcPC9MUI29b4p2sRpuPLg1sCV8woEPjPtGnw	- Warm teak floors & silk drapery\r\n- Soft lantern lighting & incense scents\r\n- Traditional singing bowls & chimes
2	Forest Room	An earthy sanctuary where nature embraces practice. Breathe in forest scents, unwind under leafy canopies, and reconnect with grounding energy.\n\n"Where every exhale returns you to the wild."	https://dcrgvkmnavjahkprnkem.supabase.co/storage/v1/object/sign/room-images/webp/ForestRoom.webp?token=eyJraWQiOiJzdG9yYWdlLXVybC1zaWduaW5nLWtleV9jZGRmOGJkZC0zNDlkLTQyODItOWNkZi05YjVmOWI5NWUyOWYiLCJhbGciOiJIUzI1NiJ9.eyJ1cmwiOiJyb29tLWltYWdlcy93ZWJwL0ZvcmVzdFJvb20ud2VicCIsImlhdCI6MTc1MjEzODEyOCwiZXhwIjoxNzgzNjc0MTI4fQ.YHyT1pSHDRIy_xR6rNSB6XPqtQEwUUcCMNtH_-xLSR0	- Biophilic design with wood & greenery\r\n- Soft nature sounds & dappled light\r\n- Aromatherapy (pine, cedar, vetiver)\r\n
3	Swimming Pool	A warm, mineral-rich oasis for mindful movement. Swim, float, or practice aqua yoga in this tranquil space designed to amplify hydrotherapy benefits.\n\n"Where water supports both body and spirit."	https://dcrgvkmnavjahkprnkem.supabase.co/storage/v1/object/sign/room-images/webp/swimmingPool.webp?token=eyJraWQiOiJzdG9yYWdlLXVybC1zaWduaW5nLWtleV9jZGRmOGJkZC0zNDlkLTQyODItOWNkZi05YjVmOWI5NWUyOWYiLCJhbGciOiJIUzI1NiJ9.eyJ1cmwiOiJyb29tLWltYWdlcy93ZWJwL3N3aW1taW5nUG9vbC53ZWJwIiwiaWF0IjoxNzUyMTM4MTM2LCJleHAiOjE3ODM2NzQxMzZ9.TQQ0dhT6y115tPHVvbRyqqFCqYbn231XPBLT_JRoxic	- 32°C magnesium enriched water\r\n- Mood lighting & silent swim hours\r\n- Solar heated, ecofriendly system
5	Le Cantinette	A cozy, character-filled space perfect for creativity and focus. Set in a vaulted brick room, it’s ideal for workshops, small group sessions, and hands-on activities.	https://dcrgvkmnavjahkprnkem.supabase.co/storage/v1/object/sign/room-images/webp/workshopSala.webp?token=eyJraWQiOiJzdG9yYWdlLXVybC1zaWduaW5nLWtleV9jZGRmOGJkZC0zNDlkLTQyODItOWNkZi05YjVmOWI5NWUyOWYiLCJhbGciOiJIUzI1NiJ9.eyJ1cmwiOiJyb29tLWltYWdlcy93ZWJwL3dvcmtzaG9wU2FsYS53ZWJwIiwiaWF0IjoxNzUyMTM4MTU4LCJleHAiOjE3ODM2NzQxNTh9.0KcoalacvX0rCoVdt_oiCMuIbdefwFTwXKpCD1tf13w	- intimate, quiet atmosphere with arched ceilings\r\n- Flexible table setup for group or solo work\r\n- Authentic terracotta floors and rustic charm
6	Garden Terrace	A serene outdoor haven designed for calm and connection. Surrounded by greenery and natural light, this multi-level garden space is ideal for mindful movement and open-air experiences.	https://dcrgvkmnavjahkprnkem.supabase.co/storage/v1/object/sign/room-images/webp/Giardino.webp?token=eyJraWQiOiJzdG9yYWdlLXVybC1zaWduaW5nLWtleV9jZGRmOGJkZC0zNDlkLTQyODItOWNkZi05YjVmOWI5NWUyOWYiLCJhbGciOiJIUzI1NiJ9.eyJ1cmwiOiJyb29tLWltYWdlcy93ZWJwL0dpYXJkaW5vLndlYnAiLCJpYXQiOjE3NTIxMzgxNjcsImV4cCI6MTc4MzY3NDE2N30.FUN24qGLDd_Z0-kZGe9fd7CJuPMrqtBexYBABPVdckk	\r\n- Peaceful atmosphere with lush plants and modern design\r\n- Elevated area perfect for meditation or individual practice\r\n- Natural setting ideal for golden hour sessions
4	Zumba Studio	An energizing space made for movement and rhythm. Ideal for Zumba and dance workouts, with vibrant lighting, mirrored walls, and upbeat music.\n	https://dcrgvkmnavjahkprnkem.supabase.co/storage/v1/object/sign/room-images/webp/areaZumba.webp?token=eyJraWQiOiJzdG9yYWdlLXVybC1zaWduaW5nLWtleV9jZGRmOGJkZC0zNDlkLTQyODItOWNkZi05YjVmOWI5NWUyOWYiLCJhbGciOiJIUzI1NiJ9.eyJ1cmwiOiJyb29tLWltYWdlcy93ZWJwL2FyZWFadW1iYS53ZWJwIiwiaWF0IjoxNzUyMTQzMDMzLCJleHAiOjE3ODM2NzkwMzN9.cib-4DdfJ7AAhGXnXaiicyQsShm7_xdEwjjAbSQtPmE	- Spacious, mirrored studio for full visibility\r\n- Professional sound system with Latin beats\r\n- Shock absorbing wooden flooring for joint comfort\r\n
\.


--
-- Data for Name: room_base; Type: TABLE DATA; Schema: public; Owner: postgres
--

COPY public.room_base (id, image) FROM stdin;
1	https://dcrgvkmnavjahkprnkem.supabase.co/storage/v1/object/sign/room-images/webp/orientalRoom.webp?token=eyJraWQiOiJzdG9yYWdlLXVybC1zaWduaW5nLWtleV9jZGRmOGJkZC0zNDlkLTQyODItOWNkZi05YjVmOWI5NWUyOWYiLCJhbGciOiJIUzI1NiJ9.eyJ1cmwiOiJyb29tLWltYWdlcy93ZWJwL29yaWVudGFsUm9vbS53ZWJwIiwiaWF0IjoxNzUyMTM4MTE4LCJleHAiOjE3ODM2NzQxMTh9.bUvBR7gzcPC9MUI29b4p2sRpuPLg1sCV8woEPjPtGnw
2	https://dcrgvkmnavjahkprnkem.supabase.co/storage/v1/object/sign/room-images/webp/ForestRoom.webp?token=eyJraWQiOiJzdG9yYWdlLXVybC1zaWduaW5nLWtleV9jZGRmOGJkZC0zNDlkLTQyODItOWNkZi05YjVmOWI5NWUyOWYiLCJhbGciOiJIUzI1NiJ9.eyJ1cmwiOiJyb29tLWltYWdlcy93ZWJwL0ZvcmVzdFJvb20ud2VicCIsImlhdCI6MTc1MjEzODEyOCwiZXhwIjoxNzgzNjc0MTI4fQ.YHyT1pSHDRIy_xR6rNSB6XPqtQEwUUcCMNtH_-xLSR0
3	https://dcrgvkmnavjahkprnkem.supabase.co/storage/v1/object/sign/room-images/webp/swimmingPool.webp?token=eyJraWQiOiJzdG9yYWdlLXVybC1zaWduaW5nLWtleV9jZGRmOGJkZC0zNDlkLTQyODItOWNkZi05YjVmOWI5NWUyOWYiLCJhbGciOiJIUzI1NiJ9.eyJ1cmwiOiJyb29tLWltYWdlcy93ZWJwL3N3aW1taW5nUG9vbC53ZWJwIiwiaWF0IjoxNzUyMTM4MTM2LCJleHAiOjE3ODM2NzQxMzZ9.TQQ0dhT6y115tPHVvbRyqqFCqYbn231XPBLT_JRoxic
4	https://dcrgvkmnavjahkprnkem.supabase.co/storage/v1/object/sign/room-images/webp/areaZumba.webp?token=eyJraWQiOiJzdG9yYWdlLXVybC1zaWduaW5nLWtleV9jZGRmOGJkZC0zNDlkLTQyODItOWNkZi05YjVmOWI5NWUyOWYiLCJhbGciOiJIUzI1NiJ9.eyJ1cmwiOiJyb29tLWltYWdlcy93ZWJwL2FyZWFadW1iYS53ZWJwIiwiaWF0IjoxNzUyMTQzMDMzLCJleHAiOjE3ODM2NzkwMzN9.cib-4DdfJ7AAhGXnXaiicyQsShm7_xdEwjjAbSQtPmE
5	https://dcrgvkmnavjahkprnkem.supabase.co/storage/v1/object/sign/room-images/webp/workshopSala.webp?token=eyJraWQiOiJzdG9yYWdlLXVybC1zaWduaW5nLWtleV9jZGRmOGJkZC0zNDlkLTQyODItOWNkZi05YjVmOWI5NWUyOWYiLCJhbGciOiJIUzI1NiJ9.eyJ1cmwiOiJyb29tLWltYWdlcy93ZWJwL3dvcmtzaG9wU2FsYS53ZWJwIiwiaWF0IjoxNzUyMTM4MTU4LCJleHAiOjE3ODM2NzQxNTh9.0KcoalacvX0rCoVdt_oiCMuIbdefwFTwXKpCD1tf13w
6	https://dcrgvkmnavjahkprnkem.supabase.co/storage/v1/object/sign/room-images/webp/Giardino.webp?token=eyJraWQiOiJzdG9yYWdlLXVybC1zaWduaW5nLWtleV9jZGRmOGJkZC0zNDlkLTQyODItOWNkZi05YjVmOWI5NWUyOWYiLCJhbGciOiJIUzI1NiJ9.eyJ1cmwiOiJyb29tLWltYWdlcy93ZWJwL0dpYXJkaW5vLndlYnAiLCJpYXQiOjE3NTIxMzgxNjcsImV4cCI6MTc4MzY3NDE2N30.FUN24qGLDd_Z0-kZGe9fd7CJuPMrqtBexYBABPVdckk
\.


--
-- Data for Name: room_translations; Type: TABLE DATA; Schema: public; Owner: postgres
--

COPY public.room_translations (id, room_id, language_code, title, description, features) FROM stdin;
2	1	fr	Salle Orientale	Un havre de paix imprégné de sérénité orientale. Pratiquez dans un décor d’inspiration asiatique, où l’harmonie se ressent dans chaque détail.\r\n\r\n"Là où la sagesse ancienne rencontre le mouvement conscient."	- Parquet en teck et rideaux en soie\r\n- Lanterne douce et senteurs d’encens\r\n- Bols chantants et carillons traditionnels
3	1	zh	东方静室	一个充满东方宁静氛围的静修之地。在充满亚洲风格的优雅环境中练习，让和谐在每个细节中流动。\r\n\r\n“在这里，古老的智慧与正念的运动相遇。”	- 柚木地板和丝绸帷幔\r\n- 柔和灯笼与熏香\r\n- 唱颂钵与风铃声
4	1	de	Orientalischer Raum	Ein ruhiger Zufluchtsort mit östlicher Gelassenheit. Übe in einem elegant gestalteten Raum im asiatischen Stil, in dem Harmonie in jedem Detail spürbar ist.\r\n\r\n"Wo alte Weisheit auf achtsame Bewegung trifft."	- Warmer Teakboden und seidene Vorhänge\r\n- Sanftes Laternenlicht und Weihrauchduft\r\n- Klangschalen und traditionelle Windspiele
5	2	it	Sala Foresta	Un santuario naturale dove la pratica si fonde con la natura. Respira i profumi del bosco, rilassati sotto le fronde e riconnettiti con l’energia della terra.\r\n\r\n"Dove ogni respiro ti riporta alla natura."	- Design biofilico con legno e vegetazione\r\n- Suoni naturali e luce filtrata\r\n- Aromaterapia (pino, cedro, vetiver)
6	2	fr	Salle Forêt	Un sanctuaire terrestre où la nature enveloppe la pratique. Respirez les senteurs de la forêt, détendez-vous sous les feuillages et reconnectez-vous à l’énergie de la terre.\r\n\r\n"Là où chaque expiration vous ramène à la nature."	- Design biophilique avec bois et verdure\r\n- Sons naturels apaisants et lumière tamisée\r\n- Aromathérapie (pin, cèdre, vétiver)
7	2	zh	森林房	一个与大自然融合的静谧圣地。在树叶的遮荫下深呼吸森林的气息，感受大地的能量，放松身心。\r\n\r\n“在这里，每一次呼气都带你回归自然。”	- 仿生设计，结合木材与绿植\r\n- 自然音效与斑驳光影\r\n- 芳香疗法（松木、雪松、岩兰草）
8	2	de	Waldraum	Ein erdiges Refugium, in dem die Natur die Praxis umarmt. Atme die Düfte des Waldes ein, entspanne unter Blätterdächern und finde zurück zur Erdung.\r\n\r\n"Wo jeder Ausatmen dich zurück zur Wildnis bringt."	- Biophiles Design mit Holz und Pflanzen\r\n- Sanfte Naturgeräusche und Lichtspiele\r\n- Aromatherapie (Kiefer, Zeder, Vetiver)
9	3	it	Piscina Termale	Un’oasi calda e ricca di minerali per un movimento consapevole. Nuota, galleggia o pratica aqua yoga in questo spazio tranquillo progettato per amplificare i benefici dell’idroterapia.\r\n\r\n"Dove l’acqua sostiene corpo e spirito."	- Acqua a 32°C arricchita con magnesio\r\n- Luci d’atmosfera e orari di nuoto silenzioso\r\n- Sistema solare ecologico per il riscaldamento
10	3	fr	Piscine Bien-être	Un oasis chaud et riche en minéraux pour un mouvement en pleine conscience. Nagez, flottez ou pratiquez l’aqua yoga dans cet espace conçu pour renforcer les bienfaits de l’hydrothérapie.\r\n\r\n"Là où l’eau soutient le corps et l’esprit."	- Eau enrichie en magnésium à 32°C\r\n- Éclairage d’ambiance et horaires silencieux\r\n- Chauffage solaire respectueux de l’environnement
11	3	zh	温泉泳池	一个富含矿物质的温暖空间，适合正念运动。在宁静氛围中游泳、漂浮或进行水中瑜伽，充分发挥水疗的益处。\r\n\r\n“在这里，水支撑着你的身体与心灵。”	- 富含镁的32°C温水\r\n- 氛围灯光与安静游泳时间\r\n- 太阳能环保加热系统
12	3	de	Thermalbecken	Eine warme, mineralreiche Oase für achtsame Bewegung. Schwimmen, schweben oder praktiziere Aqua-Yoga in diesem ruhigen Raum, der die Vorteile der Hydrotherapie verstärkt.\r\n\r\n"Wo Wasser Körper und Geist trägt."	- 32°C magnesiumangereichertes Wasser\r\n- Stimmungslicht & stille Schwimmzeiten\r\n- Solarbeheiztes, umweltfreundliches System
13	4	it	Studio Zumba	Uno spazio energizzante pensato per il movimento e il ritmo. Ideale per Zumba e allenamenti di danza, con luci vibranti, specchi a parete e musica coinvolgente.	- Studio spazioso con pareti a specchio\r\n- Impianto audio professionale con ritmi latini\r\n- Pavimento ammortizzato per il comfort articolare
14	4	fr	Studio Zumba	Un espace dynamique conçu pour le mouvement et le rythme. Idéal pour la Zumba et les entraînements dansés, avec éclairage vibrant, miroirs muraux et musique entraînante.	- Studio spacieux avec miroirs muraux\r\n- Système audio professionnel aux rythmes latins\r\n- Sol en bois amortissant pour protéger les articulations
15	4	zh	尊巴舞教室	一个充满活力的空间，专为舞蹈与节奏而设计。非常适合尊巴和舞蹈训练，配有炫酷灯光、全身镜和动感音乐。	- 宽敞的镜面教室\r\n- 配备拉丁音乐的专业音响系统\r\n- 减震木地板，保护关节
16	4	de	Zumba-Studio	Ein energiegeladener Raum für Bewegung und Rhythmus. Ideal für Zumba- und Tanztrainings mit lebendiger Beleuchtung, Spiegelwänden und mitreißender Musik.	- Geräumiges Studio mit Wandspiegeln\r\n- Professionelles Soundsystem mit lateinamerikanischen Beats\r\n- Stoßdämpfender Holzboden für Gelenkschonung
17	5	it	Le Cantinette	Uno spazio accogliente e ricco di carattere, perfetto per creatività e concentrazione. Situato in una sala con volta in mattoni, è ideale per workshop, piccoli gruppi e attività manuali.	- Atmosfera intima e silenziosa con soffitti a volta\r\n- Disposizione flessibile dei tavoli per gruppi o lavoro individuale\r\n- Pavimenti in cotto e fascino rustico
18	5	fr	Les Cantinette	Un espace chaleureux et plein de caractère, parfait pour la créativité et la concentration. Situé dans une pièce voûtée en briques, idéal pour les ateliers, petits groupes et activités pratiques.	- Ambiance intime et calme avec plafonds voûtés\r\n- Tables modulables pour travail en groupe ou individuel\r\n- Sols en terre cuite et charme rustique
19	5	zh	拱顶小厅	一个温馨且富有特色的空间，适合创作与专注。坐落于砖砌拱顶房间内，非常适合工作坊、小组课程及动手活动。	- 拱顶天花板营造亲密安静的氛围\r\n- 灵活的桌椅布置适合小组或个人使用\r\n- 赤陶地板与质朴风格
20	5	de	Die Cantinette	Ein gemütlicher Raum voller Charakter – perfekt für Kreativität und Fokus. Unter einem Backsteingewölbe gelegen, ideal für Workshops, kleine Gruppen und praktische Aktivitäten.	- Intime, ruhige Atmosphäre mit Gewölbedecken\r\n- Flexible Tischanordnung für Gruppen- oder Einzelarbeit\r\n- Terrakottaboden und rustikaler Charme
1	1	it	Sala Orientale	Un rifugio sereno intriso di tranquillità orientale. Pratica in un ambiente ispirato all’estetica asiatica, dove l’armonia fluisce in ogni dettaglio.\r\n\r\n"Dove l’antica saggezza incontra il movimento consapevole."	- Pavimenti in teak e tendaggi di seta\r\n- Lanterne soffuse e profumo d’incenso\r\n- Campane tibetane e carillon tradizionali
21	6	it	Terrazza Giardino	Un’oasi all’aperto progettata per la calma e la connessione. Circondata da vegetazione e luce naturale, questa terrazza su più livelli è ideale per movimenti consapevoli e attività en plein air.	- Atmosfera serena con piante rigogliose e design moderno\r\n- Area rialzata perfetta per meditazione o pratica individuale\r\n- Ambientazione naturale ideale per sessioni al tramonto
26	2	en	Forest Room	An earthy sanctuary where nature embraces practice. Breathe in forest scents, unwind under leafy canopies, and reconnect with grounding energy.\\n\\n"Where every exhale returns you to the wild."	- Biophilic design with wood & greenery\r\n- Soft nature sounds & dappled light\r\n- Aromatherapy (pine, cedar, vetiver)
22	6	fr	Terrasse Jardin	Un havre de paix en plein air conçu pour le calme et la connexion. Entouré de verdure et de lumière naturelle, cet espace jardin en terrasses est idéal pour les pratiques de pleine conscience et les expériences en plein air.	- Atmosphère paisible avec végétation luxuriante et design moderne\r\n- Espace surélevé parfait pour la méditation ou la pratique individuelle\r\n- Cadre naturel idéal pour les séances au coucher du soleil
23	6	zh	花园露台	一个为宁静与连接而设计的户外空间。环绕于绿意和自然光之中，这个多层次花园空间非常适合正念练习和户外体验。	- 绿植环绕与现代设计打造平静氛围\r\n- 高处区域适合冥想或个人练习\r\n- 自然环境，非常适合黄昏时分练习
24	6	de	Gartenterrasse	Ein ruhiger Außenbereich, der für Gelassenheit und Verbindung geschaffen wurde. Umgeben von Pflanzen und natürlichem Licht bietet diese mehrstufige Terrasse den idealen Rahmen für achtsame Bewegungen und Erlebnisse im Freien.	- Friedliche Atmosphäre mit üppigem Grün und modernem Design\r\n- Erhöhter Bereich ideal für Meditation oder Einzelpraxis\r\n- Natürliche Umgebung perfekt für Einheiten bei Sonnenuntergang
25	1	en	Oriental Room	A serene haven infused with Eastern tranquility. Practice amidst elegant Asian-inspired decor, where harmony flows through every detail.\\n\\n"Where ancient wisdom meets mindful movement."	- Warm teak floors & silk drapery\r\n- Soft lantern lighting & incense scents\r\n- Traditional singing bowls & chimes
27	3	en	Swimming Pool	A warm, mineral-rich oasis for mindful movement. Swim, float, or practice aqua yoga in this tranquil space designed to amplify hydrotherapy benefits.\\n\\n"Where water supports both body and spirit."	- 32°C magnesium enriched water\r\n- Mood lighting & silent swim hours\r\n- Solar heated, ecofriendly system
28	4	en	Zumba Studio	An energizing space made for movement and rhythm. Ideal for Zumba and dance workouts, with vibrant lighting, mirrored walls, and upbeat music.	- Spacious, mirrored studio for full visibility\r\n- Professional sound system with Latin beats\r\n- Shock absorbing wooden flooring for joint comfort
29	5	en	Le Cantinette	A cozy, character-filled space perfect for creativity and focus. Set in a vaulted brick room, it’s ideal for workshops, small group sessions, and hands-on activities.	- Intimate, quiet atmosphere with arched ceilings\r\n- Flexible table setup for group or solo work\r\n- Authentic terracotta floors and rustic charm
30	6	en	Garden Terrace	A serene outdoor haven designed for calm and connection. Surrounded by greenery and natural light, this multi-level garden space is ideal for mindful movement and open-air experiences.	- Peaceful atmosphere with lush plants and modern design\r\n- Elevated area perfect for meditation or individual practice\r\n- Natural setting ideal for golden hour sessions
\.


--
-- Data for Name: teacher; Type: TABLE DATA; Schema: public; Owner: postgres
--

COPY public.teacher (id, name, surname, role, main_expertise, about, image) FROM stdin;
2	Michael	Chen	Wellness Director	Traditional Yoga & Water Yoga	Michael specializes in traditional yoga practices and has pioneered our  water yoga program. His gentle approach makes yoga accessible to  practitioners of all levels.	https://dcrgvkmnavjahkprnkem.supabase.co/storage/v1/object/sign/teacher-images/michael-chen.jpg?token=eyJhbGciOiJIUzI1NiIsInR5cCI6IkpXVCIsImtpZCI6InN0b3JhZ2UtdXJsLXNpZ25pbmcta2V5XzI0MmJkN2U5LTVjNTQtNGViYy1iYmQwLWZhZGJjMjQ0NDMyOSJ9.eyJ1cmwiOiJ0ZWFjaGVyLWltYWdlcy9taWNoYWVsLWNoZW4uanBnIiwiaWF0IjoxNzQ2Mjc1NDk3LCJleHAiOjE5MDM5NTU0OTd9.epF65KrA23ITHIR0W8ENPmKHIYEIrCAqttDfkP_73Mc
3	Emma	Rodriguez	Dance & Movement Specialist	Zumba & Dynamic Flow	Emma brings energy and  rhythm to our center through her dynamic Zumba classes and flow  sessions. Her background in dance adds a unique perspective to movement  practices.	https://dcrgvkmnavjahkprnkem.supabase.co/storage/v1/object/sign/teacher-images/emma-rodriguez.jpg?token=eyJhbGciOiJIUzI1NiIsInR5cCI6IkpXVCIsImtpZCI6InN0b3JhZ2UtdXJsLXNpZ25pbmcta2V5XzI0MmJkN2U5LTVjNTQtNGViYy1iYmQwLWZhZGJjMjQ0NDMyOSJ9.eyJ1cmwiOiJ0ZWFjaGVyLWltYWdlcy9lbW1hLXJvZHJpZ3Vlei5qcGciLCJpYXQiOjE3NDYyNzU0ODAsImV4cCI6MTkwMzk1NTQ4MH0.quiLYMaObVbwufzh_NwrFeX7B16aWvidpWH06Ym4SQg
4	David	Kumar	Meditation Guide	Mindfulness & Spiritual Wellness	David's approach to  meditation combines traditional techniques with modern mindfulness  practices. He leads our retreat programs and spiritual workshops.	https://dcrgvkmnavjahkprnkem.supabase.co/storage/v1/object/sign/teacher-images/david-kumar.jpg?token=eyJhbGciOiJIUzI1NiIsInR5cCI6IkpXVCIsImtpZCI6InN0b3JhZ2UtdXJsLXNpZ25pbmcta2V5XzI0MmJkN2U5LTVjNTQtNGViYy1iYmQwLWZhZGJjMjQ0NDMyOSJ9.eyJ1cmwiOiJ0ZWFjaGVyLWltYWdlcy9kYXZpZC1rdW1hci5qcGciLCJpYXQiOjE3NDYyNzUwNTgsImV4cCI6MTkwMzk1NTA1OH0.hzsR8KdYBsXwtCj6-0jY06DNaQTLucYZl-p2i6o6Hec
5	Sofia	Bianchi	Creative Arts Instructor	Ceramics & Mindful Creation	Sofia brings artistry to our center through ceramics classes and creative workshops. She believes in the meditative power of working with clay and creative expression.	https://dcrgvkmnavjahkprnkem.supabase.co/storage/v1/object/sign/teacher-images/sofia-bianchi.jpg?token=eyJhbGciOiJIUzI1NiIsInR5cCI6IkpXVCIsImtpZCI6InN0b3JhZ2UtdXJsLXNpZ25pbmcta2V5XzI0MmJkN2U5LTVjNTQtNGViYy1iYmQwLWZhZGJjMjQ0NDMyOSJ9.eyJ1cmwiOiJ0ZWFjaGVyLWltYWdlcy9zb2ZpYS1iaWFuY2hpLmpwZyIsImlhdCI6MTc0NjI3NTUyNSwiZXhwIjoxOTAzOTU1NTI1fQ.P56XwCceDygqSuIkZCm4_UqwRc5qUNXmp561FdlXyGQ
1	Sarah	Mitchell	Lead Yoga instructor	Vinyasa Flow & Meditation	With over 15 years of experience in yoga practice and teaching, Sarah  brings a wealth of knowledge in Vinyasa Flow and meditation techniques.  Her classes focus on mindful movement and breath awareness.	https://dcrgvkmnavjahkprnkem.supabase.co/storage/v1/object/sign/teacher-images/sarah-mitchell.jpg?token=eyJhbGciOiJIUzI1NiIsInR5cCI6IkpXVCIsImtpZCI6InN0b3JhZ2UtdXJsLXNpZ25pbmcta2V5XzI0MmJkN2U5LTVjNTQtNGViYy1iYmQwLWZhZGJjMjQ0NDMyOSJ9.eyJ1cmwiOiJ0ZWFjaGVyLWltYWdlcy9zYXJhaC1taXRjaGVsbC5qcGciLCJpYXQiOjE3NDYyNzU1MTEsImV4cCI6MTkwMzk1NTUxMX0.LOe3ASJB8LNcQkwVpqJVtBQ3wWSF6qaVLh-e-DM10ag
\.


--
-- Data for Name: teacher_base; Type: TABLE DATA; Schema: public; Owner: postgres
--

COPY public.teacher_base (id, image, "Name", "Surname") FROM stdin;
1	https://dcrgvkmnavjahkprnkem.supabase.co/storage/v1/object/sign/teacher-images/webp/sarah-mitchell.webp?token=eyJraWQiOiJzdG9yYWdlLXVybC1zaWduaW5nLWtleV9jZGRmOGJkZC0zNDlkLTQyODItOWNkZi05YjVmOWI5NWUyOWYiLCJhbGciOiJIUzI1NiJ9.eyJ1cmwiOiJ0ZWFjaGVyLWltYWdlcy93ZWJwL3NhcmFoLW1pdGNoZWxsLndlYnAiLCJpYXQiOjE3NTIxMzkwNTMsImV4cCI6MTc4MzY3NTA1M30.Wz0JdwBynqd8OsQCYY5_gzMnHvZiU-9L4SswIuxFlEo	Sarah	Mitchell
2	https://dcrgvkmnavjahkprnkem.supabase.co/storage/v1/object/sign/teacher-images/webp/michael-chen.webp?token=eyJraWQiOiJzdG9yYWdlLXVybC1zaWduaW5nLWtleV9jZGRmOGJkZC0zNDlkLTQyODItOWNkZi05YjVmOWI5NWUyOWYiLCJhbGciOiJIUzI1NiJ9.eyJ1cmwiOiJ0ZWFjaGVyLWltYWdlcy93ZWJwL21pY2hhZWwtY2hlbi53ZWJwIiwiaWF0IjoxNzUyMTM5MDc4LCJleHAiOjE3ODM2NzUwNzh9.r7ldhvzkiWd1mcnL7ypEkIVdD5vEcftkaiF2nFZu8tk	Michael	Chen
3	https://dcrgvkmnavjahkprnkem.supabase.co/storage/v1/object/sign/teacher-images/webp/emma-rodriguez.webp?token=eyJraWQiOiJzdG9yYWdlLXVybC1zaWduaW5nLWtleV9jZGRmOGJkZC0zNDlkLTQyODItOWNkZi05YjVmOWI5NWUyOWYiLCJhbGciOiJIUzI1NiJ9.eyJ1cmwiOiJ0ZWFjaGVyLWltYWdlcy93ZWJwL2VtbWEtcm9kcmlndWV6LndlYnAiLCJpYXQiOjE3NTIxMzkwODYsImV4cCI6MTc4MzY3NTA4Nn0.3Hgwf4JVo2YVuKxeZVfEnSzDXxGA24-QeQKEXdClksc	Emma	Rodriguez
4	https://dcrgvkmnavjahkprnkem.supabase.co/storage/v1/object/sign/teacher-images/webp/david-kumar.webp?token=eyJraWQiOiJzdG9yYWdlLXVybC1zaWduaW5nLWtleV9jZGRmOGJkZC0zNDlkLTQyODItOWNkZi05YjVmOWI5NWUyOWYiLCJhbGciOiJIUzI1NiJ9.eyJ1cmwiOiJ0ZWFjaGVyLWltYWdlcy93ZWJwL2RhdmlkLWt1bWFyLndlYnAiLCJpYXQiOjE3NTIxMzkwOTQsImV4cCI6MTc4MzY3NTA5NH0.J7iv_JKDvi3-yiDuxTPai9AFSj3NfvQ2Cwp5trI4ta8	David	Kumar
5	https://dcrgvkmnavjahkprnkem.supabase.co/storage/v1/object/sign/teacher-images/webp/sofia-bianchi.webp?token=eyJraWQiOiJzdG9yYWdlLXVybC1zaWduaW5nLWtleV9jZGRmOGJkZC0zNDlkLTQyODItOWNkZi05YjVmOWI5NWUyOWYiLCJhbGciOiJIUzI1NiJ9.eyJ1cmwiOiJ0ZWFjaGVyLWltYWdlcy93ZWJwL3NvZmlhLWJpYW5jaGkud2VicCIsImlhdCI6MTc1MjEzOTEwMiwiZXhwIjoxNzgzNjc1MTAyfQ.xUc5IUItQsMbvdGD75z07tDQs2Bviz3Swy1Pco1wO0Q	Sofia	Bianchi
\.


--
-- Data for Name: teacher_translations; Type: TABLE DATA; Schema: public; Owner: postgres
--

COPY public.teacher_translations ("NON_USARE", id, language_code, role, main_expertise, about) FROM stdin;
1	1	it	Istruttrice principale di Yoga	Vinyasa Flow e Meditazione	Con oltre 15 anni di esperienza nella pratica e nell’insegnamento dello yoga, Sarah porta con sé una profonda conoscenza del Vinyasa Flow e delle tecniche di meditazione. Le sue lezioni si concentrano sul movimento consapevole e sulla consapevolezza del respiro.
2	1	fr	Instructrice principale de yoga	Vinyasa Flow et méditation	Avec plus de 15 ans d’expérience dans la pratique et l’enseignement du yoga, Sarah apporte une riche expertise en Vinyasa Flow et techniques de méditation. Ses cours sont axés sur le mouvement conscient et la conscience de la respiration.
3	1	zh	首席瑜伽导师	流瑜伽与冥想	Sarah 拥有超过15年的瑜伽练习与教学经验，精通流瑜伽和冥想技巧。她的课程注重正念运动与呼吸觉察，带来深入的身心体验。
4	1	de	Leitende Yogalehrerin	Vinyasa Flow & Meditation	Mit über 15 Jahren Erfahrung in der Yogapraxis und im Unterricht bringt Sarah ein fundiertes Wissen über Vinyasa Flow und Meditationstechniken mit. Ihre Kurse legen den Fokus auf achtsame Bewegung und Atembewusstsein.
5	1	en	Lead Yoga Instructor	Vinyasa Flow & Meditation	With over 15 years of experience in yoga practice and teaching, Sarah brings a wealth of knowledge in Vinyasa Flow and meditation techniques. Her classes focus on mindful movement and breath awareness.
6	2	en	Wellness Director	Traditional Yoga & Water Yoga	Michael specializes in traditional yoga practices and has pioneered our water yoga program. His gentle approach makes yoga accessible to practitioners of all levels.
7	2	it	Direttore del Benessere	Yoga Tradizionale e Yoga in Acqua	Michael è specializzato nelle pratiche tradizionali di yoga ed è il pioniere del nostro programma di yoga in acqua. Il suo approccio gentile rende lo yoga accessibile a praticanti di tutti i livelli.
8	2	fr	Directeur du bien-être	Yoga traditionnel et yoga aquatique	Michael est spécialisé dans les pratiques traditionnelles de yoga et a développé notre programme de yoga aquatique. Son approche douce rend le yoga accessible à tous les niveaux.
9	2	zh	健康总监	传统瑜伽与水中瑜伽	Michael 精通传统瑜伽，同时开创了我们的水中瑜伽项目。他温和的教学方式让各个层次的练习者都能轻松参与。
10	2	de	Wellness-Leiter	Traditionelles Yoga & Wasser-Yoga	Michael ist auf traditionelle Yoga-Praktiken spezialisiert und hat unser Wasser-Yoga-Programm ins Leben gerufen. Sein sanfter Ansatz macht Yoga für alle Erfahrungsstufen zugänglich.
11	3	en	Dance & Movement Specialist	Zumba & Dynamic Flow	Emma brings energy and rhythm to our center through her dynamic Zumba classes and flow sessions. Her background in dance adds a unique perspective to movement practices.
12	3	it	Specialista in Danza e Movimento	Zumba e Flusso Dinamico	Emma porta energia e ritmo nel nostro centro con le sue lezioni dinamiche di Zumba e sessioni di movimento fluido. Il suo background nella danza dona un tocco unico alle pratiche motorie.
13	3	fr	Spécialiste en danse et mouvement	Zumba et Flow dynamique	Emma apporte énergie et rythme à notre centre à travers ses cours dynamiques de Zumba et de flow. Son parcours en danse offre une perspective unique sur la pratique du mouvement.
14	3	zh	舞蹈与身体活动导师	尊巴与动态流动	Emma 通过富有活力的尊巴课程和流动练习为中心注入了节奏与活力。她的舞蹈背景为身体练习带来了独特视角。
15	3	de	Spezialistin für Tanz und Bewegung	Zumba & Dynamisches Flow-Training	Emma bringt durch ihre dynamischen Zumba-Stunden und Flow-Sessions Energie und Rhythmus in unser Zentrum. Ihr Hintergrund im Tanz verleiht den Bewegungspraktiken eine besondere Tiefe.
16	4	en	Meditation Guide	Mindfulness & Spiritual Wellness	David's approach to meditation combines traditional techniques with modern mindfulness practices. He leads our retreat programs and spiritual workshops.
17	4	it	Guida alla Meditazione	Mindfulness e Benessere Spirituale	L’approccio di David alla meditazione unisce tecniche tradizionali con pratiche moderne di mindfulness. Conduce i nostri ritiri e workshop spirituali.
18	4	fr	Guide de méditation	Pleine conscience et bien-être spirituel	L’approche de David en matière de méditation combine des techniques traditionnelles avec des pratiques modernes de pleine conscience. Il dirige nos retraites et ateliers spirituels.
19	4	zh	冥想导师	正念与灵性健康	David 的冥想教学结合了传统技巧与现代正念实践。他负责领导我们的静修课程与灵性工作坊。
20	4	de	Meditationsleiter	Achtsamkeit und spirituelles Wohlbefinden	Davids Ansatz zur Meditation vereint traditionelle Techniken mit moderner Achtsamkeitspraxis. Er leitet unsere Retreats und spirituellen Workshops.
21	5	en	Creative Arts Instructor	Ceramics & Mindful Creation	Sofia brings artistry to our center through ceramics classes and creative workshops. She believes in the meditative power of working with clay and creative expression.
22	5	it	Istruttrice di Arti Creative	Ceramica e Creazione Consapevole	Sofia porta arte e creatività nel nostro centro attraverso corsi di ceramica e laboratori espressivi. Crede profondamente nel potere meditativo della manipolazione dell’argilla e dell’espressione creativa.
23	5	fr	Formatrice en arts créatifs	Céramique et création en pleine conscience	Sofia apporte une touche artistique à notre centre à travers des cours de céramique et des ateliers créatifs. Elle croit au pouvoir méditatif du travail de l’argile et de l’expression artistique.
24	5	zh	创意艺术讲师	陶艺与正念创作	Sofia 通过陶艺课程和创意工作坊为中心注入艺术气息。她坚信与黏土互动和创造性表达具有冥想般的力量。
25	5	de	Dozentin für kreative Künste	Keramik & achtsames Gestalten	Sofia bringt künstlerischen Ausdruck in unser Zentrum durch Keramikkurse und kreative Workshops. Sie glaubt an die meditative Kraft des Arbeitens mit Ton und kreativen Ausdrucks.
\.


--
-- Data for Name: teaches; Type: TABLE DATA; Schema: public; Owner: postgres
--

COPY public.teaches (idteacher, idactivity) FROM stdin;
1	21
2	21
2	22
2	26
3	23
3	27
4	24
4	28
4	30
5	25
5	29
\.


--
-- Data for Name: schema_migrations; Type: TABLE DATA; Schema: realtime; Owner: supabase_admin
--

COPY realtime.schema_migrations (version, inserted_at) FROM stdin;
20211116024918	2025-04-26 14:54:25
20211116045059	2025-04-26 14:54:27
20211116050929	2025-04-26 14:54:29
20211116051442	2025-04-26 14:54:30
20211116212300	2025-04-26 14:54:32
20211116213355	2025-04-26 14:54:33
20211116213934	2025-04-26 14:54:35
20211116214523	2025-04-26 14:54:37
20211122062447	2025-04-26 14:54:39
20211124070109	2025-04-26 14:54:40
20211202204204	2025-04-26 14:54:42
20211202204605	2025-04-26 14:54:43
20211210212804	2025-04-26 14:54:48
20211228014915	2025-04-26 14:54:50
20220107221237	2025-04-26 14:54:51
20220228202821	2025-04-26 14:54:53
20220312004840	2025-04-26 14:54:55
20220603231003	2025-04-26 14:54:57
20220603232444	2025-04-26 14:54:59
20220615214548	2025-04-26 14:55:00
20220712093339	2025-04-26 14:55:02
20220908172859	2025-04-26 14:55:03
20220916233421	2025-04-26 14:55:05
20230119133233	2025-04-26 14:55:07
20230128025114	2025-04-26 14:55:09
20230128025212	2025-04-26 14:55:10
20230227211149	2025-04-26 14:55:12
20230228184745	2025-04-26 14:55:13
20230308225145	2025-04-26 14:55:15
20230328144023	2025-04-26 14:55:16
20231018144023	2025-04-26 14:55:18
20231204144023	2025-04-26 14:55:21
20231204144024	2025-04-26 14:55:22
20231204144025	2025-04-26 14:55:24
20240108234812	2025-04-26 14:55:25
20240109165339	2025-04-26 14:55:27
20240227174441	2025-04-26 14:55:30
20240311171622	2025-04-26 14:55:32
20240321100241	2025-04-26 14:55:35
20240401105812	2025-04-26 14:55:40
20240418121054	2025-04-26 14:55:42
20240523004032	2025-04-26 14:55:47
20240618124746	2025-04-26 14:55:49
20240801235015	2025-04-26 14:55:51
20240805133720	2025-04-26 14:55:52
20240827160934	2025-04-26 14:55:54
20240919163303	2025-04-26 14:55:56
20240919163305	2025-04-26 14:55:57
20241019105805	2025-04-26 14:55:59
20241030150047	2025-04-26 14:56:05
20241108114728	2025-04-26 14:56:07
20241121104152	2025-04-26 14:56:08
20241130184212	2025-04-26 14:56:10
20241220035512	2025-04-26 14:56:12
20241220123912	2025-04-26 14:56:13
20241224161212	2025-04-26 14:56:15
20250107150512	2025-04-26 14:56:17
20250110162412	2025-04-26 14:56:18
20250123174212	2025-04-26 14:56:20
20250128220012	2025-04-26 14:56:21
20250506224012	2025-05-25 20:16:17
20250523164012	2025-06-05 07:03:58
20250714121412	2025-07-23 09:35:43
\.


--
-- Data for Name: subscription; Type: TABLE DATA; Schema: realtime; Owner: supabase_admin
--

COPY realtime.subscription (id, subscription_id, entity, filters, claims, created_at) FROM stdin;
\.


--
-- Data for Name: buckets; Type: TABLE DATA; Schema: storage; Owner: supabase_storage_admin
--

COPY storage.buckets (id, name, owner, created_at, updated_at, public, avif_autodetection, file_size_limit, allowed_mime_types, owner_id) FROM stdin;
teacher-images	teacher-images	\N	2025-05-03 12:03:32.010516+00	2025-05-03 12:03:32.010516+00	f	f	\N	\N	\N
room-images	room-images	\N	2025-05-03 12:14:47.442554+00	2025-05-03 12:14:47.442554+00	f	f	\N	\N	\N
users	users	\N	2025-05-03 13:09:27.938778+00	2025-05-03 13:09:27.938778+00	f	f	\N	\N	\N
logos	logos	\N	2025-05-03 13:09:59.658448+00	2025-05-03 13:09:59.658448+00	f	f	\N	\N	\N
icons	icons	\N	2025-05-03 13:10:26.993394+00	2025-05-03 13:10:26.993394+00	f	f	\N	\N	\N
backgrounds	backgrounds	\N	2025-05-03 13:10:48.88284+00	2025-05-03 13:10:48.88284+00	f	f	\N	\N	\N
areas	areas	\N	2025-05-03 13:11:03.4591+00	2025-05-03 13:11:03.4591+00	f	f	\N	\N	\N
activities	activities	\N	2025-05-03 13:11:56.654926+00	2025-05-03 13:11:56.654926+00	f	f	\N	\N	\N
flags	flags	\N	2025-05-13 13:23:56.38502+00	2025-05-13 13:23:56.38502+00	f	f	\N	\N	\N
test-webp-images	test-webp-images	\N	2025-07-09 09:19:18.98333+00	2025-07-09 09:19:18.98333+00	f	f	\N	\N	\N
\.


--
-- Data for Name: migrations; Type: TABLE DATA; Schema: storage; Owner: supabase_storage_admin
--

COPY storage.migrations (id, name, hash, executed_at) FROM stdin;
0	create-migrations-table	e18db593bcde2aca2a408c4d1100f6abba2195df	2025-04-26 14:54:23.274114
1	initialmigration	6ab16121fbaa08bbd11b712d05f358f9b555d777	2025-04-26 14:54:23.280187
2	storage-schema	5c7968fd083fcea04050c1b7f6253c9771b99011	2025-04-26 14:54:23.28487
3	pathtoken-column	2cb1b0004b817b29d5b0a971af16bafeede4b70d	2025-04-26 14:54:23.305273
4	add-migrations-rls	427c5b63fe1c5937495d9c635c263ee7a5905058	2025-04-26 14:54:23.331448
5	add-size-functions	79e081a1455b63666c1294a440f8ad4b1e6a7f84	2025-04-26 14:54:23.336371
6	change-column-name-in-get-size	f93f62afdf6613ee5e7e815b30d02dc990201044	2025-04-26 14:54:23.342022
7	add-rls-to-buckets	e7e7f86adbc51049f341dfe8d30256c1abca17aa	2025-04-26 14:54:23.347434
8	add-public-to-buckets	fd670db39ed65f9d08b01db09d6202503ca2bab3	2025-04-26 14:54:23.352405
9	fix-search-function	3a0af29f42e35a4d101c259ed955b67e1bee6825	2025-04-26 14:54:23.357728
10	search-files-search-function	68dc14822daad0ffac3746a502234f486182ef6e	2025-04-26 14:54:23.364821
11	add-trigger-to-auto-update-updated_at-column	7425bdb14366d1739fa8a18c83100636d74dcaa2	2025-04-26 14:54:23.370788
12	add-automatic-avif-detection-flag	8e92e1266eb29518b6a4c5313ab8f29dd0d08df9	2025-04-26 14:54:23.380646
13	add-bucket-custom-limits	cce962054138135cd9a8c4bcd531598684b25e7d	2025-04-26 14:54:23.385846
14	use-bytes-for-max-size	941c41b346f9802b411f06f30e972ad4744dad27	2025-04-26 14:54:23.391017
15	add-can-insert-object-function	934146bc38ead475f4ef4b555c524ee5d66799e5	2025-04-26 14:54:23.418523
16	add-version	76debf38d3fd07dcfc747ca49096457d95b1221b	2025-04-26 14:54:23.424908
17	drop-owner-foreign-key	f1cbb288f1b7a4c1eb8c38504b80ae2a0153d101	2025-04-26 14:54:23.430176
18	add_owner_id_column_deprecate_owner	e7a511b379110b08e2f214be852c35414749fe66	2025-04-26 14:54:23.435759
19	alter-default-value-objects-id	02e5e22a78626187e00d173dc45f58fa66a4f043	2025-04-26 14:54:23.444069
20	list-objects-with-delimiter	cd694ae708e51ba82bf012bba00caf4f3b6393b7	2025-04-26 14:54:23.449386
21	s3-multipart-uploads	8c804d4a566c40cd1e4cc5b3725a664a9303657f	2025-04-26 14:54:23.460771
22	s3-multipart-uploads-big-ints	9737dc258d2397953c9953d9b86920b8be0cdb73	2025-04-26 14:54:23.490854
23	optimize-search-function	9d7e604cddc4b56a5422dc68c9313f4a1b6f132c	2025-04-26 14:54:23.517419
24	operation-function	8312e37c2bf9e76bbe841aa5fda889206d2bf8aa	2025-04-26 14:54:23.522635
25	custom-metadata	d974c6057c3db1c1f847afa0e291e6165693b990	2025-04-26 14:54:23.52768
\.


--
-- Data for Name: objects; Type: TABLE DATA; Schema: storage; Owner: supabase_storage_admin
--

COPY storage.objects (id, bucket_id, name, owner, created_at, updated_at, last_accessed_at, metadata, version, owner_id, user_metadata) FROM stdin;
cacda9a3-52d5-44d8-b383-9d8eb38415b1	users	jpeg/Luca Moretti.jpg	\N	2025-05-03 13:09:35.30931+00	2025-07-10 08:52:20.608397+00	2025-05-03 13:09:35.30931+00	{"eTag": "\\"d85d574b531311ff7f049e523d5a77fd\\"", "size": 62135, "mimetype": "image/jpeg", "cacheControl": "max-age=3600", "lastModified": "2025-07-10T08:52:21.000Z", "contentLength": 62135, "httpStatusCode": 200}	f6290cb8-d234-487a-858e-54ab5f24524f	\N	\N
069cf797-e40e-48f5-9f76-7e55424b5ff6	users	jpeg/Alessia Conti.jpg	\N	2025-05-12 16:34:09.500272+00	2025-07-10 08:52:20.778061+00	2025-05-12 16:34:09.500272+00	{"eTag": "\\"62160227df1e98273ae1ed49dda7a2c6\\"", "size": 5298361, "mimetype": "image/jpeg", "cacheControl": "max-age=3600", "lastModified": "2025-07-10T08:52:21.000Z", "contentLength": 5298361, "httpStatusCode": 200}	382b59a6-c6d1-44de-a606-dd8b73acc334	\N	\N
4c6ae328-c410-4564-a466-bf92022c834c	icons	phone-icon.svg	\N	2025-05-03 13:10:31.821143+00	2025-05-03 13:10:31.821143+00	2025-05-03 13:10:31.821143+00	{"eTag": "\\"b7fdb608784036c5db706143273b29aa-1\\"", "size": 615, "mimetype": "image/svg+xml", "cacheControl": "max-age=3600", "lastModified": "2025-05-03T13:10:32.000Z", "contentLength": 615, "httpStatusCode": 200}	0ab89d5f-cdb2-41d2-a7a9-38ddcf63a8fa	\N	\N
6521fc0c-4d66-4027-b818-8e8b160a1ff9	activities	Workshop old/workshop.jpg	\N	2025-05-03 13:14:20.123228+00	2025-07-09 12:54:13.081259+00	2025-05-03 13:14:20.123228+00	{"eTag": "\\"fd43ed197c918e2b26a74193823422c6\\"", "size": 8064521, "mimetype": "image/jpeg", "cacheControl": "max-age=3600", "lastModified": "2025-07-09T12:54:13.000Z", "contentLength": 8064521, "httpStatusCode": 200}	f2a20daa-83db-4b7b-9874-a572d2ceea8b	\N	\N
9b570c96-4fca-4b7c-ad6e-15481ac1302b	activities	Zumba old/zumba-scaled.jpg	\N	2025-05-03 13:14:35.179412+00	2025-07-09 12:54:30.326388+00	2025-05-03 13:14:35.179412+00	{"eTag": "\\"b03c74cebe88258fc6ec0869fe615580\\"", "size": 236754, "mimetype": "image/jpeg", "cacheControl": "max-age=3600", "lastModified": "2025-07-09T12:54:31.000Z", "contentLength": 236754, "httpStatusCode": 200}	182d329f-bf5c-44c0-96c7-f04177bdf3d8	\N	\N
061ba74a-d7dc-4e2d-84cc-fa332b229790	room-images	jpeg/area zumba.jpg	\N	2025-05-03 13:08:57.007114+00	2025-07-10 09:00:07.262921+00	2025-05-03 13:08:57.007114+00	{"eTag": "\\"bc80e5640c089528b96ca844228b3552\\"", "size": 92791, "mimetype": "image/jpeg", "cacheControl": "max-age=3600", "lastModified": "2025-07-10T09:00:08.000Z", "contentLength": 92791, "httpStatusCode": 200}	507e9755-078f-480e-a854-99e0cdcb2dfb	\N	\N
bfe54d66-8458-4023-a91d-7fca891c792b	activities	YogaClasses old/yoga-classes_preview.jpg	\N	2025-05-03 13:14:25.670612+00	2025-07-09 12:54:38.929231+00	2025-05-03 13:14:25.670612+00	{"eTag": "\\"663eb6185ef79421aa6a0c3b1505e9e5\\"", "size": 431274, "mimetype": "image/jpeg", "cacheControl": "max-age=3600", "lastModified": "2025-07-09T12:54:39.000Z", "contentLength": 431274, "httpStatusCode": 200}	0f658088-e6f0-4a35-9fb2-9abcfaec150b	\N	\N
53d63335-8248-4a92-97a9-c716f43c732f	teacher-images	jpeg/david-kumar.jpg	\N	2025-05-03 12:07:43.111238+00	2025-07-10 09:13:03.605321+00	2025-05-03 12:07:43.111238+00	{"eTag": "\\"d8f91612d6884db7e51c7e33c20fcafd\\"", "size": 108713, "mimetype": "image/jpeg", "cacheControl": "max-age=3600", "lastModified": "2025-07-10T09:13:04.000Z", "contentLength": 108713, "httpStatusCode": 200}	e922e3d7-4238-4fd4-8e7e-3109dee5a925	\N	\N
e81af2af-771d-48b2-a744-4be0ec4baf9e	teacher-images	jpeg/michael-chen.jpg	\N	2025-05-03 12:07:42.890718+00	2025-07-10 09:13:03.605734+00	2025-05-03 12:07:42.890718+00	{"eTag": "\\"62930e40a1b5e003accdc9a6f80ccdcb\\"", "size": 197725, "mimetype": "image/jpeg", "cacheControl": "max-age=3600", "lastModified": "2025-07-10T09:13:04.000Z", "contentLength": 197725, "httpStatusCode": 200}	f86a8d15-a329-4285-bf48-e937d3da16c0	\N	\N
e53804cd-3ae9-4502-aa7a-d2fa530a43d9	teacher-images	jpeg/emma-rodriguez.jpg	\N	2025-05-03 12:07:42.766941+00	2025-07-10 09:13:03.620155+00	2025-05-03 12:07:42.766941+00	{"eTag": "\\"f5b8b893cc8ee62ecbe620748b2ee8c5\\"", "size": 96291, "mimetype": "image/jpeg", "cacheControl": "max-age=3600", "lastModified": "2025-07-10T09:13:04.000Z", "contentLength": 96291, "httpStatusCode": 200}	dcbfe167-6c76-4369-920f-2b90e38f2b68	\N	\N
41cdcad0-c663-4033-960a-caed3212d0e7	teacher-images	jpeg/sarah-mitchell.jpg	\N	2025-05-03 12:07:43.14473+00	2025-07-10 09:13:03.687006+00	2025-05-03 12:07:43.14473+00	{"eTag": "\\"532a74324ec4d747e3b8c76149060476\\"", "size": 389732, "mimetype": "image/jpeg", "cacheControl": "max-age=3600", "lastModified": "2025-07-10T09:13:04.000Z", "contentLength": 389732, "httpStatusCode": 200}	3caafa5d-b372-44ff-a46b-343c4db9dbe7	\N	\N
c64a6130-085b-44c8-affa-b9fe1dd7a637	teacher-images	jpeg/sofia-bianchi.jpg	\N	2025-05-03 12:07:43.072039+00	2025-07-10 09:13:03.690382+00	2025-05-03 12:07:43.072039+00	{"eTag": "\\"12d9accb235c5856c15986f63370be32\\"", "size": 123602, "mimetype": "image/jpeg", "cacheControl": "max-age=3600", "lastModified": "2025-07-10T09:13:04.000Z", "contentLength": 123602, "httpStatusCode": 200}	28eae2a7-2872-45de-9ffe-f0a62c7dd114	\N	\N
fd1a381f-ebba-4e30-bf04-53c8668de0a3	users	jpeg/Emma Rossi.jpg	\N	2025-05-12 16:34:11.166495+00	2025-07-10 08:52:20.816643+00	2025-05-12 16:34:11.166495+00	{"eTag": "\\"0e1a927dbb47271e482aa698687675aa\\"", "size": 10553789, "mimetype": "image/jpeg", "cacheControl": "max-age=3600", "lastModified": "2025-07-10T08:52:21.000Z", "contentLength": 10553789, "httpStatusCode": 200}	0d6fde38-a87f-438a-a1f3-ea3ec9b4f409	\N	\N
0157c04c-d1e3-4ed7-9255-fe43d0b61dbb	flags	ita.png	\N	2025-05-13 13:26:18.491824+00	2025-05-13 13:26:18.491824+00	2025-05-13 13:26:18.491824+00	{"eTag": "\\"a6a837def0ac37405087ac729d83037a-1\\"", "size": 455, "mimetype": "image/png", "cacheControl": "max-age=3600", "lastModified": "2025-05-13T13:26:19.000Z", "contentLength": 455, "httpStatusCode": 200}	9a5eb74d-63d6-4f33-bd41-c01e780f4127	\N	\N
883c9e00-b4dc-4af4-806f-02f01060ba03	areas	jpeg/bar.jpg	\N	2025-05-03 13:11:08.366835+00	2025-07-10 07:45:11.821411+00	2025-05-03 13:11:08.366835+00	{"eTag": "\\"d0a2d5532c5b92a7b285dd39fec53764\\"", "size": 2381305, "mimetype": "image/jpeg", "cacheControl": "max-age=3600", "lastModified": "2025-07-10T07:45:12.000Z", "contentLength": 2381305, "httpStatusCode": 200}	9584a60a-cfb3-4304-815a-0b2847ed8b84	\N	\N
a9d375d6-56de-4495-8384-f4493212245c	icons	arrow-left.svg	\N	2025-05-03 13:10:32.077255+00	2025-05-03 13:10:32.077255+00	2025-05-03 13:10:32.077255+00	{"eTag": "\\"83373d44e89c598d20127d468de4f678-1\\"", "size": 524, "mimetype": "image/svg+xml", "cacheControl": "max-age=3600", "lastModified": "2025-05-03T13:10:32.000Z", "contentLength": 524, "httpStatusCode": 200}	f3f65007-4292-408e-acdc-e28909afa1c2	\N	\N
284dc2f9-3ed7-47dc-889c-1ea77c481e24	flags	gb.png	\N	2025-05-13 13:26:18.54918+00	2025-05-13 13:26:18.54918+00	2025-05-13 13:26:18.54918+00	{"eTag": "\\"710253a044e5c585acbb2948831fb35d-1\\"", "size": 2719, "mimetype": "image/png", "cacheControl": "max-age=3600", "lastModified": "2025-05-13T13:26:19.000Z", "contentLength": 2719, "httpStatusCode": 200}	4d030a56-2ddf-45a5-a6f9-57f261d3fbcb	\N	\N
9097145a-4a9d-4376-a126-19b112d29612	logos	logo-large.svg	\N	2025-05-03 13:10:05.573738+00	2025-05-03 13:10:05.573738+00	2025-05-03 13:10:05.573738+00	{"eTag": "\\"836ac5d2b5883b0ab7b1c09ad2152682-1\\"", "size": 94650, "mimetype": "image/svg+xml", "cacheControl": "max-age=3600", "lastModified": "2025-05-03T13:10:06.000Z", "contentLength": 94650, "httpStatusCode": 200}	cb18c704-9539-4c49-9890-b1e733f313ae	\N	\N
89139c46-0b1c-4637-966d-93051b0b0362	icons	instagram-icon.svg	\N	2025-05-03 13:10:32.09684+00	2025-05-03 13:10:32.09684+00	2025-05-03 13:10:32.09684+00	{"eTag": "\\"69ba5a4fb651a2c66bd4c2e94047e88f-1\\"", "size": 1928, "mimetype": "image/svg+xml", "cacheControl": "max-age=3600", "lastModified": "2025-05-03T13:10:32.000Z", "contentLength": 1928, "httpStatusCode": 200}	66c5e512-0a87-4944-9060-e703f0a04a34	\N	\N
15e7114a-25a1-4400-9180-393d71aed7df	activities	Ceramics old/pottery2.jpg	\N	2025-05-03 13:13:31.11588+00	2025-07-09 12:53:55.280561+00	2025-05-03 13:13:31.11588+00	{"eTag": "\\"3097808f0ab4b2560444ecd431f81097\\"", "size": 79930, "mimetype": "image/jpeg", "cacheControl": "max-age=3600", "lastModified": "2025-07-09T12:53:56.000Z", "contentLength": 79930, "httpStatusCode": 200}	66ec6a76-e721-4a66-97c6-64f418ccd195	\N	\N
c40a6ab7-b5bb-472e-8cdb-f51feeb167b5	activities	Ceramics old/pottery.jpg	\N	2025-05-03 13:13:31.186154+00	2025-07-09 12:53:56.124038+00	2025-05-03 13:13:31.186154+00	{"eTag": "\\"7a0bd102934fedadecc100e8e1410d1e\\"", "size": 348322, "mimetype": "image/jpeg", "cacheControl": "max-age=3600", "lastModified": "2025-07-09T12:53:57.000Z", "contentLength": 348322, "httpStatusCode": 200}	639f12a7-dda7-448c-a20e-e866fa31f780	\N	\N
6897864b-9590-44a8-a5e2-6421ccbf4e41	activities	Retreats old/retreat3.jpg	\N	2025-05-03 13:14:00.197681+00	2025-07-09 12:54:00.574127+00	2025-05-03 13:14:00.197681+00	{"eTag": "\\"b2b7fd7959905c625eab20373c962766\\"", "size": 140838, "mimetype": "image/jpeg", "cacheControl": "max-age=3600", "lastModified": "2025-07-09T12:54:01.000Z", "contentLength": 140838, "httpStatusCode": 200}	c4c2d330-8874-4f59-b84a-f51c526dcb0a	\N	\N
78e2b400-7e64-436c-98f0-b508e604f372	activities	Retreats old/retreat2.jpg	\N	2025-05-03 13:14:00.218847+00	2025-07-09 12:54:00.629445+00	2025-05-03 13:14:00.218847+00	{"eTag": "\\"0e8369629e17c6e7c0807a69a77a0907\\"", "size": 414828, "mimetype": "image/jpeg", "cacheControl": "max-age=3600", "lastModified": "2025-07-09T12:54:01.000Z", "contentLength": 414828, "httpStatusCode": 200}	8c901c65-1805-426c-91e4-e0d27f7e547d	\N	\N
c364b41e-595a-42ac-a9c9-17ff9103f41d	activities	Retreats old/retreats_preview.jpg	\N	2025-05-03 13:14:00.256055+00	2025-07-09 12:54:01.37529+00	2025-05-03 13:14:00.256055+00	{"eTag": "\\"f1dcd83a5cd28d059e281910ac9408c5\\"", "size": 262554, "mimetype": "image/jpeg", "cacheControl": "max-age=3600", "lastModified": "2025-07-09T12:54:02.000Z", "contentLength": 262554, "httpStatusCode": 200}	08e3d794-9d58-4a58-bb5d-a776f1b4d961	\N	\N
f76176b7-051c-463d-acc4-99c94db59b94	activities	WaterYoga old/cose-il-water-yoga.jpeg	\N	2025-05-03 13:14:09.525283+00	2025-07-09 12:54:05.757166+00	2025-05-03 13:14:09.525283+00	{"eTag": "\\"76b3afd4755497f27b2df223490ba4c0\\"", "size": 86399, "mimetype": "image/jpeg", "cacheControl": "max-age=3600", "lastModified": "2025-07-09T12:54:06.000Z", "contentLength": 86399, "httpStatusCode": 200}	ebb9be1d-dcfa-46ce-9a1e-3bc3bb16eb9b	\N	\N
74b59450-342c-4583-83c2-e015cc425681	activities	Workshop old/workshop2.jpg	\N	2025-05-03 13:14:18.712474+00	2025-07-09 12:54:10.888925+00	2025-05-03 13:14:18.712474+00	{"eTag": "\\"443701d5bf4b8a8fa3948cac7be1f36d\\"", "size": 169656, "mimetype": "image/jpeg", "cacheControl": "max-age=3600", "lastModified": "2025-07-09T12:54:11.000Z", "contentLength": 169656, "httpStatusCode": 200}	f82fb295-49dd-4d12-8fcd-a0dca0115779	\N	\N
2803d25b-4ff2-4d20-94eb-3e372194fc1e	activities	Workshop old/workshop2.avif	\N	2025-05-03 13:14:18.823857+00	2025-07-09 12:54:12.063471+00	2025-05-03 13:14:18.823857+00	{"eTag": "\\"f69df52dd64274f0932a8ed60920e17c\\"", "size": 40269, "mimetype": "image/avif", "cacheControl": "max-age=3600", "lastModified": "2025-07-09T12:54:12.000Z", "contentLength": 40269, "httpStatusCode": 200}	c6259ee7-5415-4b5f-a946-0ef61e9f3b14	\N	\N
35ff87a5-543e-48fb-94b1-b49719edf15f	activities	Workshop old/workshop_preview.jpg	\N	2025-05-03 13:14:18.647555+00	2025-07-09 12:54:14.877194+00	2025-05-03 13:14:18.647555+00	{"eTag": "\\"2ecaa6c28592fd777fdaea8a0802bcd2\\"", "size": 174667, "mimetype": "image/jpeg", "cacheControl": "max-age=3600", "lastModified": "2025-07-09T12:54:15.000Z", "contentLength": 174667, "httpStatusCode": 200}	6d0a35e0-dde4-4c88-b754-40a9e3e1eb6e	\N	\N
a5d4c7ea-d951-4ad2-8e98-a40e9a221624	activities	Zumba old/ZUMBAA.jpg	\N	2025-05-03 13:14:35.173069+00	2025-07-09 12:54:29.238713+00	2025-05-03 13:14:35.173069+00	{"eTag": "\\"d7ecbeab11be9c8ef6741189b8103a25\\"", "size": 84109, "mimetype": "image/jpeg", "cacheControl": "max-age=3600", "lastModified": "2025-07-09T12:54:30.000Z", "contentLength": 84109, "httpStatusCode": 200}	4c1dc74d-864c-4277-8961-c9f318cab9be	\N	\N
de02637c-630b-4b6d-8b71-48d626d510ef	icons	facebook-icon.svg	\N	2025-05-03 13:10:31.820508+00	2025-05-03 13:10:31.820508+00	2025-05-03 13:10:31.820508+00	{"eTag": "\\"1687a7150340fa2518942d71d7d6f710-1\\"", "size": 498, "mimetype": "image/svg+xml", "cacheControl": "max-age=3600", "lastModified": "2025-05-03T13:10:32.000Z", "contentLength": 498, "httpStatusCode": 200}	5adb872b-8477-4fb1-b1e8-c07640b5bd0c	\N	\N
9a6f42f3-6f2b-47a5-a704-621b3f2deaa4	icons	location-icon.svg	\N	2025-05-03 13:10:31.836238+00	2025-05-03 13:10:31.836238+00	2025-05-03 13:10:31.836238+00	{"eTag": "\\"c99e0b610e9f5142b431df3d50b2d37a-1\\"", "size": 600, "mimetype": "image/svg+xml", "cacheControl": "max-age=3600", "lastModified": "2025-05-03T13:10:32.000Z", "contentLength": 600, "httpStatusCode": 200}	9edd067a-dea6-437d-94a3-92e38934794c	\N	\N
1e76c184-626a-4bab-9c85-d5b9c3c5e266	icons	email-icon.svg	\N	2025-05-03 13:10:31.82652+00	2025-05-03 13:10:31.82652+00	2025-05-03 13:10:31.82652+00	{"eTag": "\\"7574e97ed70ce3d006ee16eaa5d28a73-1\\"", "size": 450, "mimetype": "image/svg+xml", "cacheControl": "max-age=3600", "lastModified": "2025-05-03T13:10:32.000Z", "contentLength": 450, "httpStatusCode": 200}	2f5501c6-f29e-4c83-a04c-8d18a2447303	\N	\N
b9958c33-9f0a-4cd3-9328-a0747c7bfa18	users	jpeg/Giovanni Romano.jpg	\N	2025-05-12 16:34:08.418329+00	2025-07-10 08:52:20.61049+00	2025-05-12 16:34:08.418329+00	{"eTag": "\\"006be2309a0603fce1713f893a3c9190\\"", "size": 1096202, "mimetype": "image/jpeg", "cacheControl": "max-age=3600", "lastModified": "2025-07-10T08:52:21.000Z", "contentLength": 1096202, "httpStatusCode": 200}	d5e4a0b0-96ff-4ac6-8676-f6b588f2cdfd	\N	\N
aaeccab3-fe67-444c-a2c1-d325a3535c7d	users	jpeg/Marco Bianchi.jpg	\N	2025-05-03 13:09:35.532314+00	2025-07-10 08:52:20.615956+00	2025-05-03 13:09:35.532314+00	{"eTag": "\\"a96da38b99816131a9a05f7ad1dc5f12\\"", "size": 41362, "mimetype": "image/jpeg", "cacheControl": "max-age=3600", "lastModified": "2025-07-10T08:52:21.000Z", "contentLength": 41362, "httpStatusCode": 200}	eac79fad-e343-48aa-abd2-6c97e4fe573f	\N	\N
fd415027-5351-4a67-93c4-de439fa8749b	logos	logo-header.svg	\N	2025-05-03 13:10:05.57688+00	2025-05-03 13:10:05.57688+00	2025-05-03 13:10:05.57688+00	{"eTag": "\\"672118f960b4e56e3c359be5fd75d095-1\\"", "size": 94603, "mimetype": "image/svg+xml", "cacheControl": "max-age=3600", "lastModified": "2025-05-03T13:10:06.000Z", "contentLength": 94603, "httpStatusCode": 200}	1d9f10d8-fc8f-498d-b3d7-0e243dfea2a8	\N	\N
5314f8e4-dc58-4c3b-9f04-5c3f297e90cb	logos	logo-small.svg	\N	2025-05-03 13:10:05.59085+00	2025-05-03 13:10:05.59085+00	2025-05-03 13:10:05.59085+00	{"eTag": "\\"4c4aca9a6d495493d26c0c5ffb1ea11a-1\\"", "size": 94661, "mimetype": "image/svg+xml", "cacheControl": "max-age=3600", "lastModified": "2025-05-03T13:10:06.000Z", "contentLength": 94661, "httpStatusCode": 200}	2021ba2a-c108-4669-934a-3f6858b67faa	\N	\N
9030fd6e-4a14-4d6a-8e2f-febf18967017	logos	logo.svg	\N	2025-05-03 13:10:05.601102+00	2025-05-03 13:10:05.601102+00	2025-05-03 13:10:05.601102+00	{"eTag": "\\"672118f960b4e56e3c359be5fd75d095-1\\"", "size": 94603, "mimetype": "image/svg+xml", "cacheControl": "max-age=3600", "lastModified": "2025-05-03T13:10:06.000Z", "contentLength": 94603, "httpStatusCode": 200}	5a491113-4373-4f65-8f78-9e8b4a215e73	\N	\N
bc0526a4-6719-461d-8557-e8c988812d2e	teacher-images	webp/sofia-bianchi.webp	\N	2025-07-10 09:16:01.294413+00	2025-07-10 09:16:01.294413+00	2025-07-10 09:16:01.294413+00	{"eTag": "\\"02cd93a41cf11c69006d93f16e858217-1\\"", "size": 22162, "mimetype": "image/webp", "cacheControl": "max-age=3600", "lastModified": "2025-07-10T09:16:01.000Z", "contentLength": 22162, "httpStatusCode": 200}	2edde769-06e4-43ba-8014-6b8f22407f6e	\N	\N
46707ae0-be83-4f8d-8cd2-14b255db774a	activities	Ceramics old/ceramics_preview.jpg	\N	2025-05-03 13:13:31.233915+00	2025-07-09 12:53:54.518694+00	2025-05-03 13:13:31.233915+00	{"eTag": "\\"2d68391e615f46cb54f7d0d3da875540\\"", "size": 663742, "mimetype": "image/jpeg", "cacheControl": "max-age=3600", "lastModified": "2025-07-09T12:53:55.000Z", "contentLength": 663742, "httpStatusCode": 200}	79610ed8-901d-4ed1-b857-fad82d7c956b	\N	\N
c444f8d4-943e-47ac-ac60-b67041131172	activities	Ceramics old/ceramics1.jpg	\N	2025-05-03 13:13:31.218854+00	2025-07-09 12:53:54.599775+00	2025-05-03 13:13:31.218854+00	{"eTag": "\\"1a508c0579ba4f1beb517b2afe90bb2d\\"", "size": 555304, "mimetype": "image/jpeg", "cacheControl": "max-age=3600", "lastModified": "2025-07-09T12:53:55.000Z", "contentLength": 555304, "httpStatusCode": 200}	0bc6b97c-8bc3-40fd-b3d4-68d9601263a8	\N	\N
b8f22e13-2d67-41fb-95db-eb568a3bf199	activities	Retreats old/retreats.jpg	\N	2025-05-03 13:14:00.255399+00	2025-07-09 12:54:01.526204+00	2025-05-03 13:14:00.255399+00	{"eTag": "\\"f1dcd83a5cd28d059e281910ac9408c5\\"", "size": 262554, "mimetype": "image/jpeg", "cacheControl": "max-age=3600", "lastModified": "2025-07-09T12:54:02.000Z", "contentLength": 262554, "httpStatusCode": 200}	cea146dd-03d5-4934-adcd-82fb7bdb6122	\N	\N
660cf4cf-71d8-4e5b-ab22-8f03e5d4eeae	activities	WaterYoga old/water-yoga_preview.jpg	\N	2025-05-03 13:14:09.364301+00	2025-07-09 12:54:08.787942+00	2025-05-03 13:14:09.364301+00	{"eTag": "\\"7c66e180e95591b5d3db9d9100098a15\\"", "size": 129955, "mimetype": "image/jpeg", "cacheControl": "max-age=3600", "lastModified": "2025-07-09T12:54:09.000Z", "contentLength": 129955, "httpStatusCode": 200}	9a23d1ad-e5fb-486d-94cf-f9b8f20b5395	\N	\N
d44c48c2-c8f9-4705-94a9-a48035cdc661	activities	yogaclasses old/hatha.jpg	\N	2025-05-03 13:13:48.507684+00	2025-07-09 12:54:14.205271+00	2025-05-03 13:13:48.507684+00	{"eTag": "\\"49cab3645ff69cf1bf996ee79c3fc45c\\"", "size": 11341712, "mimetype": "image/jpeg", "cacheControl": "max-age=3600", "lastModified": "2025-07-09T12:54:15.000Z", "contentLength": 11341712, "httpStatusCode": 200}	71726ba8-67b8-41bd-ae11-78c224a9a2e6	\N	\N
4c50bf2c-ba1c-43e7-97c7-746f8bace692	activities	yogaclasses old/kundalini.jpg	\N	2025-05-03 13:13:46.277153+00	2025-07-09 12:54:15.304243+00	2025-05-03 13:13:46.277153+00	{"eTag": "\\"c95ba7147f8d28ca6f37856533210200\\"", "size": 166471, "mimetype": "image/jpeg", "cacheControl": "max-age=3600", "lastModified": "2025-07-09T12:54:16.000Z", "contentLength": 166471, "httpStatusCode": 200}	a36720c3-8728-4f9f-a7ab-390b54072cdb	\N	\N
c43e1776-f036-44d1-903b-fe514e53c294	flags	francia.png	\N	2025-05-13 13:26:18.464524+00	2025-05-13 13:26:18.464524+00	2025-05-13 13:26:18.464524+00	{"eTag": "\\"3e3bdf123001b1d7367c565d82a19271-1\\"", "size": 344, "mimetype": "image/png", "cacheControl": "max-age=3600", "lastModified": "2025-05-13T13:26:19.000Z", "contentLength": 344, "httpStatusCode": 200}	45f4aee0-48f8-47b2-900f-150614711766	\N	\N
75ecb8f0-065a-4058-aa56-4a422d36467e	flags	germania.png	\N	2025-05-13 13:26:18.550022+00	2025-05-13 13:26:18.550022+00	2025-05-13 13:26:18.550022+00	{"eTag": "\\"19af08423f3a29c9640e1e3d5e491ea1-1\\"", "size": 335, "mimetype": "image/png", "cacheControl": "max-age=3600", "lastModified": "2025-05-13T13:26:19.000Z", "contentLength": 335, "httpStatusCode": 200}	675aaae9-e100-4cac-8627-94131021f0d3	\N	\N
bd7ccfb8-3f42-4f61-8873-4ed35560c683	flags	cina.png	\N	2025-05-13 13:26:18.550972+00	2025-05-13 13:26:18.550972+00	2025-05-13 13:26:18.550972+00	{"eTag": "\\"8e5a3680322ac12b7e057dd63f651d02-1\\"", "size": 1535, "mimetype": "image/png", "cacheControl": "max-age=3600", "lastModified": "2025-05-13T13:26:19.000Z", "contentLength": 1535, "httpStatusCode": 200}	ec633039-5f0a-4ad0-b7f6-8891b0881556	\N	\N
e4103c2e-6475-44f6-8c0c-36ec3fd96fb6	icons	twitter-icon.svg	\N	2025-05-03 13:10:32.034799+00	2025-05-03 13:10:32.034799+00	2025-05-03 13:10:32.034799+00	{"eTag": "\\"9de8ad5aa2f4ec16ed2d84147eaf5087-1\\"", "size": 707, "mimetype": "image/svg+xml", "cacheControl": "max-age=3600", "lastModified": "2025-05-03T13:10:32.000Z", "contentLength": 707, "httpStatusCode": 200}	d033b377-1d5a-4176-83b8-9f69f91770dc	\N	\N
588b8b66-2b58-4937-9e32-69920e779c4e	icons	arrow-right.svg	\N	2025-05-03 13:10:32.077812+00	2025-05-03 13:10:32.077812+00	2025-05-03 13:10:32.077812+00	{"eTag": "\\"aff32656c3e7077c387432d62facbf15-1\\"", "size": 535, "mimetype": "image/svg+xml", "cacheControl": "max-age=3600", "lastModified": "2025-05-03T13:10:32.000Z", "contentLength": 535, "httpStatusCode": 200}	89a49d5f-6080-4022-a6be-c9056b05f73d	\N	\N
81d4a6cd-9e8f-466c-b409-1ca0b93ca758	icons	menu-icon.svg	\N	2025-05-03 13:10:32.095667+00	2025-05-03 13:10:32.095667+00	2025-05-03 13:10:32.095667+00	{"eTag": "\\"70675b8ff020bf415d3ba3bc74c014df-1\\"", "size": 1412, "mimetype": "image/svg+xml", "cacheControl": "max-age=3600", "lastModified": "2025-05-03T13:10:32.000Z", "contentLength": 1412, "httpStatusCode": 200}	2e421688-8435-4b43-bee1-6220c32d15da	\N	\N
631e7a7e-eac0-42ed-906f-2c134312afa4	backgrounds	hero-background.jpg	\N	2025-05-03 13:10:51.524+00	2025-05-03 13:10:51.524+00	2025-05-03 13:10:51.524+00	{"eTag": "\\"81f4f2f6ad77314aa3393f2922bbf97e-1\\"", "size": 1613503, "mimetype": "image/jpeg", "cacheControl": "max-age=3600", "lastModified": "2025-05-03T13:10:52.000Z", "contentLength": 1613503, "httpStatusCode": 200}	b84e1fde-d4ec-4f64-8917-e68925b84cb2	\N	\N
d01e6310-40b0-485e-a5c3-da723ef7cc15	users	jpeg/Sofia Esposito.jpg	\N	2025-05-12 16:34:11.17008+00	2025-07-10 08:52:20.793969+00	2025-05-12 16:34:11.17008+00	{"eTag": "\\"70b2f4d838e327fdee0bc9bf520ffca1\\"", "size": 9004257, "mimetype": "image/jpeg", "cacheControl": "max-age=3600", "lastModified": "2025-07-10T08:52:21.000Z", "contentLength": 9004257, "httpStatusCode": 200}	44697015-7a8c-4362-98a6-728542c6040c	\N	\N
9176165f-d2a2-4466-b752-a2964d398e4b	test-webp-images	cherry.webp	\N	2025-07-09 09:19:26.046946+00	2025-07-09 09:19:26.046946+00	2025-07-09 09:19:26.046946+00	{"eTag": "\\"4c3299d4d4dc943f2dbe2ebe792a24e0-1\\"", "size": 176972, "mimetype": "image/webp", "cacheControl": "max-age=3600", "lastModified": "2025-07-09T09:19:26.000Z", "contentLength": 176972, "httpStatusCode": 200}	fb6aceba-9bda-439c-adbe-d1b0830e38c3	\N	\N
62f6d21e-fbb0-4744-b55b-fd4f058ddab5	activities	YogaClasses/ZUMBAA.webp	\N	2025-07-09 19:25:30.092521+00	2025-07-09 19:25:30.092521+00	2025-07-09 19:25:30.092521+00	{"eTag": "\\"026fe5f40780281e919687530d60a6cc-1\\"", "size": 41678, "mimetype": "image/webp", "cacheControl": "max-age=3600", "lastModified": "2025-07-09T19:25:30.000Z", "contentLength": 41678, "httpStatusCode": 200}	a012b0b6-3bbf-49ce-82b6-99b7282a49e4	\N	\N
1c7df8fb-21fd-4065-bdb0-565b16bbc59d	activities	Aperitif Yoga old/aperitif_preview.jpg	\N	2025-05-03 13:12:22.166153+00	2025-07-09 12:53:48.925391+00	2025-05-03 13:12:22.166153+00	{"eTag": "\\"7ba91d09a4ce63204d72318f88fe4e5c\\"", "size": 178853, "mimetype": "image/jpeg", "cacheControl": "max-age=3600", "lastModified": "2025-07-09T12:53:49.000Z", "contentLength": 178853, "httpStatusCode": 200}	25f7e74d-6204-4ac3-981e-fabc63469851	\N	\N
14d69be5-c1d4-4215-acaf-4361e4716cbe	activities	Aperitif Yoga old/GiardinoYoga.jpg	\N	2025-05-03 13:12:22.170235+00	2025-07-09 12:53:49.026841+00	2025-05-03 13:12:22.170235+00	{"eTag": "\\"5677de20677381b2683bbcf6f4f16c6e\\"", "size": 380477, "mimetype": "image/jpeg", "cacheControl": "max-age=3600", "lastModified": "2025-07-09T12:53:49.000Z", "contentLength": 380477, "httpStatusCode": 200}	5434329b-176f-49ac-b1cd-3aa96eef19e8	\N	\N
02998e78-abdf-44da-ae1b-3ff1d799eb36	activities	Meditation old/meditation_preview.jpg	\N	2025-05-03 13:13:46.087925+00	2025-07-09 12:53:57.267169+00	2025-05-03 13:13:46.087925+00	{"eTag": "\\"1c45b7bda70a5d7b9574520f92440ca5\\"", "size": 366627, "mimetype": "image/jpeg", "cacheControl": "max-age=3600", "lastModified": "2025-07-09T12:53:58.000Z", "contentLength": 366627, "httpStatusCode": 200}	6e24e801-1f07-4926-b857-c1b0a88c7807	\N	\N
375af6a1-1569-44e9-9322-2b01cb4e4064	areas	jpeg/SPA.jpg	\N	2025-05-03 13:11:08.01109+00	2025-07-10 07:45:11.740641+00	2025-05-03 13:11:08.01109+00	{"eTag": "\\"25cd4ce277aebd8452c65eeb3e370679\\"", "size": 35798, "mimetype": "image/jpeg", "cacheControl": "max-age=3600", "lastModified": "2025-07-10T07:45:12.000Z", "contentLength": 35798, "httpStatusCode": 200}	6c77ddc9-c521-417d-a8fc-9358e991754b	\N	\N
07fa195a-5093-4366-8125-3c3cf0f0fe88	activities	Workshop old/workshop3.jpg	\N	2025-05-03 13:14:18.938315+00	2025-07-09 12:54:12.957499+00	2025-05-03 13:14:18.938315+00	{"eTag": "\\"c7247736983cec5cc050523c536d39b1\\"", "size": 164677, "mimetype": "image/jpeg", "cacheControl": "max-age=3600", "lastModified": "2025-07-09T12:54:13.000Z", "contentLength": 164677, "httpStatusCode": 200}	7d680fc6-8f64-4972-961d-f8589b5e5ed3	\N	\N
d1ce6fda-bf24-4008-9061-1077c72b10cc	activities	yogaclasses old/ashtanga.jpg	\N	2025-05-03 13:13:46.080077+00	2025-07-09 12:54:14.859772+00	2025-05-03 13:13:46.080077+00	{"eTag": "\\"68d711c274130338a0388e058934cc7d\\"", "size": 1005631, "mimetype": "image/jpeg", "cacheControl": "max-age=3600", "lastModified": "2025-07-09T12:54:15.000Z", "contentLength": 1005631, "httpStatusCode": 200}	c12de14a-f69d-4531-9464-6352e84932d6	\N	\N
1cd542ff-a62e-4ebd-ba7c-798b0d77fa29	activities	Zumba old/zumba_preview.jpg	\N	2025-05-03 13:14:35.201696+00	2025-07-09 12:54:29.47874+00	2025-05-03 13:14:35.201696+00	{"eTag": "\\"812b2277e5a319b330a7f97e4e7c1572\\"", "size": 150850, "mimetype": "image/jpeg", "cacheControl": "max-age=3600", "lastModified": "2025-07-09T12:54:30.000Z", "contentLength": 150850, "httpStatusCode": 200}	f6ac73de-19fe-4184-9f3b-e3594c155238	\N	\N
9f53348f-25ea-4b9d-83fe-ca7fbf8db686	users	webp/AlessiaConti.webp	\N	2025-07-10 08:56:12.690171+00	2025-07-10 08:56:12.690171+00	2025-07-10 08:56:12.690171+00	{"eTag": "\\"9e2856354ae2a06ca5b2b925ac3c4e30-1\\"", "size": 158340, "mimetype": "image/webp", "cacheControl": "max-age=3600", "lastModified": "2025-07-10T08:56:13.000Z", "contentLength": 158340, "httpStatusCode": 200}	2ca5e362-2b3f-4f73-a29b-6d25b31eb79b	\N	\N
42172320-2058-48a4-9156-558c86e601be	teacher-images	webp/david-kumar.webp	\N	2025-07-10 09:16:01.271848+00	2025-07-10 09:16:01.271848+00	2025-07-10 09:16:01.271848+00	{"eTag": "\\"0c2e77b83aebd00594e81a521415552e-1\\"", "size": 31782, "mimetype": "image/webp", "cacheControl": "max-age=3600", "lastModified": "2025-07-10T09:16:01.000Z", "contentLength": 31782, "httpStatusCode": 200}	8333e054-9cee-437e-98ad-7bebf50b862e	\N	\N
2e3fc89c-4a80-4fbd-8191-7d9ffdb12721	teacher-images	webp/michael-chen.webp	\N	2025-07-10 09:16:01.444964+00	2025-07-10 09:16:01.444964+00	2025-07-10 09:16:01.444964+00	{"eTag": "\\"9522472ca097bdc5a34f47e007966804-1\\"", "size": 21680, "mimetype": "image/webp", "cacheControl": "max-age=3600", "lastModified": "2025-07-10T09:16:01.000Z", "contentLength": 21680, "httpStatusCode": 200}	155972db-ddc3-4621-8af9-36b90fe57cde	\N	\N
f9cc8e72-3d76-4809-9506-eda04ed2e3c4	activities	Aperitif Yoga/aperitif_preview.webp	\N	2025-07-09 19:22:30.42777+00	2025-07-09 19:22:30.42777+00	2025-07-09 19:22:30.42777+00	{"eTag": "\\"50c7ec2ed8cfe9914cae0aeeb9e7f416-1\\"", "size": 49550, "mimetype": "image/webp", "cacheControl": "max-age=3600", "lastModified": "2025-07-09T19:22:31.000Z", "contentLength": 49550, "httpStatusCode": 200}	079ba5be-fd49-45f7-a92d-61b04658f41b	\N	\N
5c43e68d-71a2-4823-9c13-3edd12cdbab1	activities	Ceramics/pottery.webp	\N	2025-07-09 19:22:41.727653+00	2025-07-09 19:22:41.727653+00	2025-07-09 19:22:41.727653+00	{"eTag": "\\"ffa7274c9f550b99537b23250a8842e6-1\\"", "size": 64774, "mimetype": "image/webp", "cacheControl": "max-age=3600", "lastModified": "2025-07-09T19:22:42.000Z", "contentLength": 64774, "httpStatusCode": 200}	9cd2eb77-cd50-49fd-9895-a7ea6982c985	\N	\N
d65e418a-879a-4a07-8c71-ab0565beee96	room-images	jpeg/swimmingPool.jpg	\N	2025-05-03 13:08:57.072572+00	2025-07-10 09:00:07.473223+00	2025-05-03 13:08:57.072572+00	{"eTag": "\\"71b713872827528344d6a40879953b8c\\"", "size": 224878, "mimetype": "image/jpeg", "cacheControl": "max-age=3600", "lastModified": "2025-07-10T09:00:08.000Z", "contentLength": 224878, "httpStatusCode": 200}	2b03d1eb-6d99-4b8d-9f09-7194e785a1e2	\N	\N
5dce18fa-b727-455c-a554-47e04db5d1a0	room-images	jpeg/Giardino.jpg	\N	2025-05-03 13:08:57.049852+00	2025-07-10 09:00:07.529766+00	2025-05-03 13:08:57.049852+00	{"eTag": "\\"17ca945077492b78365843214213e98f\\"", "size": 61741, "mimetype": "image/jpeg", "cacheControl": "max-age=3600", "lastModified": "2025-07-10T09:00:08.000Z", "contentLength": 61741, "httpStatusCode": 200}	4c74406b-60b7-4612-8df8-fb6abb75fe7c	\N	\N
45a0c058-f76e-48b8-9728-320f6c762542	teacher-images	webp/emma-rodriguez.webp	\N	2025-07-10 09:16:01.300046+00	2025-07-10 09:16:01.300046+00	2025-07-10 09:16:01.300046+00	{"eTag": "\\"b8d822d0871b4ffc7ce69fe1f4e6094b-1\\"", "size": 34964, "mimetype": "image/webp", "cacheControl": "max-age=3600", "lastModified": "2025-07-10T09:16:01.000Z", "contentLength": 34964, "httpStatusCode": 200}	e2eba905-937d-4c7b-9fa4-e44a1ea7e7a9	\N	\N
dad4e82d-fd3e-4e4d-80aa-4b45831b0f82	teacher-images	webp/sarah-mitchell.webp	\N	2025-07-10 09:16:01.321777+00	2025-07-10 09:16:01.321777+00	2025-07-10 09:16:01.321777+00	{"eTag": "\\"c4452a0f1561e3559c4f40df518e12da-1\\"", "size": 81836, "mimetype": "image/webp", "cacheControl": "max-age=3600", "lastModified": "2025-07-10T09:16:01.000Z", "contentLength": 81836, "httpStatusCode": 200}	aa24b6b4-9cbc-41f0-8439-79e4449828dc	\N	\N
9d2fadd5-be56-46d7-a960-d9918102d387	activities	Aperitif Yoga/GiardinoYoga.webp	\N	2025-07-09 19:22:30.445503+00	2025-07-09 19:22:30.445503+00	2025-07-09 19:22:30.445503+00	{"eTag": "\\"a05772f41f279c78fb5a2218c135f9c2-1\\"", "size": 133744, "mimetype": "image/webp", "cacheControl": "max-age=3600", "lastModified": "2025-07-09T19:22:31.000Z", "contentLength": 133744, "httpStatusCode": 200}	82acd1d5-9245-4989-9de1-0974fef84a2a	\N	\N
1a57d81b-0aa8-4c67-85cc-242d7e8b4a2b	activities	Ceramics/ceramics_preview.webp	\N	2025-07-09 19:22:41.699978+00	2025-07-09 19:22:41.699978+00	2025-07-09 19:22:41.699978+00	{"eTag": "\\"85bc475a00fbf28892763b31fc318e28-1\\"", "size": 58686, "mimetype": "image/webp", "cacheControl": "max-age=3600", "lastModified": "2025-07-09T19:22:42.000Z", "contentLength": 58686, "httpStatusCode": 200}	3bb88ac3-222c-458a-b9dc-8c07f432d808	\N	\N
703ca052-1e21-4e3f-b5ec-cc70696de6fc	users	webp/EmmaRossi.webp	\N	2025-07-10 08:56:12.656481+00	2025-07-10 08:56:12.656481+00	2025-07-10 08:56:12.656481+00	{"eTag": "\\"48fc18626ea5f8b791fe86a04fa8059c-1\\"", "size": 357126, "mimetype": "image/webp", "cacheControl": "max-age=3600", "lastModified": "2025-07-10T08:56:13.000Z", "contentLength": 357126, "httpStatusCode": 200}	d151d9aa-2dad-477d-8b69-46aa0b0e7f95	\N	\N
9ad87cf2-168d-4e18-bae5-4ece00e3a8f1	activities	Retreats/retreats.webp	\N	2025-07-09 19:24:20.289813+00	2025-07-09 19:24:20.289813+00	2025-07-09 19:24:20.289813+00	{"eTag": "\\"fcbbe10d412e11f4fb81a0b808f30759-1\\"", "size": 66946, "mimetype": "image/webp", "cacheControl": "max-age=3600", "lastModified": "2025-07-09T19:24:20.000Z", "contentLength": 66946, "httpStatusCode": 200}	28125f77-b711-4404-83b6-f2cbcf74ce1f	\N	\N
fa277c4b-6f3b-49b1-ac24-bd28dbde9cae	activities	Retreats/retreat3.webp	\N	2025-07-09 19:24:20.316106+00	2025-07-09 19:24:20.316106+00	2025-07-09 19:24:20.316106+00	{"eTag": "\\"a46486ab0ef41a741af1826da6485a1c-1\\"", "size": 45780, "mimetype": "image/webp", "cacheControl": "max-age=3600", "lastModified": "2025-07-09T19:24:20.000Z", "contentLength": 45780, "httpStatusCode": 200}	a9192b86-9d22-47e0-868c-80240bf84f9c	\N	\N
1ee8f8bd-6175-44ff-8a76-a9f53fc06cae	activities	Retreats/retreat2.webp	\N	2025-07-09 19:24:20.332785+00	2025-07-09 19:24:20.332785+00	2025-07-09 19:24:20.332785+00	{"eTag": "\\"e0e3e18d2699a402a0c041e5c178fb68-1\\"", "size": 163836, "mimetype": "image/webp", "cacheControl": "max-age=3600", "lastModified": "2025-07-09T19:24:20.000Z", "contentLength": 163836, "httpStatusCode": 200}	f240b09a-2384-4b3a-bb6e-ad35b28d658b	\N	\N
8a0125c6-a1fe-41be-89a3-0feeee117bf9	users	webp/MarcoBianchi.webp	\N	2025-07-10 08:56:12.674185+00	2025-07-10 08:56:12.674185+00	2025-07-10 08:56:12.674185+00	{"eTag": "\\"dcffd45cd245eafa32137aa6595f0a7a-1\\"", "size": 14736, "mimetype": "image/webp", "cacheControl": "max-age=3600", "lastModified": "2025-07-10T08:56:13.000Z", "contentLength": 14736, "httpStatusCode": 200}	c8571793-cea4-40bd-a753-8c28101b41cd	\N	\N
cc23c6e9-b1c5-4644-b67c-f9d32b93f1c9	activities	WaterYoga/cose-il-water-yoga.webp	\N	2025-07-09 19:24:39.054374+00	2025-07-09 19:24:39.054374+00	2025-07-09 19:24:39.054374+00	{"eTag": "\\"532a14c34d997d2784c42661cda68d44-1\\"", "size": 69788, "mimetype": "image/webp", "cacheControl": "max-age=3600", "lastModified": "2025-07-09T19:24:39.000Z", "contentLength": 69788, "httpStatusCode": 200}	f67d3519-cb85-4d3a-8b27-a3df0110ff56	\N	\N
124932bf-aded-48a9-8d35-7e405daa7593	users	webp/GiovanniRomano.webp	\N	2025-07-10 08:56:12.687791+00	2025-07-10 08:56:12.687791+00	2025-07-10 08:56:12.687791+00	{"eTag": "\\"ce8f9fa5430a9c3f8175480dc462f6d0-1\\"", "size": 292396, "mimetype": "image/webp", "cacheControl": "max-age=3600", "lastModified": "2025-07-10T08:56:13.000Z", "contentLength": 292396, "httpStatusCode": 200}	4a4e34e8-58a0-430c-bee5-67654778cd63	\N	\N
fef60141-59c4-4d14-844f-04b552cd4c8c	users	webp/SofiaEsposito.webp	\N	2025-07-10 08:56:12.715034+00	2025-07-10 08:56:12.715034+00	2025-07-10 08:56:12.715034+00	{"eTag": "\\"0c5b34d8d47d634f12c93f28cf07e708-1\\"", "size": 464788, "mimetype": "image/webp", "cacheControl": "max-age=3600", "lastModified": "2025-07-10T08:56:13.000Z", "contentLength": 464788, "httpStatusCode": 200}	4429c84b-5977-4212-a7ff-74b60a447ab7	\N	\N
b497e97a-cfed-4e6f-a7dd-38397b458169	activities	Workshop/workshop2.webp	\N	2025-07-09 19:24:54.725923+00	2025-07-09 19:24:54.725923+00	2025-07-09 19:24:54.725923+00	{"eTag": "\\"dc42f7f6fcc9b70953b28473f67e8552-1\\"", "size": 61690, "mimetype": "image/webp", "cacheControl": "max-age=3600", "lastModified": "2025-07-09T19:24:55.000Z", "contentLength": 61690, "httpStatusCode": 200}	6b1ed72d-852c-4541-bd9f-683de2908f92	\N	\N
50727db7-bce2-4e93-9907-547d6384f459	room-images	jpeg/ForestRoom.jpeg	\N	2025-05-03 13:08:57.036336+00	2025-07-10 09:00:07.3074+00	2025-05-03 13:08:57.036336+00	{"eTag": "\\"9c757ae212254ab791d9dc97e8e9c49f\\"", "size": 49663, "mimetype": "image/jpeg", "cacheControl": "max-age=3600", "lastModified": "2025-07-10T09:00:08.000Z", "contentLength": 49663, "httpStatusCode": 200}	01f36df8-fbe5-487b-ab8c-afbf5e48eaaf	\N	\N
94124b20-6bdb-4a20-8b91-5a9fea7009a3	room-images	webp/swimmingPool.webp	\N	2025-07-10 09:01:48.638115+00	2025-07-10 09:01:48.638115+00	2025-07-10 09:01:48.638115+00	{"eTag": "\\"c6d58c9b79e22b043db28e64f8c021da-1\\"", "size": 49474, "mimetype": "image/webp", "cacheControl": "max-age=3600", "lastModified": "2025-07-10T09:01:49.000Z", "contentLength": 49474, "httpStatusCode": 200}	3b789d5d-4718-4403-8d78-ef976598fbd9	\N	\N
40155f84-b51a-468e-87a2-82f273c210b7	room-images	webp/ForestRoom.webp	\N	2025-07-10 09:01:48.658689+00	2025-07-10 09:01:48.658689+00	2025-07-10 09:01:48.658689+00	{"eTag": "\\"abbe0894467b1a7bf44c989c70b48754-1\\"", "size": 23670, "mimetype": "image/webp", "cacheControl": "max-age=3600", "lastModified": "2025-07-10T09:01:49.000Z", "contentLength": 23670, "httpStatusCode": 200}	a1118983-bd8d-45eb-a62f-e0b968f6fdc9	\N	\N
38c2fce4-5420-4ccf-bbe6-10669d93c901	room-images	webp/Giardino.webp	\N	2025-07-10 09:01:48.678252+00	2025-07-10 09:01:48.678252+00	2025-07-10 09:01:48.678252+00	{"eTag": "\\"7d996299788e69f8c41d8370c4d552de-1\\"", "size": 37924, "mimetype": "image/webp", "cacheControl": "max-age=3600", "lastModified": "2025-07-10T09:01:49.000Z", "contentLength": 37924, "httpStatusCode": 200}	cd0873f0-2d78-4a3f-aaf7-12dbb71e2333	\N	\N
55e19edb-5134-4974-84f3-58ee4bafadf7	activities	Ceramics/ceramics1.webp	\N	2025-07-09 19:22:41.767748+00	2025-07-09 19:22:41.767748+00	2025-07-09 19:22:41.767748+00	{"eTag": "\\"981e054eb3fc3b4be68d21d1ff8d3373-1\\"", "size": 13306, "mimetype": "image/webp", "cacheControl": "max-age=3600", "lastModified": "2025-07-09T19:22:42.000Z", "contentLength": 13306, "httpStatusCode": 200}	321c504f-3886-465d-8075-0ddc57a75e39	\N	\N
4f1c5407-e91c-456e-9f66-4ab26386821e	users	webp/LucaMoretti.webp	\N	2025-07-10 08:56:12.590218+00	2025-07-10 08:56:12.590218+00	2025-07-10 08:56:12.590218+00	{"eTag": "\\"0b3df14d35f77c56263dbee6339d0edd-1\\"", "size": 9740, "mimetype": "image/webp", "cacheControl": "max-age=3600", "lastModified": "2025-07-10T08:56:13.000Z", "contentLength": 9740, "httpStatusCode": 200}	41b27943-3899-44fc-9cfd-272591467911	\N	\N
7e14b028-66f0-4ca4-aaca-a58c87648f85	activities	WaterYoga/water-yoga_preview.webp	\N	2025-07-09 19:24:39.120733+00	2025-07-09 19:24:39.120733+00	2025-07-09 19:24:39.120733+00	{"eTag": "\\"0df71feeb84a53e81511d00bd402f642-1\\"", "size": 20590, "mimetype": "image/webp", "cacheControl": "max-age=3600", "lastModified": "2025-07-09T19:24:39.000Z", "contentLength": 20590, "httpStatusCode": 200}	ca5ab8b8-ac47-4619-aaee-c9a91ad0ae13	\N	\N
76c45a6d-3af2-4441-a7bc-de019e403a6c	room-images	webp/areaZumba.webp	\N	2025-07-10 09:01:48.610861+00	2025-07-10 09:01:48.610861+00	2025-07-10 09:01:48.610861+00	{"eTag": "\\"2435b159257da1f61948f1c31b5180db-1\\"", "size": 38888, "mimetype": "image/webp", "cacheControl": "max-age=3600", "lastModified": "2025-07-10T09:01:49.000Z", "contentLength": 38888, "httpStatusCode": 200}	4b78e764-93b9-440e-b0a2-2a72acc55e76	\N	\N
4b74a2c2-f530-4e65-960a-6e0a138a693b	activities	Workshop/workshop_preview.webp	\N	2025-07-09 19:24:54.638611+00	2025-07-09 19:24:54.638611+00	2025-07-09 19:24:54.638611+00	{"eTag": "\\"aa92ab52de21a7031f3f9323178e470c-1\\"", "size": 44074, "mimetype": "image/webp", "cacheControl": "max-age=3600", "lastModified": "2025-07-09T19:24:55.000Z", "contentLength": 44074, "httpStatusCode": 200}	a3cf74b2-e66a-405c-8224-2ff0c18dfe5a	\N	\N
699f9db9-2c06-4ff6-8eac-8f72bf0c5ac4	activities	Ceramics/pottery2.webp	\N	2025-07-09 19:22:41.807043+00	2025-07-09 19:22:41.807043+00	2025-07-09 19:22:41.807043+00	{"eTag": "\\"e63c3b45830079b4c0cf9d02cc0eac2d-1\\"", "size": 32100, "mimetype": "image/webp", "cacheControl": "max-age=3600", "lastModified": "2025-07-09T19:22:42.000Z", "contentLength": 32100, "httpStatusCode": 200}	03d1720e-9cef-4a93-8f1a-fd7035d3af54	\N	\N
fe5fcf26-2b90-408c-8709-0e2df8867f44	activities	Meditation/meditation_preview.webp	\N	2025-07-09 19:24:10.616364+00	2025-07-09 19:24:10.616364+00	2025-07-09 19:24:10.616364+00	{"eTag": "\\"4e445c84051d1d0714742b6c2120a99e-1\\"", "size": 10786, "mimetype": "image/webp", "cacheControl": "max-age=3600", "lastModified": "2025-07-09T19:24:11.000Z", "contentLength": 10786, "httpStatusCode": 200}	79a68671-b0e9-4940-ae0f-5f51255d49fd	\N	\N
cb759d26-df91-4cad-a2ff-388696a87174	activities	Retreats/retreats_preview.webp	\N	2025-07-09 19:24:20.259715+00	2025-07-09 19:24:20.259715+00	2025-07-09 19:24:20.259715+00	{"eTag": "\\"fcbbe10d412e11f4fb81a0b808f30759-1\\"", "size": 66946, "mimetype": "image/webp", "cacheControl": "max-age=3600", "lastModified": "2025-07-09T19:24:20.000Z", "contentLength": 66946, "httpStatusCode": 200}	be959b8b-a360-4640-ba39-dd72c64ff381	\N	\N
b34876da-e39e-46f7-9a52-31e072a60580	activities	Workshop/workshop2.avif	\N	2025-07-09 19:24:54.753581+00	2025-07-09 19:24:54.753581+00	2025-07-09 19:24:54.753581+00	{"eTag": "\\"823876dde9fce124109767e1b8d28407-1\\"", "size": 40269, "mimetype": "image/avif", "cacheControl": "max-age=3600", "lastModified": "2025-07-09T19:24:55.000Z", "contentLength": 40269, "httpStatusCode": 200}	7df99cf8-3c7f-4d9a-b783-e1007b111d35	\N	\N
ff8b161b-0eca-4be1-8d46-ac836df7e716	activities	Workshop/workshop.webp	\N	2025-07-09 19:24:54.785555+00	2025-07-09 19:24:54.785555+00	2025-07-09 19:24:54.785555+00	{"eTag": "\\"c6a8206c89793f77de3e4474bf869a01-1\\"", "size": 331524, "mimetype": "image/webp", "cacheControl": "max-age=3600", "lastModified": "2025-07-09T19:24:55.000Z", "contentLength": 331524, "httpStatusCode": 200}	964646dd-e2e0-4ca9-ae39-37bdb7e8b0bb	\N	\N
95149f21-d8c8-4760-bae6-cfc8c2caa073	room-images	jpeg/workshopSala.jpg	\N	2025-05-03 13:08:56.985911+00	2025-07-10 09:00:07.426171+00	2025-05-03 13:08:56.985911+00	{"eTag": "\\"0d2ed5357430f3b6dca9ec3a4feb8570\\"", "size": 154482, "mimetype": "image/jpeg", "cacheControl": "max-age=3600", "lastModified": "2025-07-10T09:00:08.000Z", "contentLength": 154482, "httpStatusCode": 200}	7f1b6107-06b9-446b-ac47-5146c4463010	\N	\N
e2812392-074c-4df5-ab7b-3e681944af32	room-images	webp/orientalRoom.webp	\N	2025-07-10 09:01:48.635572+00	2025-07-10 09:01:48.635572+00	2025-07-10 09:01:48.635572+00	{"eTag": "\\"ad3bb645472f73bf2cf2e6be99d3fdfc-1\\"", "size": 35322, "mimetype": "image/webp", "cacheControl": "max-age=3600", "lastModified": "2025-07-10T09:01:49.000Z", "contentLength": 35322, "httpStatusCode": 200}	69218951-4ec4-41ed-ba59-d43eec620e46	\N	\N
800b1c3a-b2d6-4d07-b68a-22be9e0a50bd	room-images	webp/workshopSala.webp	\N	2025-07-10 09:01:48.667741+00	2025-07-10 09:01:48.667741+00	2025-07-10 09:01:48.667741+00	{"eTag": "\\"7e148548cc1dcb260f5486349bef7d97-1\\"", "size": 59514, "mimetype": "image/webp", "cacheControl": "max-age=3600", "lastModified": "2025-07-10T09:01:49.000Z", "contentLength": 59514, "httpStatusCode": 200}	17fc51c8-54a0-4731-aa1f-dafe16e5def8	\N	\N
66e94cd0-00c5-44d9-99f7-dbc256902d20	activities	Workshop/workshop3.webp	\N	2025-07-09 19:24:54.809101+00	2025-07-09 19:24:54.809101+00	2025-07-09 19:24:54.809101+00	{"eTag": "\\"6bc8f28afb05e26fe630d6b94ccae3a5-1\\"", "size": 50390, "mimetype": "image/webp", "cacheControl": "max-age=3600", "lastModified": "2025-07-09T19:24:55.000Z", "contentLength": 50390, "httpStatusCode": 200}	b50256ea-1e7b-46de-acbd-e1006c010531	\N	\N
13919760-9823-47aa-874d-dda581d3fa4c	room-images	jpeg/oriental room.jpg	\N	2025-05-03 13:08:57.059759+00	2025-07-10 09:00:07.464121+00	2025-05-03 13:08:57.059759+00	{"eTag": "\\"f8b241136115a3c6c0837749ff72e492\\"", "size": 428720, "mimetype": "image/jpeg", "cacheControl": "max-age=3600", "lastModified": "2025-07-10T09:00:08.000Z", "contentLength": 428720, "httpStatusCode": 200}	2277e75d-1747-4aa4-9aa0-7cb9eaa179d0	\N	\N
f9861357-f789-4b7a-b5a9-fe50dc312827	activities	YogaClasses/hatha.webp	\N	2025-07-09 19:25:21.742573+00	2025-07-09 19:25:21.742573+00	2025-07-09 19:25:21.742573+00	{"eTag": "\\"84c93e15898b966d42a9793be4868b11-1\\"", "size": 523938, "mimetype": "image/webp", "cacheControl": "max-age=3600", "lastModified": "2025-07-09T19:25:22.000Z", "contentLength": 523938, "httpStatusCode": 200}	ede63b7e-a8b0-4c1c-b48e-ace3d0cfc96e	\N	\N
44320c67-4523-446c-9489-42dff461a839	activities	YogaClasses/zumba_preview.webp	\N	2025-07-09 19:25:30.002963+00	2025-07-09 19:25:30.002963+00	2025-07-09 19:25:30.002963+00	{"eTag": "\\"b969c5afa9a00aaa507cf794b323ec1b-1\\"", "size": 96180, "mimetype": "image/webp", "cacheControl": "max-age=3600", "lastModified": "2025-07-09T19:25:30.000Z", "contentLength": 96180, "httpStatusCode": 200}	30dff988-80d2-4a66-aef2-daeaf91fd056	\N	\N
9dcc2599-8ec0-4eac-864b-7afe595bca0d	activities	YogaClasses/ashtanga.webp	\N	2025-07-09 19:25:21.619232+00	2025-07-09 19:25:21.619232+00	2025-07-09 19:25:21.619232+00	{"eTag": "\\"6db31dcc2d14de4cf89c56d86ea1b7d1-1\\"", "size": 23532, "mimetype": "image/webp", "cacheControl": "max-age=3600", "lastModified": "2025-07-09T19:25:22.000Z", "contentLength": 23532, "httpStatusCode": 200}	8031e28e-f963-4bc8-a17c-cee06586d6de	\N	\N
0d46041d-d4f5-467c-8b1d-632a65b4bc38	activities	YogaClasses/kundalini.webp	\N	2025-07-09 19:25:21.671905+00	2025-07-09 19:25:21.671905+00	2025-07-09 19:25:21.671905+00	{"eTag": "\\"a7005a6b8ef3703cfa490a824cf19dc7-1\\"", "size": 42678, "mimetype": "image/webp", "cacheControl": "max-age=3600", "lastModified": "2025-07-09T19:25:22.000Z", "contentLength": 42678, "httpStatusCode": 200}	90c5304f-47e8-4647-89a4-c721ea9bf899	\N	\N
045578ce-fb21-4050-ad1c-78f3250ecc8f	activities	YogaClasses/zumba-scaled.webp	\N	2025-07-09 19:25:30.022228+00	2025-07-09 19:25:30.022228+00	2025-07-09 19:25:30.022228+00	{"eTag": "\\"705f11d959050fb5b4a46e80eb8d37f7-1\\"", "size": 60132, "mimetype": "image/webp", "cacheControl": "max-age=3600", "lastModified": "2025-07-09T19:25:30.000Z", "contentLength": 60132, "httpStatusCode": 200}	ac7cf80f-3a63-4da4-9a30-3003bb0ba43c	\N	\N
eeede5eb-e6e1-4e5d-9d7f-1c065448b3ce	activities	Zumba/zumba_preview.webp	\N	2025-07-10 07:13:58.100166+00	2025-07-10 07:13:58.100166+00	2025-07-10 07:13:58.100166+00	{"eTag": "\\"b969c5afa9a00aaa507cf794b323ec1b-1\\"", "size": 96180, "mimetype": "image/webp", "cacheControl": "max-age=3600", "lastModified": "2025-07-10T07:13:58.000Z", "contentLength": 96180, "httpStatusCode": 200}	78f2849d-d099-42ff-b8be-d25af50d9db5	\N	\N
d4dd0b24-ad00-4323-901e-d9cba9249fc3	activities	Zumba/zumba-scaled.webp	\N	2025-07-10 07:13:58.116539+00	2025-07-10 07:13:58.116539+00	2025-07-10 07:13:58.116539+00	{"eTag": "\\"705f11d959050fb5b4a46e80eb8d37f7-1\\"", "size": 60132, "mimetype": "image/webp", "cacheControl": "max-age=3600", "lastModified": "2025-07-10T07:13:58.000Z", "contentLength": 60132, "httpStatusCode": 200}	710f5b1b-fe83-480a-b098-eb74cafe21d2	\N	\N
38b96771-dfe7-489c-b718-6327c68d733c	activities	Zumba/ZUMBAA.webp	\N	2025-07-10 07:13:58.12756+00	2025-07-10 07:13:58.12756+00	2025-07-10 07:13:58.12756+00	{"eTag": "\\"026fe5f40780281e919687530d60a6cc-1\\"", "size": 41678, "mimetype": "image/webp", "cacheControl": "max-age=3600", "lastModified": "2025-07-10T07:13:58.000Z", "contentLength": 41678, "httpStatusCode": 200}	659c0e61-d779-40fa-91b8-c955623d8775	\N	\N
3218d876-1c78-4766-a7e9-eab3100ca257	areas	jpeg/.emptyFolderPlaceholder	\N	2025-07-10 07:44:15.850349+00	2025-07-10 07:44:15.850349+00	2025-07-10 07:44:15.850349+00	{"eTag": "\\"d41d8cd98f00b204e9800998ecf8427e\\"", "size": 0, "mimetype": "application/octet-stream", "cacheControl": "max-age=3600", "lastModified": "2025-07-10T07:44:16.000Z", "contentLength": 0, "httpStatusCode": 200}	74aa106a-1a98-4948-b7e9-e7478dc1990e	\N	{}
50cee879-c336-473f-854d-8de6a01916e8	areas	jpeg/GiochiBimbi.png	\N	2025-05-03 13:11:08.352854+00	2025-07-10 07:45:11.778729+00	2025-05-03 13:11:08.352854+00	{"eTag": "\\"38b71c61f0052499fab35b0d478d5afa\\"", "size": 2155032, "mimetype": "image/png", "cacheControl": "max-age=3600", "lastModified": "2025-07-10T07:45:12.000Z", "contentLength": 2155032, "httpStatusCode": 200}	a83ae443-9606-4fbf-a108-2e6ae4f5d719	\N	\N
3ecaf056-746c-4a4a-9504-851615a79c5d	areas	webp/GiochiBimbi.webp	\N	2025-07-10 07:50:25.093868+00	2025-07-10 07:50:25.093868+00	2025-07-10 07:50:25.093868+00	{"eTag": "\\"22749e374f62e9dd767220acca3b1256-1\\"", "size": 94330, "mimetype": "image/webp", "cacheControl": "max-age=3600", "lastModified": "2025-07-10T07:50:25.000Z", "contentLength": 94330, "httpStatusCode": 200}	3c8bacff-70dd-4735-b800-8397be8165e9	\N	\N
d6bafd44-6603-4670-97b2-f6b3d821d9a6	areas	webp/bar.webp	\N	2025-07-10 07:50:25.129069+00	2025-07-10 07:50:25.129069+00	2025-07-10 07:50:25.129069+00	{"eTag": "\\"5363ae089c43e63edf6d3f64f6716d1e-1\\"", "size": 115064, "mimetype": "image/webp", "cacheControl": "max-age=3600", "lastModified": "2025-07-10T07:50:25.000Z", "contentLength": 115064, "httpStatusCode": 200}	c1590e3c-8f22-4ead-8d6f-8d50a6c17e79	\N	\N
d6d5dfdf-d254-40a1-98b9-af86f4db281c	areas	webp/SPA.webp	\N	2025-07-10 07:50:25.156623+00	2025-07-10 07:50:25.156623+00	2025-07-10 07:50:25.156623+00	{"eTag": "\\"68f72dbff5649bcaa051943507a719f9-1\\"", "size": 16002, "mimetype": "image/webp", "cacheControl": "max-age=3600", "lastModified": "2025-07-10T07:50:25.000Z", "contentLength": 16002, "httpStatusCode": 200}	04e410b0-9ff5-4faa-8177-55a487dbcf19	\N	\N
\.


--
-- Data for Name: s3_multipart_uploads; Type: TABLE DATA; Schema: storage; Owner: supabase_storage_admin
--

COPY storage.s3_multipart_uploads (id, in_progress_size, upload_signature, bucket_id, key, version, owner_id, created_at, user_metadata) FROM stdin;
\.


--
-- Data for Name: s3_multipart_uploads_parts; Type: TABLE DATA; Schema: storage; Owner: supabase_storage_admin
--

COPY storage.s3_multipart_uploads_parts (id, upload_id, size, part_number, bucket_id, key, etag, owner_id, version, created_at) FROM stdin;
\.


--
-- Data for Name: secrets; Type: TABLE DATA; Schema: vault; Owner: supabase_admin
--

COPY vault.secrets (id, name, description, secret, key_id, nonce, created_at, updated_at) FROM stdin;
\.


--
-- Name: refresh_tokens_id_seq; Type: SEQUENCE SET; Schema: auth; Owner: supabase_auth_admin
--

SELECT pg_catalog.setval('auth.refresh_tokens_id_seq', 1, false);


--
-- Name: activity_id_seq; Type: SEQUENCE SET; Schema: public; Owner: postgres
--

SELECT pg_catalog.setval('public.activity_id_seq', 30, true);


--
-- Name: activity_id_seq1; Type: SEQUENCE SET; Schema: public; Owner: postgres
--

SELECT pg_catalog.setval('public.activity_id_seq1', 1, false);


--
-- Name: activity_translations_id_seq; Type: SEQUENCE SET; Schema: public; Owner: postgres
--

SELECT pg_catalog.setval('public.activity_translations_id_seq', 51, true);


--
-- Name: areas_id_seq; Type: SEQUENCE SET; Schema: public; Owner: postgres
--

SELECT pg_catalog.setval('public.areas_id_seq', 1, false);


--
-- Name: partecipant_id_seq; Type: SEQUENCE SET; Schema: public; Owner: postgres
--

SELECT pg_catalog.setval('public.partecipant_id_seq', 1, false);


--
-- Name: review_translations_id_seq; Type: SEQUENCE SET; Schema: public; Owner: postgres
--

SELECT pg_catalog.setval('public.review_translations_id_seq', 30, true);


--
-- Name: reviews_id_seq; Type: SEQUENCE SET; Schema: public; Owner: postgres
--

SELECT pg_catalog.setval('public.reviews_id_seq', 1, false);


--
-- Name: room_id_seq; Type: SEQUENCE SET; Schema: public; Owner: postgres
--

SELECT pg_catalog.setval('public.room_id_seq', 38, true);


--
-- Name: room_id_seq1; Type: SEQUENCE SET; Schema: public; Owner: postgres
--

SELECT pg_catalog.setval('public.room_id_seq1', 1, false);


--
-- Name: room_translations_id_seq; Type: SEQUENCE SET; Schema: public; Owner: postgres
--

SELECT pg_catalog.setval('public.room_translations_id_seq', 30, true);


--
-- Name: teacher_id_seq; Type: SEQUENCE SET; Schema: public; Owner: postgres
--

SELECT pg_catalog.setval('public.teacher_id_seq', 35, true);


--
-- Name: teacher_id_seq1; Type: SEQUENCE SET; Schema: public; Owner: postgres
--

SELECT pg_catalog.setval('public.teacher_id_seq1', 1, false);


--
-- Name: teacher_translations_id_seq; Type: SEQUENCE SET; Schema: public; Owner: postgres
--

SELECT pg_catalog.setval('public.teacher_translations_id_seq', 26, true);


--
-- Name: subscription_id_seq; Type: SEQUENCE SET; Schema: realtime; Owner: supabase_admin
--

SELECT pg_catalog.setval('realtime.subscription_id_seq', 1, false);


--
-- Name: mfa_amr_claims amr_id_pk; Type: CONSTRAINT; Schema: auth; Owner: supabase_auth_admin
--

ALTER TABLE ONLY auth.mfa_amr_claims
    ADD CONSTRAINT amr_id_pk PRIMARY KEY (id);


--
-- Name: audit_log_entries audit_log_entries_pkey; Type: CONSTRAINT; Schema: auth; Owner: supabase_auth_admin
--

ALTER TABLE ONLY auth.audit_log_entries
    ADD CONSTRAINT audit_log_entries_pkey PRIMARY KEY (id);


--
-- Name: flow_state flow_state_pkey; Type: CONSTRAINT; Schema: auth; Owner: supabase_auth_admin
--

ALTER TABLE ONLY auth.flow_state
    ADD CONSTRAINT flow_state_pkey PRIMARY KEY (id);


--
-- Name: identities identities_pkey; Type: CONSTRAINT; Schema: auth; Owner: supabase_auth_admin
--

ALTER TABLE ONLY auth.identities
    ADD CONSTRAINT identities_pkey PRIMARY KEY (id);


--
-- Name: identities identities_provider_id_provider_unique; Type: CONSTRAINT; Schema: auth; Owner: supabase_auth_admin
--

ALTER TABLE ONLY auth.identities
    ADD CONSTRAINT identities_provider_id_provider_unique UNIQUE (provider_id, provider);


--
-- Name: instances instances_pkey; Type: CONSTRAINT; Schema: auth; Owner: supabase_auth_admin
--

ALTER TABLE ONLY auth.instances
    ADD CONSTRAINT instances_pkey PRIMARY KEY (id);


--
-- Name: mfa_amr_claims mfa_amr_claims_session_id_authentication_method_pkey; Type: CONSTRAINT; Schema: auth; Owner: supabase_auth_admin
--

ALTER TABLE ONLY auth.mfa_amr_claims
    ADD CONSTRAINT mfa_amr_claims_session_id_authentication_method_pkey UNIQUE (session_id, authentication_method);


--
-- Name: mfa_challenges mfa_challenges_pkey; Type: CONSTRAINT; Schema: auth; Owner: supabase_auth_admin
--

ALTER TABLE ONLY auth.mfa_challenges
    ADD CONSTRAINT mfa_challenges_pkey PRIMARY KEY (id);


--
-- Name: mfa_factors mfa_factors_last_challenged_at_key; Type: CONSTRAINT; Schema: auth; Owner: supabase_auth_admin
--

ALTER TABLE ONLY auth.mfa_factors
    ADD CONSTRAINT mfa_factors_last_challenged_at_key UNIQUE (last_challenged_at);


--
-- Name: mfa_factors mfa_factors_pkey; Type: CONSTRAINT; Schema: auth; Owner: supabase_auth_admin
--

ALTER TABLE ONLY auth.mfa_factors
    ADD CONSTRAINT mfa_factors_pkey PRIMARY KEY (id);


--
-- Name: oauth_clients oauth_clients_client_id_key; Type: CONSTRAINT; Schema: auth; Owner: supabase_auth_admin
--

ALTER TABLE ONLY auth.oauth_clients
    ADD CONSTRAINT oauth_clients_client_id_key UNIQUE (client_id);


--
-- Name: oauth_clients oauth_clients_pkey; Type: CONSTRAINT; Schema: auth; Owner: supabase_auth_admin
--

ALTER TABLE ONLY auth.oauth_clients
    ADD CONSTRAINT oauth_clients_pkey PRIMARY KEY (id);


--
-- Name: one_time_tokens one_time_tokens_pkey; Type: CONSTRAINT; Schema: auth; Owner: supabase_auth_admin
--

ALTER TABLE ONLY auth.one_time_tokens
    ADD CONSTRAINT one_time_tokens_pkey PRIMARY KEY (id);


--
-- Name: refresh_tokens refresh_tokens_pkey; Type: CONSTRAINT; Schema: auth; Owner: supabase_auth_admin
--

ALTER TABLE ONLY auth.refresh_tokens
    ADD CONSTRAINT refresh_tokens_pkey PRIMARY KEY (id);


--
-- Name: refresh_tokens refresh_tokens_token_unique; Type: CONSTRAINT; Schema: auth; Owner: supabase_auth_admin
--

ALTER TABLE ONLY auth.refresh_tokens
    ADD CONSTRAINT refresh_tokens_token_unique UNIQUE (token);


--
-- Name: saml_providers saml_providers_entity_id_key; Type: CONSTRAINT; Schema: auth; Owner: supabase_auth_admin
--

ALTER TABLE ONLY auth.saml_providers
    ADD CONSTRAINT saml_providers_entity_id_key UNIQUE (entity_id);


--
-- Name: saml_providers saml_providers_pkey; Type: CONSTRAINT; Schema: auth; Owner: supabase_auth_admin
--

ALTER TABLE ONLY auth.saml_providers
    ADD CONSTRAINT saml_providers_pkey PRIMARY KEY (id);


--
-- Name: saml_relay_states saml_relay_states_pkey; Type: CONSTRAINT; Schema: auth; Owner: supabase_auth_admin
--

ALTER TABLE ONLY auth.saml_relay_states
    ADD CONSTRAINT saml_relay_states_pkey PRIMARY KEY (id);


--
-- Name: schema_migrations schema_migrations_pkey; Type: CONSTRAINT; Schema: auth; Owner: supabase_auth_admin
--

ALTER TABLE ONLY auth.schema_migrations
    ADD CONSTRAINT schema_migrations_pkey PRIMARY KEY (version);


--
-- Name: sessions sessions_pkey; Type: CONSTRAINT; Schema: auth; Owner: supabase_auth_admin
--

ALTER TABLE ONLY auth.sessions
    ADD CONSTRAINT sessions_pkey PRIMARY KEY (id);


--
-- Name: sso_domains sso_domains_pkey; Type: CONSTRAINT; Schema: auth; Owner: supabase_auth_admin
--

ALTER TABLE ONLY auth.sso_domains
    ADD CONSTRAINT sso_domains_pkey PRIMARY KEY (id);


--
-- Name: sso_providers sso_providers_pkey; Type: CONSTRAINT; Schema: auth; Owner: supabase_auth_admin
--

ALTER TABLE ONLY auth.sso_providers
    ADD CONSTRAINT sso_providers_pkey PRIMARY KEY (id);


--
-- Name: users users_phone_key; Type: CONSTRAINT; Schema: auth; Owner: supabase_auth_admin
--

ALTER TABLE ONLY auth.users
    ADD CONSTRAINT users_phone_key UNIQUE (phone);


--
-- Name: users users_pkey; Type: CONSTRAINT; Schema: auth; Owner: supabase_auth_admin
--

ALTER TABLE ONLY auth.users
    ADD CONSTRAINT users_pkey PRIMARY KEY (id);


--
-- Name: activity activity_pkey; Type: CONSTRAINT; Schema: public; Owner: postgres
--

ALTER TABLE ONLY public.activity
    ADD CONSTRAINT activity_pkey PRIMARY KEY (id);


--
-- Name: activity_base activity_pkey1; Type: CONSTRAINT; Schema: public; Owner: postgres
--

ALTER TABLE ONLY public.activity_base
    ADD CONSTRAINT activity_pkey1 PRIMARY KEY (id);


--
-- Name: activity activity_title_key; Type: CONSTRAINT; Schema: public; Owner: postgres
--

ALTER TABLE ONLY public.activity
    ADD CONSTRAINT activity_title_key UNIQUE (title);


--
-- Name: activity_translations activity_translations_activity_id_language_code_key; Type: CONSTRAINT; Schema: public; Owner: postgres
--

ALTER TABLE ONLY public.activity_translations
    ADD CONSTRAINT activity_translations_activity_id_language_code_key UNIQUE (activity_id, language_code);


--
-- Name: activity_translations activity_translations_pkey; Type: CONSTRAINT; Schema: public; Owner: postgres
--

ALTER TABLE ONLY public.activity_translations
    ADD CONSTRAINT activity_translations_pkey PRIMARY KEY (id);


--
-- Name: areas areas_pkey; Type: CONSTRAINT; Schema: public; Owner: postgres
--

ALTER TABLE ONLY public.areas
    ADD CONSTRAINT areas_pkey PRIMARY KEY (id);


--
-- Name: messaggi messaggi_pkey; Type: CONSTRAINT; Schema: public; Owner: postgres
--

ALTER TABLE ONLY public.messaggi
    ADD CONSTRAINT messaggi_pkey PRIMARY KEY (id);


--
-- Name: participant partecipant_pkey; Type: CONSTRAINT; Schema: public; Owner: postgres
--

ALTER TABLE ONLY public.participant
    ADD CONSTRAINT partecipant_pkey PRIMARY KEY (id);


--
-- Name: review_translations review_translations_pkey; Type: CONSTRAINT; Schema: public; Owner: postgres
--

ALTER TABLE ONLY public.review_translations
    ADD CONSTRAINT review_translations_pkey PRIMARY KEY (id);


--
-- Name: review_translations review_translations_review_id_language_code_key; Type: CONSTRAINT; Schema: public; Owner: postgres
--

ALTER TABLE ONLY public.review_translations
    ADD CONSTRAINT review_translations_review_id_language_code_key UNIQUE (review_id, language_code);


--
-- Name: reviews reviews_pkey; Type: CONSTRAINT; Schema: public; Owner: postgres
--

ALTER TABLE ONLY public.reviews
    ADD CONSTRAINT reviews_pkey PRIMARY KEY (iduser, idactivity);


--
-- Name: reviews_base reviews_pkey1; Type: CONSTRAINT; Schema: public; Owner: postgres
--

ALTER TABLE ONLY public.reviews_base
    ADD CONSTRAINT reviews_pkey1 PRIMARY KEY (id);


--
-- Name: room room_pkey; Type: CONSTRAINT; Schema: public; Owner: postgres
--

ALTER TABLE ONLY public.room
    ADD CONSTRAINT room_pkey PRIMARY KEY (id);


--
-- Name: room_base room_pkey1; Type: CONSTRAINT; Schema: public; Owner: postgres
--

ALTER TABLE ONLY public.room_base
    ADD CONSTRAINT room_pkey1 PRIMARY KEY (id);


--
-- Name: room room_title_key; Type: CONSTRAINT; Schema: public; Owner: postgres
--

ALTER TABLE ONLY public.room
    ADD CONSTRAINT room_title_key UNIQUE (title);


--
-- Name: room_translations room_translations_pkey; Type: CONSTRAINT; Schema: public; Owner: postgres
--

ALTER TABLE ONLY public.room_translations
    ADD CONSTRAINT room_translations_pkey PRIMARY KEY (id);


--
-- Name: room_translations room_translations_room_id_language_code_key; Type: CONSTRAINT; Schema: public; Owner: postgres
--

ALTER TABLE ONLY public.room_translations
    ADD CONSTRAINT room_translations_room_id_language_code_key UNIQUE (room_id, language_code);


--
-- Name: teacher teacher_pkey; Type: CONSTRAINT; Schema: public; Owner: postgres
--

ALTER TABLE ONLY public.teacher
    ADD CONSTRAINT teacher_pkey PRIMARY KEY (id);


--
-- Name: teacher_base teacher_pkey1; Type: CONSTRAINT; Schema: public; Owner: postgres
--

ALTER TABLE ONLY public.teacher_base
    ADD CONSTRAINT teacher_pkey1 PRIMARY KEY (id);


--
-- Name: teacher_translations teacher_translations_pkey; Type: CONSTRAINT; Schema: public; Owner: postgres
--

ALTER TABLE ONLY public.teacher_translations
    ADD CONSTRAINT teacher_translations_pkey PRIMARY KEY (id, language_code);


--
-- Name: teacher_translations teacher_translations_teacher_id_language_code_key; Type: CONSTRAINT; Schema: public; Owner: postgres
--

ALTER TABLE ONLY public.teacher_translations
    ADD CONSTRAINT teacher_translations_teacher_id_language_code_key UNIQUE (id, language_code);


--
-- Name: teaches teaches_new_pkey; Type: CONSTRAINT; Schema: public; Owner: postgres
--

ALTER TABLE ONLY public.teaches
    ADD CONSTRAINT teaches_new_pkey PRIMARY KEY (idteacher, idactivity);


--
-- Name: messages messages_pkey; Type: CONSTRAINT; Schema: realtime; Owner: supabase_realtime_admin
--

ALTER TABLE ONLY realtime.messages
    ADD CONSTRAINT messages_pkey PRIMARY KEY (id, inserted_at);


--
-- Name: subscription pk_subscription; Type: CONSTRAINT; Schema: realtime; Owner: supabase_admin
--

ALTER TABLE ONLY realtime.subscription
    ADD CONSTRAINT pk_subscription PRIMARY KEY (id);


--
-- Name: schema_migrations schema_migrations_pkey; Type: CONSTRAINT; Schema: realtime; Owner: supabase_admin
--

ALTER TABLE ONLY realtime.schema_migrations
    ADD CONSTRAINT schema_migrations_pkey PRIMARY KEY (version);


--
-- Name: buckets buckets_pkey; Type: CONSTRAINT; Schema: storage; Owner: supabase_storage_admin
--

ALTER TABLE ONLY storage.buckets
    ADD CONSTRAINT buckets_pkey PRIMARY KEY (id);


--
-- Name: migrations migrations_name_key; Type: CONSTRAINT; Schema: storage; Owner: supabase_storage_admin
--

ALTER TABLE ONLY storage.migrations
    ADD CONSTRAINT migrations_name_key UNIQUE (name);


--
-- Name: migrations migrations_pkey; Type: CONSTRAINT; Schema: storage; Owner: supabase_storage_admin
--

ALTER TABLE ONLY storage.migrations
    ADD CONSTRAINT migrations_pkey PRIMARY KEY (id);


--
-- Name: objects objects_pkey; Type: CONSTRAINT; Schema: storage; Owner: supabase_storage_admin
--

ALTER TABLE ONLY storage.objects
    ADD CONSTRAINT objects_pkey PRIMARY KEY (id);


--
-- Name: s3_multipart_uploads_parts s3_multipart_uploads_parts_pkey; Type: CONSTRAINT; Schema: storage; Owner: supabase_storage_admin
--

ALTER TABLE ONLY storage.s3_multipart_uploads_parts
    ADD CONSTRAINT s3_multipart_uploads_parts_pkey PRIMARY KEY (id);


--
-- Name: s3_multipart_uploads s3_multipart_uploads_pkey; Type: CONSTRAINT; Schema: storage; Owner: supabase_storage_admin
--

ALTER TABLE ONLY storage.s3_multipart_uploads
    ADD CONSTRAINT s3_multipart_uploads_pkey PRIMARY KEY (id);


--
-- Name: audit_logs_instance_id_idx; Type: INDEX; Schema: auth; Owner: supabase_auth_admin
--

CREATE INDEX audit_logs_instance_id_idx ON auth.audit_log_entries USING btree (instance_id);


--
-- Name: confirmation_token_idx; Type: INDEX; Schema: auth; Owner: supabase_auth_admin
--

CREATE UNIQUE INDEX confirmation_token_idx ON auth.users USING btree (confirmation_token) WHERE ((confirmation_token)::text !~ '^[0-9 ]*$'::text);


--
-- Name: email_change_token_current_idx; Type: INDEX; Schema: auth; Owner: supabase_auth_admin
--

CREATE UNIQUE INDEX email_change_token_current_idx ON auth.users USING btree (email_change_token_current) WHERE ((email_change_token_current)::text !~ '^[0-9 ]*$'::text);


--
-- Name: email_change_token_new_idx; Type: INDEX; Schema: auth; Owner: supabase_auth_admin
--

CREATE UNIQUE INDEX email_change_token_new_idx ON auth.users USING btree (email_change_token_new) WHERE ((email_change_token_new)::text !~ '^[0-9 ]*$'::text);


--
-- Name: factor_id_created_at_idx; Type: INDEX; Schema: auth; Owner: supabase_auth_admin
--

CREATE INDEX factor_id_created_at_idx ON auth.mfa_factors USING btree (user_id, created_at);


--
-- Name: flow_state_created_at_idx; Type: INDEX; Schema: auth; Owner: supabase_auth_admin
--

CREATE INDEX flow_state_created_at_idx ON auth.flow_state USING btree (created_at DESC);


--
-- Name: identities_email_idx; Type: INDEX; Schema: auth; Owner: supabase_auth_admin
--

CREATE INDEX identities_email_idx ON auth.identities USING btree (email text_pattern_ops);


--
-- Name: INDEX identities_email_idx; Type: COMMENT; Schema: auth; Owner: supabase_auth_admin
--

COMMENT ON INDEX auth.identities_email_idx IS 'Auth: Ensures indexed queries on the email column';


--
-- Name: identities_user_id_idx; Type: INDEX; Schema: auth; Owner: supabase_auth_admin
--

CREATE INDEX identities_user_id_idx ON auth.identities USING btree (user_id);


--
-- Name: idx_auth_code; Type: INDEX; Schema: auth; Owner: supabase_auth_admin
--

CREATE INDEX idx_auth_code ON auth.flow_state USING btree (auth_code);


--
-- Name: idx_user_id_auth_method; Type: INDEX; Schema: auth; Owner: supabase_auth_admin
--

CREATE INDEX idx_user_id_auth_method ON auth.flow_state USING btree (user_id, authentication_method);


--
-- Name: mfa_challenge_created_at_idx; Type: INDEX; Schema: auth; Owner: supabase_auth_admin
--

CREATE INDEX mfa_challenge_created_at_idx ON auth.mfa_challenges USING btree (created_at DESC);


--
-- Name: mfa_factors_user_friendly_name_unique; Type: INDEX; Schema: auth; Owner: supabase_auth_admin
--

CREATE UNIQUE INDEX mfa_factors_user_friendly_name_unique ON auth.mfa_factors USING btree (friendly_name, user_id) WHERE (TRIM(BOTH FROM friendly_name) <> ''::text);


--
-- Name: mfa_factors_user_id_idx; Type: INDEX; Schema: auth; Owner: supabase_auth_admin
--

CREATE INDEX mfa_factors_user_id_idx ON auth.mfa_factors USING btree (user_id);


--
-- Name: oauth_clients_client_id_idx; Type: INDEX; Schema: auth; Owner: supabase_auth_admin
--

CREATE INDEX oauth_clients_client_id_idx ON auth.oauth_clients USING btree (client_id);


--
-- Name: oauth_clients_deleted_at_idx; Type: INDEX; Schema: auth; Owner: supabase_auth_admin
--

CREATE INDEX oauth_clients_deleted_at_idx ON auth.oauth_clients USING btree (deleted_at);


--
-- Name: one_time_tokens_relates_to_hash_idx; Type: INDEX; Schema: auth; Owner: supabase_auth_admin
--

CREATE INDEX one_time_tokens_relates_to_hash_idx ON auth.one_time_tokens USING hash (relates_to);


--
-- Name: one_time_tokens_token_hash_hash_idx; Type: INDEX; Schema: auth; Owner: supabase_auth_admin
--

CREATE INDEX one_time_tokens_token_hash_hash_idx ON auth.one_time_tokens USING hash (token_hash);


--
-- Name: one_time_tokens_user_id_token_type_key; Type: INDEX; Schema: auth; Owner: supabase_auth_admin
--

CREATE UNIQUE INDEX one_time_tokens_user_id_token_type_key ON auth.one_time_tokens USING btree (user_id, token_type);


--
-- Name: reauthentication_token_idx; Type: INDEX; Schema: auth; Owner: supabase_auth_admin
--

CREATE UNIQUE INDEX reauthentication_token_idx ON auth.users USING btree (reauthentication_token) WHERE ((reauthentication_token)::text !~ '^[0-9 ]*$'::text);


--
-- Name: recovery_token_idx; Type: INDEX; Schema: auth; Owner: supabase_auth_admin
--

CREATE UNIQUE INDEX recovery_token_idx ON auth.users USING btree (recovery_token) WHERE ((recovery_token)::text !~ '^[0-9 ]*$'::text);


--
-- Name: refresh_tokens_instance_id_idx; Type: INDEX; Schema: auth; Owner: supabase_auth_admin
--

CREATE INDEX refresh_tokens_instance_id_idx ON auth.refresh_tokens USING btree (instance_id);


--
-- Name: refresh_tokens_instance_id_user_id_idx; Type: INDEX; Schema: auth; Owner: supabase_auth_admin
--

CREATE INDEX refresh_tokens_instance_id_user_id_idx ON auth.refresh_tokens USING btree (instance_id, user_id);


--
-- Name: refresh_tokens_parent_idx; Type: INDEX; Schema: auth; Owner: supabase_auth_admin
--

CREATE INDEX refresh_tokens_parent_idx ON auth.refresh_tokens USING btree (parent);


--
-- Name: refresh_tokens_session_id_revoked_idx; Type: INDEX; Schema: auth; Owner: supabase_auth_admin
--

CREATE INDEX refresh_tokens_session_id_revoked_idx ON auth.refresh_tokens USING btree (session_id, revoked);


--
-- Name: refresh_tokens_updated_at_idx; Type: INDEX; Schema: auth; Owner: supabase_auth_admin
--

CREATE INDEX refresh_tokens_updated_at_idx ON auth.refresh_tokens USING btree (updated_at DESC);


--
-- Name: saml_providers_sso_provider_id_idx; Type: INDEX; Schema: auth; Owner: supabase_auth_admin
--

CREATE INDEX saml_providers_sso_provider_id_idx ON auth.saml_providers USING btree (sso_provider_id);


--
-- Name: saml_relay_states_created_at_idx; Type: INDEX; Schema: auth; Owner: supabase_auth_admin
--

CREATE INDEX saml_relay_states_created_at_idx ON auth.saml_relay_states USING btree (created_at DESC);


--
-- Name: saml_relay_states_for_email_idx; Type: INDEX; Schema: auth; Owner: supabase_auth_admin
--

CREATE INDEX saml_relay_states_for_email_idx ON auth.saml_relay_states USING btree (for_email);


--
-- Name: saml_relay_states_sso_provider_id_idx; Type: INDEX; Schema: auth; Owner: supabase_auth_admin
--

CREATE INDEX saml_relay_states_sso_provider_id_idx ON auth.saml_relay_states USING btree (sso_provider_id);


--
-- Name: sessions_not_after_idx; Type: INDEX; Schema: auth; Owner: supabase_auth_admin
--

CREATE INDEX sessions_not_after_idx ON auth.sessions USING btree (not_after DESC);


--
-- Name: sessions_user_id_idx; Type: INDEX; Schema: auth; Owner: supabase_auth_admin
--

CREATE INDEX sessions_user_id_idx ON auth.sessions USING btree (user_id);


--
-- Name: sso_domains_domain_idx; Type: INDEX; Schema: auth; Owner: supabase_auth_admin
--

CREATE UNIQUE INDEX sso_domains_domain_idx ON auth.sso_domains USING btree (lower(domain));


--
-- Name: sso_domains_sso_provider_id_idx; Type: INDEX; Schema: auth; Owner: supabase_auth_admin
--

CREATE INDEX sso_domains_sso_provider_id_idx ON auth.sso_domains USING btree (sso_provider_id);


--
-- Name: sso_providers_resource_id_idx; Type: INDEX; Schema: auth; Owner: supabase_auth_admin
--

CREATE UNIQUE INDEX sso_providers_resource_id_idx ON auth.sso_providers USING btree (lower(resource_id));


--
-- Name: sso_providers_resource_id_pattern_idx; Type: INDEX; Schema: auth; Owner: supabase_auth_admin
--

CREATE INDEX sso_providers_resource_id_pattern_idx ON auth.sso_providers USING btree (resource_id text_pattern_ops);


--
-- Name: unique_phone_factor_per_user; Type: INDEX; Schema: auth; Owner: supabase_auth_admin
--

CREATE UNIQUE INDEX unique_phone_factor_per_user ON auth.mfa_factors USING btree (user_id, phone);


--
-- Name: user_id_created_at_idx; Type: INDEX; Schema: auth; Owner: supabase_auth_admin
--

CREATE INDEX user_id_created_at_idx ON auth.sessions USING btree (user_id, created_at);


--
-- Name: users_email_partial_key; Type: INDEX; Schema: auth; Owner: supabase_auth_admin
--

CREATE UNIQUE INDEX users_email_partial_key ON auth.users USING btree (email) WHERE (is_sso_user = false);


--
-- Name: INDEX users_email_partial_key; Type: COMMENT; Schema: auth; Owner: supabase_auth_admin
--

COMMENT ON INDEX auth.users_email_partial_key IS 'Auth: A partial unique index that applies only when is_sso_user is false';


--
-- Name: users_instance_id_email_idx; Type: INDEX; Schema: auth; Owner: supabase_auth_admin
--

CREATE INDEX users_instance_id_email_idx ON auth.users USING btree (instance_id, lower((email)::text));


--
-- Name: users_instance_id_idx; Type: INDEX; Schema: auth; Owner: supabase_auth_admin
--

CREATE INDEX users_instance_id_idx ON auth.users USING btree (instance_id);


--
-- Name: users_is_anonymous_idx; Type: INDEX; Schema: auth; Owner: supabase_auth_admin
--

CREATE INDEX users_is_anonymous_idx ON auth.users USING btree (is_anonymous);


--
-- Name: ix_realtime_subscription_entity; Type: INDEX; Schema: realtime; Owner: supabase_admin
--

CREATE INDEX ix_realtime_subscription_entity ON realtime.subscription USING btree (entity);


--
-- Name: subscription_subscription_id_entity_filters_key; Type: INDEX; Schema: realtime; Owner: supabase_admin
--

CREATE UNIQUE INDEX subscription_subscription_id_entity_filters_key ON realtime.subscription USING btree (subscription_id, entity, filters);


--
-- Name: bname; Type: INDEX; Schema: storage; Owner: supabase_storage_admin
--

CREATE UNIQUE INDEX bname ON storage.buckets USING btree (name);


--
-- Name: bucketid_objname; Type: INDEX; Schema: storage; Owner: supabase_storage_admin
--

CREATE UNIQUE INDEX bucketid_objname ON storage.objects USING btree (bucket_id, name);


--
-- Name: idx_multipart_uploads_list; Type: INDEX; Schema: storage; Owner: supabase_storage_admin
--

CREATE INDEX idx_multipart_uploads_list ON storage.s3_multipart_uploads USING btree (bucket_id, key, created_at);


--
-- Name: idx_objects_bucket_id_name; Type: INDEX; Schema: storage; Owner: supabase_storage_admin
--

CREATE INDEX idx_objects_bucket_id_name ON storage.objects USING btree (bucket_id, name COLLATE "C");


--
-- Name: name_prefix_search; Type: INDEX; Schema: storage; Owner: supabase_storage_admin
--

CREATE INDEX name_prefix_search ON storage.objects USING btree (name text_pattern_ops);


--
-- Name: subscription tr_check_filters; Type: TRIGGER; Schema: realtime; Owner: supabase_admin
--

CREATE TRIGGER tr_check_filters BEFORE INSERT OR UPDATE ON realtime.subscription FOR EACH ROW EXECUTE FUNCTION realtime.subscription_check_filters();


--
-- Name: objects update_objects_updated_at; Type: TRIGGER; Schema: storage; Owner: supabase_storage_admin
--

CREATE TRIGGER update_objects_updated_at BEFORE UPDATE ON storage.objects FOR EACH ROW EXECUTE FUNCTION storage.update_updated_at_column();


--
-- Name: identities identities_user_id_fkey; Type: FK CONSTRAINT; Schema: auth; Owner: supabase_auth_admin
--

ALTER TABLE ONLY auth.identities
    ADD CONSTRAINT identities_user_id_fkey FOREIGN KEY (user_id) REFERENCES auth.users(id) ON DELETE CASCADE;


--
-- Name: mfa_amr_claims mfa_amr_claims_session_id_fkey; Type: FK CONSTRAINT; Schema: auth; Owner: supabase_auth_admin
--

ALTER TABLE ONLY auth.mfa_amr_claims
    ADD CONSTRAINT mfa_amr_claims_session_id_fkey FOREIGN KEY (session_id) REFERENCES auth.sessions(id) ON DELETE CASCADE;


--
-- Name: mfa_challenges mfa_challenges_auth_factor_id_fkey; Type: FK CONSTRAINT; Schema: auth; Owner: supabase_auth_admin
--

ALTER TABLE ONLY auth.mfa_challenges
    ADD CONSTRAINT mfa_challenges_auth_factor_id_fkey FOREIGN KEY (factor_id) REFERENCES auth.mfa_factors(id) ON DELETE CASCADE;


--
-- Name: mfa_factors mfa_factors_user_id_fkey; Type: FK CONSTRAINT; Schema: auth; Owner: supabase_auth_admin
--

ALTER TABLE ONLY auth.mfa_factors
    ADD CONSTRAINT mfa_factors_user_id_fkey FOREIGN KEY (user_id) REFERENCES auth.users(id) ON DELETE CASCADE;


--
-- Name: one_time_tokens one_time_tokens_user_id_fkey; Type: FK CONSTRAINT; Schema: auth; Owner: supabase_auth_admin
--

ALTER TABLE ONLY auth.one_time_tokens
    ADD CONSTRAINT one_time_tokens_user_id_fkey FOREIGN KEY (user_id) REFERENCES auth.users(id) ON DELETE CASCADE;


--
-- Name: refresh_tokens refresh_tokens_session_id_fkey; Type: FK CONSTRAINT; Schema: auth; Owner: supabase_auth_admin
--

ALTER TABLE ONLY auth.refresh_tokens
    ADD CONSTRAINT refresh_tokens_session_id_fkey FOREIGN KEY (session_id) REFERENCES auth.sessions(id) ON DELETE CASCADE;


--
-- Name: saml_providers saml_providers_sso_provider_id_fkey; Type: FK CONSTRAINT; Schema: auth; Owner: supabase_auth_admin
--

ALTER TABLE ONLY auth.saml_providers
    ADD CONSTRAINT saml_providers_sso_provider_id_fkey FOREIGN KEY (sso_provider_id) REFERENCES auth.sso_providers(id) ON DELETE CASCADE;


--
-- Name: saml_relay_states saml_relay_states_flow_state_id_fkey; Type: FK CONSTRAINT; Schema: auth; Owner: supabase_auth_admin
--

ALTER TABLE ONLY auth.saml_relay_states
    ADD CONSTRAINT saml_relay_states_flow_state_id_fkey FOREIGN KEY (flow_state_id) REFERENCES auth.flow_state(id) ON DELETE CASCADE;


--
-- Name: saml_relay_states saml_relay_states_sso_provider_id_fkey; Type: FK CONSTRAINT; Schema: auth; Owner: supabase_auth_admin
--

ALTER TABLE ONLY auth.saml_relay_states
    ADD CONSTRAINT saml_relay_states_sso_provider_id_fkey FOREIGN KEY (sso_provider_id) REFERENCES auth.sso_providers(id) ON DELETE CASCADE;


--
-- Name: sessions sessions_user_id_fkey; Type: FK CONSTRAINT; Schema: auth; Owner: supabase_auth_admin
--

ALTER TABLE ONLY auth.sessions
    ADD CONSTRAINT sessions_user_id_fkey FOREIGN KEY (user_id) REFERENCES auth.users(id) ON DELETE CASCADE;


--
-- Name: sso_domains sso_domains_sso_provider_id_fkey; Type: FK CONSTRAINT; Schema: auth; Owner: supabase_auth_admin
--

ALTER TABLE ONLY auth.sso_domains
    ADD CONSTRAINT sso_domains_sso_provider_id_fkey FOREIGN KEY (sso_provider_id) REFERENCES auth.sso_providers(id) ON DELETE CASCADE;


--
-- Name: activity_base activity_base_teacher_id_fkey; Type: FK CONSTRAINT; Schema: public; Owner: postgres
--

ALTER TABLE ONLY public.activity_base
    ADD CONSTRAINT activity_base_teacher_id_fkey FOREIGN KEY (teacher_id) REFERENCES public.teacher_base(id);


--
-- Name: activity activity_roomid_fkey; Type: FK CONSTRAINT; Schema: public; Owner: postgres
--

ALTER TABLE ONLY public.activity
    ADD CONSTRAINT activity_roomid_fkey FOREIGN KEY (roomid) REFERENCES public.room(id) ON UPDATE CASCADE;


--
-- Name: activity_translations activity_translations_activity_id_fkey; Type: FK CONSTRAINT; Schema: public; Owner: postgres
--

ALTER TABLE ONLY public.activity_translations
    ADD CONSTRAINT activity_translations_activity_id_fkey FOREIGN KEY (activity_id) REFERENCES public.activity_base(id) ON DELETE CASCADE;


--
-- Name: review_translations review_translations_review_id_fkey; Type: FK CONSTRAINT; Schema: public; Owner: postgres
--

ALTER TABLE ONLY public.review_translations
    ADD CONSTRAINT review_translations_review_id_fkey FOREIGN KEY (review_id) REFERENCES public.reviews_base(id) ON DELETE CASCADE;


--
-- Name: reviews reviews_idactivity_fkey; Type: FK CONSTRAINT; Schema: public; Owner: postgres
--

ALTER TABLE ONLY public.reviews
    ADD CONSTRAINT reviews_idactivity_fkey FOREIGN KEY (idactivity) REFERENCES public.activity(id);


--
-- Name: reviews_base reviews_idactivity_fkey1; Type: FK CONSTRAINT; Schema: public; Owner: postgres
--

ALTER TABLE ONLY public.reviews_base
    ADD CONSTRAINT reviews_idactivity_fkey1 FOREIGN KEY (idactivity) REFERENCES public.activity_base(id);


--
-- Name: reviews_base reviews_idparticipant_fkey; Type: FK CONSTRAINT; Schema: public; Owner: postgres
--

ALTER TABLE ONLY public.reviews_base
    ADD CONSTRAINT reviews_idparticipant_fkey FOREIGN KEY (idparticipant) REFERENCES public.participant(id);


--
-- Name: reviews reviews_iduser_fkey; Type: FK CONSTRAINT; Schema: public; Owner: postgres
--

ALTER TABLE ONLY public.reviews
    ADD CONSTRAINT reviews_iduser_fkey FOREIGN KEY (iduser) REFERENCES public.participant(id) ON UPDATE CASCADE;


--
-- Name: room_translations room_translations_room_id_fkey; Type: FK CONSTRAINT; Schema: public; Owner: postgres
--

ALTER TABLE ONLY public.room_translations
    ADD CONSTRAINT room_translations_room_id_fkey FOREIGN KEY (room_id) REFERENCES public.room_base(id) ON DELETE CASCADE;


--
-- Name: teacher_translations teacher_translations_id_fkey; Type: FK CONSTRAINT; Schema: public; Owner: postgres
--

ALTER TABLE ONLY public.teacher_translations
    ADD CONSTRAINT teacher_translations_id_fkey FOREIGN KEY (id) REFERENCES public.teacher_base(id) ON DELETE CASCADE;


--
-- Name: teaches teaches_new_idactivity_fkey; Type: FK CONSTRAINT; Schema: public; Owner: postgres
--

ALTER TABLE ONLY public.teaches
    ADD CONSTRAINT teaches_new_idactivity_fkey FOREIGN KEY (idactivity) REFERENCES public.activity_base(id) ON DELETE CASCADE;


--
-- Name: teaches teaches_new_idteacher_fkey; Type: FK CONSTRAINT; Schema: public; Owner: postgres
--

ALTER TABLE ONLY public.teaches
    ADD CONSTRAINT teaches_new_idteacher_fkey FOREIGN KEY (idteacher) REFERENCES public.teacher_base(id) ON DELETE CASCADE;


--
-- Name: objects objects_bucketId_fkey; Type: FK CONSTRAINT; Schema: storage; Owner: supabase_storage_admin
--

ALTER TABLE ONLY storage.objects
    ADD CONSTRAINT "objects_bucketId_fkey" FOREIGN KEY (bucket_id) REFERENCES storage.buckets(id);


--
-- Name: s3_multipart_uploads s3_multipart_uploads_bucket_id_fkey; Type: FK CONSTRAINT; Schema: storage; Owner: supabase_storage_admin
--

ALTER TABLE ONLY storage.s3_multipart_uploads
    ADD CONSTRAINT s3_multipart_uploads_bucket_id_fkey FOREIGN KEY (bucket_id) REFERENCES storage.buckets(id);


--
-- Name: s3_multipart_uploads_parts s3_multipart_uploads_parts_bucket_id_fkey; Type: FK CONSTRAINT; Schema: storage; Owner: supabase_storage_admin
--

ALTER TABLE ONLY storage.s3_multipart_uploads_parts
    ADD CONSTRAINT s3_multipart_uploads_parts_bucket_id_fkey FOREIGN KEY (bucket_id) REFERENCES storage.buckets(id);


--
-- Name: s3_multipart_uploads_parts s3_multipart_uploads_parts_upload_id_fkey; Type: FK CONSTRAINT; Schema: storage; Owner: supabase_storage_admin
--

ALTER TABLE ONLY storage.s3_multipart_uploads_parts
    ADD CONSTRAINT s3_multipart_uploads_parts_upload_id_fkey FOREIGN KEY (upload_id) REFERENCES storage.s3_multipart_uploads(id) ON DELETE CASCADE;


--
-- Name: audit_log_entries; Type: ROW SECURITY; Schema: auth; Owner: supabase_auth_admin
--

ALTER TABLE auth.audit_log_entries ENABLE ROW LEVEL SECURITY;

--
-- Name: flow_state; Type: ROW SECURITY; Schema: auth; Owner: supabase_auth_admin
--

ALTER TABLE auth.flow_state ENABLE ROW LEVEL SECURITY;

--
-- Name: identities; Type: ROW SECURITY; Schema: auth; Owner: supabase_auth_admin
--

ALTER TABLE auth.identities ENABLE ROW LEVEL SECURITY;

--
-- Name: instances; Type: ROW SECURITY; Schema: auth; Owner: supabase_auth_admin
--

ALTER TABLE auth.instances ENABLE ROW LEVEL SECURITY;

--
-- Name: mfa_amr_claims; Type: ROW SECURITY; Schema: auth; Owner: supabase_auth_admin
--

ALTER TABLE auth.mfa_amr_claims ENABLE ROW LEVEL SECURITY;

--
-- Name: mfa_challenges; Type: ROW SECURITY; Schema: auth; Owner: supabase_auth_admin
--

ALTER TABLE auth.mfa_challenges ENABLE ROW LEVEL SECURITY;

--
-- Name: mfa_factors; Type: ROW SECURITY; Schema: auth; Owner: supabase_auth_admin
--

ALTER TABLE auth.mfa_factors ENABLE ROW LEVEL SECURITY;

--
-- Name: one_time_tokens; Type: ROW SECURITY; Schema: auth; Owner: supabase_auth_admin
--

ALTER TABLE auth.one_time_tokens ENABLE ROW LEVEL SECURITY;

--
-- Name: refresh_tokens; Type: ROW SECURITY; Schema: auth; Owner: supabase_auth_admin
--

ALTER TABLE auth.refresh_tokens ENABLE ROW LEVEL SECURITY;

--
-- Name: saml_providers; Type: ROW SECURITY; Schema: auth; Owner: supabase_auth_admin
--

ALTER TABLE auth.saml_providers ENABLE ROW LEVEL SECURITY;

--
-- Name: saml_relay_states; Type: ROW SECURITY; Schema: auth; Owner: supabase_auth_admin
--

ALTER TABLE auth.saml_relay_states ENABLE ROW LEVEL SECURITY;

--
-- Name: schema_migrations; Type: ROW SECURITY; Schema: auth; Owner: supabase_auth_admin
--

ALTER TABLE auth.schema_migrations ENABLE ROW LEVEL SECURITY;

--
-- Name: sessions; Type: ROW SECURITY; Schema: auth; Owner: supabase_auth_admin
--

ALTER TABLE auth.sessions ENABLE ROW LEVEL SECURITY;

--
-- Name: sso_domains; Type: ROW SECURITY; Schema: auth; Owner: supabase_auth_admin
--

ALTER TABLE auth.sso_domains ENABLE ROW LEVEL SECURITY;

--
-- Name: sso_providers; Type: ROW SECURITY; Schema: auth; Owner: supabase_auth_admin
--

ALTER TABLE auth.sso_providers ENABLE ROW LEVEL SECURITY;

--
-- Name: users; Type: ROW SECURITY; Schema: auth; Owner: supabase_auth_admin
--

ALTER TABLE auth.users ENABLE ROW LEVEL SECURITY;

--
-- Name: messages; Type: ROW SECURITY; Schema: realtime; Owner: supabase_realtime_admin
--

ALTER TABLE realtime.messages ENABLE ROW LEVEL SECURITY;

--
-- Name: buckets; Type: ROW SECURITY; Schema: storage; Owner: supabase_storage_admin
--

ALTER TABLE storage.buckets ENABLE ROW LEVEL SECURITY;

--
-- Name: migrations; Type: ROW SECURITY; Schema: storage; Owner: supabase_storage_admin
--

ALTER TABLE storage.migrations ENABLE ROW LEVEL SECURITY;

--
-- Name: objects; Type: ROW SECURITY; Schema: storage; Owner: supabase_storage_admin
--

ALTER TABLE storage.objects ENABLE ROW LEVEL SECURITY;

--
-- Name: s3_multipart_uploads; Type: ROW SECURITY; Schema: storage; Owner: supabase_storage_admin
--

ALTER TABLE storage.s3_multipart_uploads ENABLE ROW LEVEL SECURITY;

--
-- Name: s3_multipart_uploads_parts; Type: ROW SECURITY; Schema: storage; Owner: supabase_storage_admin
--

ALTER TABLE storage.s3_multipart_uploads_parts ENABLE ROW LEVEL SECURITY;

--
-- Name: supabase_realtime; Type: PUBLICATION; Schema: -; Owner: postgres
--

CREATE PUBLICATION supabase_realtime WITH (publish = 'insert, update, delete, truncate');


ALTER PUBLICATION supabase_realtime OWNER TO postgres;

--
-- Name: SCHEMA auth; Type: ACL; Schema: -; Owner: supabase_admin
--

GRANT USAGE ON SCHEMA auth TO anon;
GRANT USAGE ON SCHEMA auth TO authenticated;
GRANT USAGE ON SCHEMA auth TO service_role;
GRANT ALL ON SCHEMA auth TO supabase_auth_admin;
GRANT ALL ON SCHEMA auth TO dashboard_user;
GRANT USAGE ON SCHEMA auth TO postgres;


--
-- Name: SCHEMA extensions; Type: ACL; Schema: -; Owner: postgres
--

GRANT USAGE ON SCHEMA extensions TO anon;
GRANT USAGE ON SCHEMA extensions TO authenticated;
GRANT USAGE ON SCHEMA extensions TO service_role;
GRANT ALL ON SCHEMA extensions TO dashboard_user;


--
-- Name: SCHEMA public; Type: ACL; Schema: -; Owner: pg_database_owner
--

GRANT USAGE ON SCHEMA public TO postgres;
GRANT USAGE ON SCHEMA public TO anon;
GRANT USAGE ON SCHEMA public TO authenticated;
GRANT USAGE ON SCHEMA public TO service_role;


--
-- Name: SCHEMA realtime; Type: ACL; Schema: -; Owner: supabase_admin
--

GRANT USAGE ON SCHEMA realtime TO postgres;
GRANT USAGE ON SCHEMA realtime TO anon;
GRANT USAGE ON SCHEMA realtime TO authenticated;
GRANT USAGE ON SCHEMA realtime TO service_role;
GRANT ALL ON SCHEMA realtime TO supabase_realtime_admin;


--
-- Name: SCHEMA storage; Type: ACL; Schema: -; Owner: supabase_admin
--

GRANT USAGE ON SCHEMA storage TO postgres;
GRANT USAGE ON SCHEMA storage TO anon;
GRANT USAGE ON SCHEMA storage TO authenticated;
GRANT USAGE ON SCHEMA storage TO service_role;
GRANT ALL ON SCHEMA storage TO supabase_storage_admin;
GRANT ALL ON SCHEMA storage TO dashboard_user;


--
-- Name: SCHEMA vault; Type: ACL; Schema: -; Owner: supabase_admin
--

GRANT USAGE ON SCHEMA vault TO postgres WITH GRANT OPTION;
GRANT USAGE ON SCHEMA vault TO service_role;


--
-- Name: FUNCTION email(); Type: ACL; Schema: auth; Owner: supabase_auth_admin
--

GRANT ALL ON FUNCTION auth.email() TO dashboard_user;
GRANT ALL ON FUNCTION auth.email() TO postgres;


--
-- Name: FUNCTION jwt(); Type: ACL; Schema: auth; Owner: supabase_auth_admin
--

GRANT ALL ON FUNCTION auth.jwt() TO postgres;
GRANT ALL ON FUNCTION auth.jwt() TO dashboard_user;


--
-- Name: FUNCTION role(); Type: ACL; Schema: auth; Owner: supabase_auth_admin
--

GRANT ALL ON FUNCTION auth.role() TO dashboard_user;
GRANT ALL ON FUNCTION auth.role() TO postgres;


--
-- Name: FUNCTION uid(); Type: ACL; Schema: auth; Owner: supabase_auth_admin
--

GRANT ALL ON FUNCTION auth.uid() TO dashboard_user;
GRANT ALL ON FUNCTION auth.uid() TO postgres;


--
-- Name: FUNCTION algorithm_sign(signables text, secret text, algorithm text); Type: ACL; Schema: extensions; Owner: supabase_admin
--

GRANT ALL ON FUNCTION extensions.algorithm_sign(signables text, secret text, algorithm text) TO postgres WITH GRANT OPTION;
GRANT ALL ON FUNCTION extensions.algorithm_sign(signables text, secret text, algorithm text) TO dashboard_user;


--
-- Name: FUNCTION armor(bytea); Type: ACL; Schema: extensions; Owner: supabase_admin
--

GRANT ALL ON FUNCTION extensions.armor(bytea) TO postgres WITH GRANT OPTION;
GRANT ALL ON FUNCTION extensions.armor(bytea) TO dashboard_user;


--
-- Name: FUNCTION armor(bytea, text[], text[]); Type: ACL; Schema: extensions; Owner: supabase_admin
--

GRANT ALL ON FUNCTION extensions.armor(bytea, text[], text[]) TO postgres WITH GRANT OPTION;
GRANT ALL ON FUNCTION extensions.armor(bytea, text[], text[]) TO dashboard_user;


--
-- Name: FUNCTION crypt(text, text); Type: ACL; Schema: extensions; Owner: supabase_admin
--

GRANT ALL ON FUNCTION extensions.crypt(text, text) TO postgres WITH GRANT OPTION;
GRANT ALL ON FUNCTION extensions.crypt(text, text) TO dashboard_user;


--
-- Name: FUNCTION dearmor(text); Type: ACL; Schema: extensions; Owner: supabase_admin
--

GRANT ALL ON FUNCTION extensions.dearmor(text) TO postgres WITH GRANT OPTION;
GRANT ALL ON FUNCTION extensions.dearmor(text) TO dashboard_user;


--
-- Name: FUNCTION decrypt(bytea, bytea, text); Type: ACL; Schema: extensions; Owner: supabase_admin
--

GRANT ALL ON FUNCTION extensions.decrypt(bytea, bytea, text) TO postgres WITH GRANT OPTION;
GRANT ALL ON FUNCTION extensions.decrypt(bytea, bytea, text) TO dashboard_user;


--
-- Name: FUNCTION decrypt_iv(bytea, bytea, bytea, text); Type: ACL; Schema: extensions; Owner: supabase_admin
--

GRANT ALL ON FUNCTION extensions.decrypt_iv(bytea, bytea, bytea, text) TO postgres WITH GRANT OPTION;
GRANT ALL ON FUNCTION extensions.decrypt_iv(bytea, bytea, bytea, text) TO dashboard_user;


--
-- Name: FUNCTION digest(bytea, text); Type: ACL; Schema: extensions; Owner: supabase_admin
--

GRANT ALL ON FUNCTION extensions.digest(bytea, text) TO postgres WITH GRANT OPTION;
GRANT ALL ON FUNCTION extensions.digest(bytea, text) TO dashboard_user;


--
-- Name: FUNCTION digest(text, text); Type: ACL; Schema: extensions; Owner: supabase_admin
--

GRANT ALL ON FUNCTION extensions.digest(text, text) TO postgres WITH GRANT OPTION;
GRANT ALL ON FUNCTION extensions.digest(text, text) TO dashboard_user;


--
-- Name: FUNCTION encrypt(bytea, bytea, text); Type: ACL; Schema: extensions; Owner: supabase_admin
--

GRANT ALL ON FUNCTION extensions.encrypt(bytea, bytea, text) TO postgres WITH GRANT OPTION;
GRANT ALL ON FUNCTION extensions.encrypt(bytea, bytea, text) TO dashboard_user;


--
-- Name: FUNCTION encrypt_iv(bytea, bytea, bytea, text); Type: ACL; Schema: extensions; Owner: supabase_admin
--

GRANT ALL ON FUNCTION extensions.encrypt_iv(bytea, bytea, bytea, text) TO postgres WITH GRANT OPTION;
GRANT ALL ON FUNCTION extensions.encrypt_iv(bytea, bytea, bytea, text) TO dashboard_user;


--
-- Name: FUNCTION gen_random_bytes(integer); Type: ACL; Schema: extensions; Owner: supabase_admin
--

GRANT ALL ON FUNCTION extensions.gen_random_bytes(integer) TO postgres WITH GRANT OPTION;
GRANT ALL ON FUNCTION extensions.gen_random_bytes(integer) TO dashboard_user;


--
-- Name: FUNCTION gen_random_uuid(); Type: ACL; Schema: extensions; Owner: supabase_admin
--

GRANT ALL ON FUNCTION extensions.gen_random_uuid() TO postgres WITH GRANT OPTION;
GRANT ALL ON FUNCTION extensions.gen_random_uuid() TO dashboard_user;


--
-- Name: FUNCTION gen_salt(text); Type: ACL; Schema: extensions; Owner: supabase_admin
--

GRANT ALL ON FUNCTION extensions.gen_salt(text) TO postgres WITH GRANT OPTION;
GRANT ALL ON FUNCTION extensions.gen_salt(text) TO dashboard_user;


--
-- Name: FUNCTION gen_salt(text, integer); Type: ACL; Schema: extensions; Owner: supabase_admin
--

GRANT ALL ON FUNCTION extensions.gen_salt(text, integer) TO postgres WITH GRANT OPTION;
GRANT ALL ON FUNCTION extensions.gen_salt(text, integer) TO dashboard_user;


--
-- Name: FUNCTION grant_pg_cron_access(); Type: ACL; Schema: extensions; Owner: supabase_admin
--

REVOKE ALL ON FUNCTION extensions.grant_pg_cron_access() FROM supabase_admin;
GRANT ALL ON FUNCTION extensions.grant_pg_cron_access() TO supabase_admin WITH GRANT OPTION;
GRANT ALL ON FUNCTION extensions.grant_pg_cron_access() TO dashboard_user;
GRANT ALL ON FUNCTION extensions.grant_pg_cron_access() TO postgres WITH GRANT OPTION;


--
-- Name: FUNCTION grant_pg_graphql_access(); Type: ACL; Schema: extensions; Owner: supabase_admin
--

GRANT ALL ON FUNCTION extensions.grant_pg_graphql_access() TO postgres WITH GRANT OPTION;


--
-- Name: FUNCTION grant_pg_net_access(); Type: ACL; Schema: extensions; Owner: supabase_admin
--

REVOKE ALL ON FUNCTION extensions.grant_pg_net_access() FROM supabase_admin;
GRANT ALL ON FUNCTION extensions.grant_pg_net_access() TO supabase_admin WITH GRANT OPTION;
GRANT ALL ON FUNCTION extensions.grant_pg_net_access() TO dashboard_user;
GRANT ALL ON FUNCTION extensions.grant_pg_net_access() TO postgres WITH GRANT OPTION;


--
-- Name: FUNCTION hmac(bytea, bytea, text); Type: ACL; Schema: extensions; Owner: supabase_admin
--

GRANT ALL ON FUNCTION extensions.hmac(bytea, bytea, text) TO postgres WITH GRANT OPTION;
GRANT ALL ON FUNCTION extensions.hmac(bytea, bytea, text) TO dashboard_user;


--
-- Name: FUNCTION hmac(text, text, text); Type: ACL; Schema: extensions; Owner: supabase_admin
--

GRANT ALL ON FUNCTION extensions.hmac(text, text, text) TO postgres WITH GRANT OPTION;
GRANT ALL ON FUNCTION extensions.hmac(text, text, text) TO dashboard_user;


--
-- Name: FUNCTION pg_stat_statements(showtext boolean, OUT userid oid, OUT dbid oid, OUT toplevel boolean, OUT queryid bigint, OUT query text, OUT plans bigint, OUT total_plan_time double precision, OUT min_plan_time double precision, OUT max_plan_time double precision, OUT mean_plan_time double precision, OUT stddev_plan_time double precision, OUT calls bigint, OUT total_exec_time double precision, OUT min_exec_time double precision, OUT max_exec_time double precision, OUT mean_exec_time double precision, OUT stddev_exec_time double precision, OUT rows bigint, OUT shared_blks_hit bigint, OUT shared_blks_read bigint, OUT shared_blks_dirtied bigint, OUT shared_blks_written bigint, OUT local_blks_hit bigint, OUT local_blks_read bigint, OUT local_blks_dirtied bigint, OUT local_blks_written bigint, OUT temp_blks_read bigint, OUT temp_blks_written bigint, OUT blk_read_time double precision, OUT blk_write_time double precision, OUT temp_blk_read_time double precision, OUT temp_blk_write_time double precision, OUT wal_records bigint, OUT wal_fpi bigint, OUT wal_bytes numeric, OUT jit_functions bigint, OUT jit_generation_time double precision, OUT jit_inlining_count bigint, OUT jit_inlining_time double precision, OUT jit_optimization_count bigint, OUT jit_optimization_time double precision, OUT jit_emission_count bigint, OUT jit_emission_time double precision); Type: ACL; Schema: extensions; Owner: supabase_admin
--

GRANT ALL ON FUNCTION extensions.pg_stat_statements(showtext boolean, OUT userid oid, OUT dbid oid, OUT toplevel boolean, OUT queryid bigint, OUT query text, OUT plans bigint, OUT total_plan_time double precision, OUT min_plan_time double precision, OUT max_plan_time double precision, OUT mean_plan_time double precision, OUT stddev_plan_time double precision, OUT calls bigint, OUT total_exec_time double precision, OUT min_exec_time double precision, OUT max_exec_time double precision, OUT mean_exec_time double precision, OUT stddev_exec_time double precision, OUT rows bigint, OUT shared_blks_hit bigint, OUT shared_blks_read bigint, OUT shared_blks_dirtied bigint, OUT shared_blks_written bigint, OUT local_blks_hit bigint, OUT local_blks_read bigint, OUT local_blks_dirtied bigint, OUT local_blks_written bigint, OUT temp_blks_read bigint, OUT temp_blks_written bigint, OUT blk_read_time double precision, OUT blk_write_time double precision, OUT temp_blk_read_time double precision, OUT temp_blk_write_time double precision, OUT wal_records bigint, OUT wal_fpi bigint, OUT wal_bytes numeric, OUT jit_functions bigint, OUT jit_generation_time double precision, OUT jit_inlining_count bigint, OUT jit_inlining_time double precision, OUT jit_optimization_count bigint, OUT jit_optimization_time double precision, OUT jit_emission_count bigint, OUT jit_emission_time double precision) TO postgres WITH GRANT OPTION;
GRANT ALL ON FUNCTION extensions.pg_stat_statements(showtext boolean, OUT userid oid, OUT dbid oid, OUT toplevel boolean, OUT queryid bigint, OUT query text, OUT plans bigint, OUT total_plan_time double precision, OUT min_plan_time double precision, OUT max_plan_time double precision, OUT mean_plan_time double precision, OUT stddev_plan_time double precision, OUT calls bigint, OUT total_exec_time double precision, OUT min_exec_time double precision, OUT max_exec_time double precision, OUT mean_exec_time double precision, OUT stddev_exec_time double precision, OUT rows bigint, OUT shared_blks_hit bigint, OUT shared_blks_read bigint, OUT shared_blks_dirtied bigint, OUT shared_blks_written bigint, OUT local_blks_hit bigint, OUT local_blks_read bigint, OUT local_blks_dirtied bigint, OUT local_blks_written bigint, OUT temp_blks_read bigint, OUT temp_blks_written bigint, OUT blk_read_time double precision, OUT blk_write_time double precision, OUT temp_blk_read_time double precision, OUT temp_blk_write_time double precision, OUT wal_records bigint, OUT wal_fpi bigint, OUT wal_bytes numeric, OUT jit_functions bigint, OUT jit_generation_time double precision, OUT jit_inlining_count bigint, OUT jit_inlining_time double precision, OUT jit_optimization_count bigint, OUT jit_optimization_time double precision, OUT jit_emission_count bigint, OUT jit_emission_time double precision) TO dashboard_user;


--
-- Name: FUNCTION pg_stat_statements_info(OUT dealloc bigint, OUT stats_reset timestamp with time zone); Type: ACL; Schema: extensions; Owner: supabase_admin
--

GRANT ALL ON FUNCTION extensions.pg_stat_statements_info(OUT dealloc bigint, OUT stats_reset timestamp with time zone) TO postgres WITH GRANT OPTION;
GRANT ALL ON FUNCTION extensions.pg_stat_statements_info(OUT dealloc bigint, OUT stats_reset timestamp with time zone) TO dashboard_user;


--
-- Name: FUNCTION pg_stat_statements_reset(userid oid, dbid oid, queryid bigint); Type: ACL; Schema: extensions; Owner: supabase_admin
--

GRANT ALL ON FUNCTION extensions.pg_stat_statements_reset(userid oid, dbid oid, queryid bigint) TO postgres WITH GRANT OPTION;
GRANT ALL ON FUNCTION extensions.pg_stat_statements_reset(userid oid, dbid oid, queryid bigint) TO dashboard_user;


--
-- Name: FUNCTION pgp_armor_headers(text, OUT key text, OUT value text); Type: ACL; Schema: extensions; Owner: supabase_admin
--

GRANT ALL ON FUNCTION extensions.pgp_armor_headers(text, OUT key text, OUT value text) TO postgres WITH GRANT OPTION;
GRANT ALL ON FUNCTION extensions.pgp_armor_headers(text, OUT key text, OUT value text) TO dashboard_user;


--
-- Name: FUNCTION pgp_key_id(bytea); Type: ACL; Schema: extensions; Owner: supabase_admin
--

GRANT ALL ON FUNCTION extensions.pgp_key_id(bytea) TO postgres WITH GRANT OPTION;
GRANT ALL ON FUNCTION extensions.pgp_key_id(bytea) TO dashboard_user;


--
-- Name: FUNCTION pgp_pub_decrypt(bytea, bytea); Type: ACL; Schema: extensions; Owner: supabase_admin
--

GRANT ALL ON FUNCTION extensions.pgp_pub_decrypt(bytea, bytea) TO postgres WITH GRANT OPTION;
GRANT ALL ON FUNCTION extensions.pgp_pub_decrypt(bytea, bytea) TO dashboard_user;


--
-- Name: FUNCTION pgp_pub_decrypt(bytea, bytea, text); Type: ACL; Schema: extensions; Owner: supabase_admin
--

GRANT ALL ON FUNCTION extensions.pgp_pub_decrypt(bytea, bytea, text) TO postgres WITH GRANT OPTION;
GRANT ALL ON FUNCTION extensions.pgp_pub_decrypt(bytea, bytea, text) TO dashboard_user;


--
-- Name: FUNCTION pgp_pub_decrypt(bytea, bytea, text, text); Type: ACL; Schema: extensions; Owner: supabase_admin
--

GRANT ALL ON FUNCTION extensions.pgp_pub_decrypt(bytea, bytea, text, text) TO postgres WITH GRANT OPTION;
GRANT ALL ON FUNCTION extensions.pgp_pub_decrypt(bytea, bytea, text, text) TO dashboard_user;


--
-- Name: FUNCTION pgp_pub_decrypt_bytea(bytea, bytea); Type: ACL; Schema: extensions; Owner: supabase_admin
--

GRANT ALL ON FUNCTION extensions.pgp_pub_decrypt_bytea(bytea, bytea) TO postgres WITH GRANT OPTION;
GRANT ALL ON FUNCTION extensions.pgp_pub_decrypt_bytea(bytea, bytea) TO dashboard_user;


--
-- Name: FUNCTION pgp_pub_decrypt_bytea(bytea, bytea, text); Type: ACL; Schema: extensions; Owner: supabase_admin
--

GRANT ALL ON FUNCTION extensions.pgp_pub_decrypt_bytea(bytea, bytea, text) TO postgres WITH GRANT OPTION;
GRANT ALL ON FUNCTION extensions.pgp_pub_decrypt_bytea(bytea, bytea, text) TO dashboard_user;


--
-- Name: FUNCTION pgp_pub_decrypt_bytea(bytea, bytea, text, text); Type: ACL; Schema: extensions; Owner: supabase_admin
--

GRANT ALL ON FUNCTION extensions.pgp_pub_decrypt_bytea(bytea, bytea, text, text) TO postgres WITH GRANT OPTION;
GRANT ALL ON FUNCTION extensions.pgp_pub_decrypt_bytea(bytea, bytea, text, text) TO dashboard_user;


--
-- Name: FUNCTION pgp_pub_encrypt(text, bytea); Type: ACL; Schema: extensions; Owner: supabase_admin
--

GRANT ALL ON FUNCTION extensions.pgp_pub_encrypt(text, bytea) TO postgres WITH GRANT OPTION;
GRANT ALL ON FUNCTION extensions.pgp_pub_encrypt(text, bytea) TO dashboard_user;


--
-- Name: FUNCTION pgp_pub_encrypt(text, bytea, text); Type: ACL; Schema: extensions; Owner: supabase_admin
--

GRANT ALL ON FUNCTION extensions.pgp_pub_encrypt(text, bytea, text) TO postgres WITH GRANT OPTION;
GRANT ALL ON FUNCTION extensions.pgp_pub_encrypt(text, bytea, text) TO dashboard_user;


--
-- Name: FUNCTION pgp_pub_encrypt_bytea(bytea, bytea); Type: ACL; Schema: extensions; Owner: supabase_admin
--

GRANT ALL ON FUNCTION extensions.pgp_pub_encrypt_bytea(bytea, bytea) TO postgres WITH GRANT OPTION;
GRANT ALL ON FUNCTION extensions.pgp_pub_encrypt_bytea(bytea, bytea) TO dashboard_user;


--
-- Name: FUNCTION pgp_pub_encrypt_bytea(bytea, bytea, text); Type: ACL; Schema: extensions; Owner: supabase_admin
--

GRANT ALL ON FUNCTION extensions.pgp_pub_encrypt_bytea(bytea, bytea, text) TO postgres WITH GRANT OPTION;
GRANT ALL ON FUNCTION extensions.pgp_pub_encrypt_bytea(bytea, bytea, text) TO dashboard_user;


--
-- Name: FUNCTION pgp_sym_decrypt(bytea, text); Type: ACL; Schema: extensions; Owner: supabase_admin
--

GRANT ALL ON FUNCTION extensions.pgp_sym_decrypt(bytea, text) TO postgres WITH GRANT OPTION;
GRANT ALL ON FUNCTION extensions.pgp_sym_decrypt(bytea, text) TO dashboard_user;


--
-- Name: FUNCTION pgp_sym_decrypt(bytea, text, text); Type: ACL; Schema: extensions; Owner: supabase_admin
--

GRANT ALL ON FUNCTION extensions.pgp_sym_decrypt(bytea, text, text) TO postgres WITH GRANT OPTION;
GRANT ALL ON FUNCTION extensions.pgp_sym_decrypt(bytea, text, text) TO dashboard_user;


--
-- Name: FUNCTION pgp_sym_decrypt_bytea(bytea, text); Type: ACL; Schema: extensions; Owner: supabase_admin
--

GRANT ALL ON FUNCTION extensions.pgp_sym_decrypt_bytea(bytea, text) TO postgres WITH GRANT OPTION;
GRANT ALL ON FUNCTION extensions.pgp_sym_decrypt_bytea(bytea, text) TO dashboard_user;


--
-- Name: FUNCTION pgp_sym_decrypt_bytea(bytea, text, text); Type: ACL; Schema: extensions; Owner: supabase_admin
--

GRANT ALL ON FUNCTION extensions.pgp_sym_decrypt_bytea(bytea, text, text) TO postgres WITH GRANT OPTION;
GRANT ALL ON FUNCTION extensions.pgp_sym_decrypt_bytea(bytea, text, text) TO dashboard_user;


--
-- Name: FUNCTION pgp_sym_encrypt(text, text); Type: ACL; Schema: extensions; Owner: supabase_admin
--

GRANT ALL ON FUNCTION extensions.pgp_sym_encrypt(text, text) TO postgres WITH GRANT OPTION;
GRANT ALL ON FUNCTION extensions.pgp_sym_encrypt(text, text) TO dashboard_user;


--
-- Name: FUNCTION pgp_sym_encrypt(text, text, text); Type: ACL; Schema: extensions; Owner: supabase_admin
--

GRANT ALL ON FUNCTION extensions.pgp_sym_encrypt(text, text, text) TO postgres WITH GRANT OPTION;
GRANT ALL ON FUNCTION extensions.pgp_sym_encrypt(text, text, text) TO dashboard_user;


--
-- Name: FUNCTION pgp_sym_encrypt_bytea(bytea, text); Type: ACL; Schema: extensions; Owner: supabase_admin
--

GRANT ALL ON FUNCTION extensions.pgp_sym_encrypt_bytea(bytea, text) TO postgres WITH GRANT OPTION;
GRANT ALL ON FUNCTION extensions.pgp_sym_encrypt_bytea(bytea, text) TO dashboard_user;


--
-- Name: FUNCTION pgp_sym_encrypt_bytea(bytea, text, text); Type: ACL; Schema: extensions; Owner: supabase_admin
--

GRANT ALL ON FUNCTION extensions.pgp_sym_encrypt_bytea(bytea, text, text) TO postgres WITH GRANT OPTION;
GRANT ALL ON FUNCTION extensions.pgp_sym_encrypt_bytea(bytea, text, text) TO dashboard_user;


--
-- Name: FUNCTION pgrst_ddl_watch(); Type: ACL; Schema: extensions; Owner: supabase_admin
--

GRANT ALL ON FUNCTION extensions.pgrst_ddl_watch() TO postgres WITH GRANT OPTION;


--
-- Name: FUNCTION pgrst_drop_watch(); Type: ACL; Schema: extensions; Owner: supabase_admin
--

GRANT ALL ON FUNCTION extensions.pgrst_drop_watch() TO postgres WITH GRANT OPTION;


--
-- Name: FUNCTION set_graphql_placeholder(); Type: ACL; Schema: extensions; Owner: supabase_admin
--

GRANT ALL ON FUNCTION extensions.set_graphql_placeholder() TO postgres WITH GRANT OPTION;


--
-- Name: FUNCTION sign(payload json, secret text, algorithm text); Type: ACL; Schema: extensions; Owner: supabase_admin
--

GRANT ALL ON FUNCTION extensions.sign(payload json, secret text, algorithm text) TO postgres WITH GRANT OPTION;
GRANT ALL ON FUNCTION extensions.sign(payload json, secret text, algorithm text) TO dashboard_user;


--
-- Name: FUNCTION try_cast_double(inp text); Type: ACL; Schema: extensions; Owner: supabase_admin
--

GRANT ALL ON FUNCTION extensions.try_cast_double(inp text) TO postgres WITH GRANT OPTION;
GRANT ALL ON FUNCTION extensions.try_cast_double(inp text) TO dashboard_user;


--
-- Name: FUNCTION url_decode(data text); Type: ACL; Schema: extensions; Owner: supabase_admin
--

GRANT ALL ON FUNCTION extensions.url_decode(data text) TO postgres WITH GRANT OPTION;
GRANT ALL ON FUNCTION extensions.url_decode(data text) TO dashboard_user;


--
-- Name: FUNCTION url_encode(data bytea); Type: ACL; Schema: extensions; Owner: supabase_admin
--

GRANT ALL ON FUNCTION extensions.url_encode(data bytea) TO postgres WITH GRANT OPTION;
GRANT ALL ON FUNCTION extensions.url_encode(data bytea) TO dashboard_user;


--
-- Name: FUNCTION uuid_generate_v1(); Type: ACL; Schema: extensions; Owner: supabase_admin
--

GRANT ALL ON FUNCTION extensions.uuid_generate_v1() TO postgres WITH GRANT OPTION;
GRANT ALL ON FUNCTION extensions.uuid_generate_v1() TO dashboard_user;


--
-- Name: FUNCTION uuid_generate_v1mc(); Type: ACL; Schema: extensions; Owner: supabase_admin
--

GRANT ALL ON FUNCTION extensions.uuid_generate_v1mc() TO postgres WITH GRANT OPTION;
GRANT ALL ON FUNCTION extensions.uuid_generate_v1mc() TO dashboard_user;


--
-- Name: FUNCTION uuid_generate_v3(namespace uuid, name text); Type: ACL; Schema: extensions; Owner: supabase_admin
--

GRANT ALL ON FUNCTION extensions.uuid_generate_v3(namespace uuid, name text) TO postgres WITH GRANT OPTION;
GRANT ALL ON FUNCTION extensions.uuid_generate_v3(namespace uuid, name text) TO dashboard_user;


--
-- Name: FUNCTION uuid_generate_v4(); Type: ACL; Schema: extensions; Owner: supabase_admin
--

GRANT ALL ON FUNCTION extensions.uuid_generate_v4() TO postgres WITH GRANT OPTION;
GRANT ALL ON FUNCTION extensions.uuid_generate_v4() TO dashboard_user;


--
-- Name: FUNCTION uuid_generate_v5(namespace uuid, name text); Type: ACL; Schema: extensions; Owner: supabase_admin
--

GRANT ALL ON FUNCTION extensions.uuid_generate_v5(namespace uuid, name text) TO postgres WITH GRANT OPTION;
GRANT ALL ON FUNCTION extensions.uuid_generate_v5(namespace uuid, name text) TO dashboard_user;


--
-- Name: FUNCTION uuid_nil(); Type: ACL; Schema: extensions; Owner: supabase_admin
--

GRANT ALL ON FUNCTION extensions.uuid_nil() TO postgres WITH GRANT OPTION;
GRANT ALL ON FUNCTION extensions.uuid_nil() TO dashboard_user;


--
-- Name: FUNCTION uuid_ns_dns(); Type: ACL; Schema: extensions; Owner: supabase_admin
--

GRANT ALL ON FUNCTION extensions.uuid_ns_dns() TO postgres WITH GRANT OPTION;
GRANT ALL ON FUNCTION extensions.uuid_ns_dns() TO dashboard_user;


--
-- Name: FUNCTION uuid_ns_oid(); Type: ACL; Schema: extensions; Owner: supabase_admin
--

GRANT ALL ON FUNCTION extensions.uuid_ns_oid() TO postgres WITH GRANT OPTION;
GRANT ALL ON FUNCTION extensions.uuid_ns_oid() TO dashboard_user;


--
-- Name: FUNCTION uuid_ns_url(); Type: ACL; Schema: extensions; Owner: supabase_admin
--

GRANT ALL ON FUNCTION extensions.uuid_ns_url() TO postgres WITH GRANT OPTION;
GRANT ALL ON FUNCTION extensions.uuid_ns_url() TO dashboard_user;


--
-- Name: FUNCTION uuid_ns_x500(); Type: ACL; Schema: extensions; Owner: supabase_admin
--

GRANT ALL ON FUNCTION extensions.uuid_ns_x500() TO postgres WITH GRANT OPTION;
GRANT ALL ON FUNCTION extensions.uuid_ns_x500() TO dashboard_user;


--
-- Name: FUNCTION verify(token text, secret text, algorithm text); Type: ACL; Schema: extensions; Owner: supabase_admin
--

GRANT ALL ON FUNCTION extensions.verify(token text, secret text, algorithm text) TO postgres WITH GRANT OPTION;
GRANT ALL ON FUNCTION extensions.verify(token text, secret text, algorithm text) TO dashboard_user;


--
-- Name: FUNCTION graphql("operationName" text, query text, variables jsonb, extensions jsonb); Type: ACL; Schema: graphql_public; Owner: supabase_admin
--

GRANT ALL ON FUNCTION graphql_public.graphql("operationName" text, query text, variables jsonb, extensions jsonb) TO postgres;
GRANT ALL ON FUNCTION graphql_public.graphql("operationName" text, query text, variables jsonb, extensions jsonb) TO anon;
GRANT ALL ON FUNCTION graphql_public.graphql("operationName" text, query text, variables jsonb, extensions jsonb) TO authenticated;
GRANT ALL ON FUNCTION graphql_public.graphql("operationName" text, query text, variables jsonb, extensions jsonb) TO service_role;


--
-- Name: FUNCTION get_auth(p_usename text); Type: ACL; Schema: pgbouncer; Owner: supabase_admin
--

REVOKE ALL ON FUNCTION pgbouncer.get_auth(p_usename text) FROM PUBLIC;
GRANT ALL ON FUNCTION pgbouncer.get_auth(p_usename text) TO pgbouncer;
GRANT ALL ON FUNCTION pgbouncer.get_auth(p_usename text) TO postgres;


--
-- Name: TABLE teacher; Type: ACL; Schema: public; Owner: postgres
--

GRANT ALL ON TABLE public.teacher TO anon;
GRANT ALL ON TABLE public.teacher TO authenticated;
GRANT ALL ON TABLE public.teacher TO service_role;


--
-- Name: FUNCTION get_teacher_by_activityid_old(activity_id integer); Type: ACL; Schema: public; Owner: postgres
--

GRANT ALL ON FUNCTION public.get_teacher_by_activityid_old(activity_id integer) TO anon;
GRANT ALL ON FUNCTION public.get_teacher_by_activityid_old(activity_id integer) TO authenticated;
GRANT ALL ON FUNCTION public.get_teacher_by_activityid_old(activity_id integer) TO service_role;


--
-- Name: FUNCTION apply_rls(wal jsonb, max_record_bytes integer); Type: ACL; Schema: realtime; Owner: supabase_admin
--

GRANT ALL ON FUNCTION realtime.apply_rls(wal jsonb, max_record_bytes integer) TO postgres;
GRANT ALL ON FUNCTION realtime.apply_rls(wal jsonb, max_record_bytes integer) TO dashboard_user;
GRANT ALL ON FUNCTION realtime.apply_rls(wal jsonb, max_record_bytes integer) TO anon;
GRANT ALL ON FUNCTION realtime.apply_rls(wal jsonb, max_record_bytes integer) TO authenticated;
GRANT ALL ON FUNCTION realtime.apply_rls(wal jsonb, max_record_bytes integer) TO service_role;
GRANT ALL ON FUNCTION realtime.apply_rls(wal jsonb, max_record_bytes integer) TO supabase_realtime_admin;


--
-- Name: FUNCTION broadcast_changes(topic_name text, event_name text, operation text, table_name text, table_schema text, new record, old record, level text); Type: ACL; Schema: realtime; Owner: supabase_admin
--

GRANT ALL ON FUNCTION realtime.broadcast_changes(topic_name text, event_name text, operation text, table_name text, table_schema text, new record, old record, level text) TO postgres;
GRANT ALL ON FUNCTION realtime.broadcast_changes(topic_name text, event_name text, operation text, table_name text, table_schema text, new record, old record, level text) TO dashboard_user;


--
-- Name: FUNCTION build_prepared_statement_sql(prepared_statement_name text, entity regclass, columns realtime.wal_column[]); Type: ACL; Schema: realtime; Owner: supabase_admin
--

GRANT ALL ON FUNCTION realtime.build_prepared_statement_sql(prepared_statement_name text, entity regclass, columns realtime.wal_column[]) TO postgres;
GRANT ALL ON FUNCTION realtime.build_prepared_statement_sql(prepared_statement_name text, entity regclass, columns realtime.wal_column[]) TO dashboard_user;
GRANT ALL ON FUNCTION realtime.build_prepared_statement_sql(prepared_statement_name text, entity regclass, columns realtime.wal_column[]) TO anon;
GRANT ALL ON FUNCTION realtime.build_prepared_statement_sql(prepared_statement_name text, entity regclass, columns realtime.wal_column[]) TO authenticated;
GRANT ALL ON FUNCTION realtime.build_prepared_statement_sql(prepared_statement_name text, entity regclass, columns realtime.wal_column[]) TO service_role;
GRANT ALL ON FUNCTION realtime.build_prepared_statement_sql(prepared_statement_name text, entity regclass, columns realtime.wal_column[]) TO supabase_realtime_admin;


--
-- Name: FUNCTION "cast"(val text, type_ regtype); Type: ACL; Schema: realtime; Owner: supabase_admin
--

GRANT ALL ON FUNCTION realtime."cast"(val text, type_ regtype) TO postgres;
GRANT ALL ON FUNCTION realtime."cast"(val text, type_ regtype) TO dashboard_user;
GRANT ALL ON FUNCTION realtime."cast"(val text, type_ regtype) TO anon;
GRANT ALL ON FUNCTION realtime."cast"(val text, type_ regtype) TO authenticated;
GRANT ALL ON FUNCTION realtime."cast"(val text, type_ regtype) TO service_role;
GRANT ALL ON FUNCTION realtime."cast"(val text, type_ regtype) TO supabase_realtime_admin;


--
-- Name: FUNCTION check_equality_op(op realtime.equality_op, type_ regtype, val_1 text, val_2 text); Type: ACL; Schema: realtime; Owner: supabase_admin
--

GRANT ALL ON FUNCTION realtime.check_equality_op(op realtime.equality_op, type_ regtype, val_1 text, val_2 text) TO postgres;
GRANT ALL ON FUNCTION realtime.check_equality_op(op realtime.equality_op, type_ regtype, val_1 text, val_2 text) TO dashboard_user;
GRANT ALL ON FUNCTION realtime.check_equality_op(op realtime.equality_op, type_ regtype, val_1 text, val_2 text) TO anon;
GRANT ALL ON FUNCTION realtime.check_equality_op(op realtime.equality_op, type_ regtype, val_1 text, val_2 text) TO authenticated;
GRANT ALL ON FUNCTION realtime.check_equality_op(op realtime.equality_op, type_ regtype, val_1 text, val_2 text) TO service_role;
GRANT ALL ON FUNCTION realtime.check_equality_op(op realtime.equality_op, type_ regtype, val_1 text, val_2 text) TO supabase_realtime_admin;


--
-- Name: FUNCTION is_visible_through_filters(columns realtime.wal_column[], filters realtime.user_defined_filter[]); Type: ACL; Schema: realtime; Owner: supabase_admin
--

GRANT ALL ON FUNCTION realtime.is_visible_through_filters(columns realtime.wal_column[], filters realtime.user_defined_filter[]) TO postgres;
GRANT ALL ON FUNCTION realtime.is_visible_through_filters(columns realtime.wal_column[], filters realtime.user_defined_filter[]) TO dashboard_user;
GRANT ALL ON FUNCTION realtime.is_visible_through_filters(columns realtime.wal_column[], filters realtime.user_defined_filter[]) TO anon;
GRANT ALL ON FUNCTION realtime.is_visible_through_filters(columns realtime.wal_column[], filters realtime.user_defined_filter[]) TO authenticated;
GRANT ALL ON FUNCTION realtime.is_visible_through_filters(columns realtime.wal_column[], filters realtime.user_defined_filter[]) TO service_role;
GRANT ALL ON FUNCTION realtime.is_visible_through_filters(columns realtime.wal_column[], filters realtime.user_defined_filter[]) TO supabase_realtime_admin;


--
-- Name: FUNCTION list_changes(publication name, slot_name name, max_changes integer, max_record_bytes integer); Type: ACL; Schema: realtime; Owner: supabase_admin
--

GRANT ALL ON FUNCTION realtime.list_changes(publication name, slot_name name, max_changes integer, max_record_bytes integer) TO postgres;
GRANT ALL ON FUNCTION realtime.list_changes(publication name, slot_name name, max_changes integer, max_record_bytes integer) TO dashboard_user;
GRANT ALL ON FUNCTION realtime.list_changes(publication name, slot_name name, max_changes integer, max_record_bytes integer) TO anon;
GRANT ALL ON FUNCTION realtime.list_changes(publication name, slot_name name, max_changes integer, max_record_bytes integer) TO authenticated;
GRANT ALL ON FUNCTION realtime.list_changes(publication name, slot_name name, max_changes integer, max_record_bytes integer) TO service_role;
GRANT ALL ON FUNCTION realtime.list_changes(publication name, slot_name name, max_changes integer, max_record_bytes integer) TO supabase_realtime_admin;


--
-- Name: FUNCTION quote_wal2json(entity regclass); Type: ACL; Schema: realtime; Owner: supabase_admin
--

GRANT ALL ON FUNCTION realtime.quote_wal2json(entity regclass) TO postgres;
GRANT ALL ON FUNCTION realtime.quote_wal2json(entity regclass) TO dashboard_user;
GRANT ALL ON FUNCTION realtime.quote_wal2json(entity regclass) TO anon;
GRANT ALL ON FUNCTION realtime.quote_wal2json(entity regclass) TO authenticated;
GRANT ALL ON FUNCTION realtime.quote_wal2json(entity regclass) TO service_role;
GRANT ALL ON FUNCTION realtime.quote_wal2json(entity regclass) TO supabase_realtime_admin;


--
-- Name: FUNCTION send(payload jsonb, event text, topic text, private boolean); Type: ACL; Schema: realtime; Owner: supabase_admin
--

GRANT ALL ON FUNCTION realtime.send(payload jsonb, event text, topic text, private boolean) TO postgres;
GRANT ALL ON FUNCTION realtime.send(payload jsonb, event text, topic text, private boolean) TO dashboard_user;


--
-- Name: FUNCTION subscription_check_filters(); Type: ACL; Schema: realtime; Owner: supabase_admin
--

GRANT ALL ON FUNCTION realtime.subscription_check_filters() TO postgres;
GRANT ALL ON FUNCTION realtime.subscription_check_filters() TO dashboard_user;
GRANT ALL ON FUNCTION realtime.subscription_check_filters() TO anon;
GRANT ALL ON FUNCTION realtime.subscription_check_filters() TO authenticated;
GRANT ALL ON FUNCTION realtime.subscription_check_filters() TO service_role;
GRANT ALL ON FUNCTION realtime.subscription_check_filters() TO supabase_realtime_admin;


--
-- Name: FUNCTION to_regrole(role_name text); Type: ACL; Schema: realtime; Owner: supabase_admin
--

GRANT ALL ON FUNCTION realtime.to_regrole(role_name text) TO postgres;
GRANT ALL ON FUNCTION realtime.to_regrole(role_name text) TO dashboard_user;
GRANT ALL ON FUNCTION realtime.to_regrole(role_name text) TO anon;
GRANT ALL ON FUNCTION realtime.to_regrole(role_name text) TO authenticated;
GRANT ALL ON FUNCTION realtime.to_regrole(role_name text) TO service_role;
GRANT ALL ON FUNCTION realtime.to_regrole(role_name text) TO supabase_realtime_admin;


--
-- Name: FUNCTION topic(); Type: ACL; Schema: realtime; Owner: supabase_realtime_admin
--

GRANT ALL ON FUNCTION realtime.topic() TO postgres;
GRANT ALL ON FUNCTION realtime.topic() TO dashboard_user;


--
-- Name: FUNCTION can_insert_object(bucketid text, name text, owner uuid, metadata jsonb); Type: ACL; Schema: storage; Owner: supabase_storage_admin
--

GRANT ALL ON FUNCTION storage.can_insert_object(bucketid text, name text, owner uuid, metadata jsonb) TO postgres;


--
-- Name: FUNCTION extension(name text); Type: ACL; Schema: storage; Owner: supabase_storage_admin
--

GRANT ALL ON FUNCTION storage.extension(name text) TO postgres;


--
-- Name: FUNCTION filename(name text); Type: ACL; Schema: storage; Owner: supabase_storage_admin
--

GRANT ALL ON FUNCTION storage.filename(name text) TO postgres;


--
-- Name: FUNCTION foldername(name text); Type: ACL; Schema: storage; Owner: supabase_storage_admin
--

GRANT ALL ON FUNCTION storage.foldername(name text) TO postgres;


--
-- Name: FUNCTION get_size_by_bucket(); Type: ACL; Schema: storage; Owner: supabase_storage_admin
--

GRANT ALL ON FUNCTION storage.get_size_by_bucket() TO postgres;


--
-- Name: FUNCTION list_multipart_uploads_with_delimiter(bucket_id text, prefix_param text, delimiter_param text, max_keys integer, next_key_token text, next_upload_token text); Type: ACL; Schema: storage; Owner: supabase_storage_admin
--

GRANT ALL ON FUNCTION storage.list_multipart_uploads_with_delimiter(bucket_id text, prefix_param text, delimiter_param text, max_keys integer, next_key_token text, next_upload_token text) TO postgres;


--
-- Name: FUNCTION list_objects_with_delimiter(bucket_id text, prefix_param text, delimiter_param text, max_keys integer, start_after text, next_token text); Type: ACL; Schema: storage; Owner: supabase_storage_admin
--

GRANT ALL ON FUNCTION storage.list_objects_with_delimiter(bucket_id text, prefix_param text, delimiter_param text, max_keys integer, start_after text, next_token text) TO postgres;


--
-- Name: FUNCTION operation(); Type: ACL; Schema: storage; Owner: supabase_storage_admin
--

GRANT ALL ON FUNCTION storage.operation() TO postgres;


--
-- Name: FUNCTION search(prefix text, bucketname text, limits integer, levels integer, offsets integer, search text, sortcolumn text, sortorder text); Type: ACL; Schema: storage; Owner: supabase_storage_admin
--

GRANT ALL ON FUNCTION storage.search(prefix text, bucketname text, limits integer, levels integer, offsets integer, search text, sortcolumn text, sortorder text) TO postgres;


--
-- Name: FUNCTION update_updated_at_column(); Type: ACL; Schema: storage; Owner: supabase_storage_admin
--

GRANT ALL ON FUNCTION storage.update_updated_at_column() TO postgres;


--
-- Name: FUNCTION _crypto_aead_det_decrypt(message bytea, additional bytea, key_id bigint, context bytea, nonce bytea); Type: ACL; Schema: vault; Owner: supabase_admin
--

GRANT ALL ON FUNCTION vault._crypto_aead_det_decrypt(message bytea, additional bytea, key_id bigint, context bytea, nonce bytea) TO postgres WITH GRANT OPTION;
GRANT ALL ON FUNCTION vault._crypto_aead_det_decrypt(message bytea, additional bytea, key_id bigint, context bytea, nonce bytea) TO service_role;


--
-- Name: FUNCTION create_secret(new_secret text, new_name text, new_description text, new_key_id uuid); Type: ACL; Schema: vault; Owner: supabase_admin
--

GRANT ALL ON FUNCTION vault.create_secret(new_secret text, new_name text, new_description text, new_key_id uuid) TO postgres WITH GRANT OPTION;
GRANT ALL ON FUNCTION vault.create_secret(new_secret text, new_name text, new_description text, new_key_id uuid) TO service_role;


--
-- Name: FUNCTION update_secret(secret_id uuid, new_secret text, new_name text, new_description text, new_key_id uuid); Type: ACL; Schema: vault; Owner: supabase_admin
--

GRANT ALL ON FUNCTION vault.update_secret(secret_id uuid, new_secret text, new_name text, new_description text, new_key_id uuid) TO postgres WITH GRANT OPTION;
GRANT ALL ON FUNCTION vault.update_secret(secret_id uuid, new_secret text, new_name text, new_description text, new_key_id uuid) TO service_role;


--
-- Name: TABLE audit_log_entries; Type: ACL; Schema: auth; Owner: supabase_auth_admin
--

GRANT ALL ON TABLE auth.audit_log_entries TO dashboard_user;
GRANT INSERT,REFERENCES,DELETE,TRIGGER,TRUNCATE,UPDATE ON TABLE auth.audit_log_entries TO postgres;
GRANT SELECT ON TABLE auth.audit_log_entries TO postgres WITH GRANT OPTION;


--
-- Name: TABLE flow_state; Type: ACL; Schema: auth; Owner: supabase_auth_admin
--

GRANT INSERT,REFERENCES,DELETE,TRIGGER,TRUNCATE,UPDATE ON TABLE auth.flow_state TO postgres;
GRANT SELECT ON TABLE auth.flow_state TO postgres WITH GRANT OPTION;
GRANT ALL ON TABLE auth.flow_state TO dashboard_user;


--
-- Name: TABLE identities; Type: ACL; Schema: auth; Owner: supabase_auth_admin
--

GRANT INSERT,REFERENCES,DELETE,TRIGGER,TRUNCATE,UPDATE ON TABLE auth.identities TO postgres;
GRANT SELECT ON TABLE auth.identities TO postgres WITH GRANT OPTION;
GRANT ALL ON TABLE auth.identities TO dashboard_user;


--
-- Name: TABLE instances; Type: ACL; Schema: auth; Owner: supabase_auth_admin
--

GRANT ALL ON TABLE auth.instances TO dashboard_user;
GRANT INSERT,REFERENCES,DELETE,TRIGGER,TRUNCATE,UPDATE ON TABLE auth.instances TO postgres;
GRANT SELECT ON TABLE auth.instances TO postgres WITH GRANT OPTION;


--
-- Name: TABLE mfa_amr_claims; Type: ACL; Schema: auth; Owner: supabase_auth_admin
--

GRANT INSERT,REFERENCES,DELETE,TRIGGER,TRUNCATE,UPDATE ON TABLE auth.mfa_amr_claims TO postgres;
GRANT SELECT ON TABLE auth.mfa_amr_claims TO postgres WITH GRANT OPTION;
GRANT ALL ON TABLE auth.mfa_amr_claims TO dashboard_user;


--
-- Name: TABLE mfa_challenges; Type: ACL; Schema: auth; Owner: supabase_auth_admin
--

GRANT INSERT,REFERENCES,DELETE,TRIGGER,TRUNCATE,UPDATE ON TABLE auth.mfa_challenges TO postgres;
GRANT SELECT ON TABLE auth.mfa_challenges TO postgres WITH GRANT OPTION;
GRANT ALL ON TABLE auth.mfa_challenges TO dashboard_user;


--
-- Name: TABLE mfa_factors; Type: ACL; Schema: auth; Owner: supabase_auth_admin
--

GRANT INSERT,REFERENCES,DELETE,TRIGGER,TRUNCATE,UPDATE ON TABLE auth.mfa_factors TO postgres;
GRANT SELECT ON TABLE auth.mfa_factors TO postgres WITH GRANT OPTION;
GRANT ALL ON TABLE auth.mfa_factors TO dashboard_user;


--
-- Name: TABLE oauth_clients; Type: ACL; Schema: auth; Owner: supabase_auth_admin
--

GRANT ALL ON TABLE auth.oauth_clients TO postgres;
GRANT ALL ON TABLE auth.oauth_clients TO dashboard_user;


--
-- Name: TABLE one_time_tokens; Type: ACL; Schema: auth; Owner: supabase_auth_admin
--

GRANT INSERT,REFERENCES,DELETE,TRIGGER,TRUNCATE,UPDATE ON TABLE auth.one_time_tokens TO postgres;
GRANT SELECT ON TABLE auth.one_time_tokens TO postgres WITH GRANT OPTION;
GRANT ALL ON TABLE auth.one_time_tokens TO dashboard_user;


--
-- Name: TABLE refresh_tokens; Type: ACL; Schema: auth; Owner: supabase_auth_admin
--

GRANT ALL ON TABLE auth.refresh_tokens TO dashboard_user;
GRANT INSERT,REFERENCES,DELETE,TRIGGER,TRUNCATE,UPDATE ON TABLE auth.refresh_tokens TO postgres;
GRANT SELECT ON TABLE auth.refresh_tokens TO postgres WITH GRANT OPTION;


--
-- Name: SEQUENCE refresh_tokens_id_seq; Type: ACL; Schema: auth; Owner: supabase_auth_admin
--

GRANT ALL ON SEQUENCE auth.refresh_tokens_id_seq TO dashboard_user;
GRANT ALL ON SEQUENCE auth.refresh_tokens_id_seq TO postgres;


--
-- Name: TABLE saml_providers; Type: ACL; Schema: auth; Owner: supabase_auth_admin
--

GRANT INSERT,REFERENCES,DELETE,TRIGGER,TRUNCATE,UPDATE ON TABLE auth.saml_providers TO postgres;
GRANT SELECT ON TABLE auth.saml_providers TO postgres WITH GRANT OPTION;
GRANT ALL ON TABLE auth.saml_providers TO dashboard_user;


--
-- Name: TABLE saml_relay_states; Type: ACL; Schema: auth; Owner: supabase_auth_admin
--

GRANT INSERT,REFERENCES,DELETE,TRIGGER,TRUNCATE,UPDATE ON TABLE auth.saml_relay_states TO postgres;
GRANT SELECT ON TABLE auth.saml_relay_states TO postgres WITH GRANT OPTION;
GRANT ALL ON TABLE auth.saml_relay_states TO dashboard_user;


--
-- Name: TABLE sessions; Type: ACL; Schema: auth; Owner: supabase_auth_admin
--

GRANT INSERT,REFERENCES,DELETE,TRIGGER,TRUNCATE,UPDATE ON TABLE auth.sessions TO postgres;
GRANT SELECT ON TABLE auth.sessions TO postgres WITH GRANT OPTION;
GRANT ALL ON TABLE auth.sessions TO dashboard_user;


--
-- Name: TABLE sso_domains; Type: ACL; Schema: auth; Owner: supabase_auth_admin
--

GRANT INSERT,REFERENCES,DELETE,TRIGGER,TRUNCATE,UPDATE ON TABLE auth.sso_domains TO postgres;
GRANT SELECT ON TABLE auth.sso_domains TO postgres WITH GRANT OPTION;
GRANT ALL ON TABLE auth.sso_domains TO dashboard_user;


--
-- Name: TABLE sso_providers; Type: ACL; Schema: auth; Owner: supabase_auth_admin
--

GRANT INSERT,REFERENCES,DELETE,TRIGGER,TRUNCATE,UPDATE ON TABLE auth.sso_providers TO postgres;
GRANT SELECT ON TABLE auth.sso_providers TO postgres WITH GRANT OPTION;
GRANT ALL ON TABLE auth.sso_providers TO dashboard_user;


--
-- Name: TABLE users; Type: ACL; Schema: auth; Owner: supabase_auth_admin
--

GRANT ALL ON TABLE auth.users TO dashboard_user;
GRANT INSERT,REFERENCES,DELETE,TRIGGER,TRUNCATE,UPDATE ON TABLE auth.users TO postgres;
GRANT SELECT ON TABLE auth.users TO postgres WITH GRANT OPTION;


--
-- Name: TABLE pg_stat_statements; Type: ACL; Schema: extensions; Owner: supabase_admin
--

GRANT ALL ON TABLE extensions.pg_stat_statements TO postgres WITH GRANT OPTION;
GRANT ALL ON TABLE extensions.pg_stat_statements TO dashboard_user;


--
-- Name: TABLE pg_stat_statements_info; Type: ACL; Schema: extensions; Owner: supabase_admin
--

GRANT ALL ON TABLE extensions.pg_stat_statements_info TO postgres WITH GRANT OPTION;
GRANT ALL ON TABLE extensions.pg_stat_statements_info TO dashboard_user;


--
-- Name: TABLE activity; Type: ACL; Schema: public; Owner: postgres
--

GRANT ALL ON TABLE public.activity TO anon;
GRANT ALL ON TABLE public.activity TO authenticated;
GRANT ALL ON TABLE public.activity TO service_role;


--
-- Name: TABLE activity_base; Type: ACL; Schema: public; Owner: postgres
--

GRANT ALL ON TABLE public.activity_base TO anon;
GRANT ALL ON TABLE public.activity_base TO authenticated;
GRANT ALL ON TABLE public.activity_base TO service_role;


--
-- Name: SEQUENCE activity_id_seq; Type: ACL; Schema: public; Owner: postgres
--

GRANT ALL ON SEQUENCE public.activity_id_seq TO anon;
GRANT ALL ON SEQUENCE public.activity_id_seq TO authenticated;
GRANT ALL ON SEQUENCE public.activity_id_seq TO service_role;


--
-- Name: SEQUENCE activity_id_seq1; Type: ACL; Schema: public; Owner: postgres
--

GRANT ALL ON SEQUENCE public.activity_id_seq1 TO anon;
GRANT ALL ON SEQUENCE public.activity_id_seq1 TO authenticated;
GRANT ALL ON SEQUENCE public.activity_id_seq1 TO service_role;


--
-- Name: TABLE activity_translations; Type: ACL; Schema: public; Owner: postgres
--

GRANT ALL ON TABLE public.activity_translations TO anon;
GRANT ALL ON TABLE public.activity_translations TO authenticated;
GRANT ALL ON TABLE public.activity_translations TO service_role;


--
-- Name: SEQUENCE activity_translations_id_seq; Type: ACL; Schema: public; Owner: postgres
--

GRANT ALL ON SEQUENCE public.activity_translations_id_seq TO anon;
GRANT ALL ON SEQUENCE public.activity_translations_id_seq TO authenticated;
GRANT ALL ON SEQUENCE public.activity_translations_id_seq TO service_role;


--
-- Name: TABLE areas; Type: ACL; Schema: public; Owner: postgres
--

GRANT ALL ON TABLE public.areas TO anon;
GRANT ALL ON TABLE public.areas TO authenticated;
GRANT ALL ON TABLE public.areas TO service_role;


--
-- Name: SEQUENCE areas_id_seq; Type: ACL; Schema: public; Owner: postgres
--

GRANT ALL ON SEQUENCE public.areas_id_seq TO anon;
GRANT ALL ON SEQUENCE public.areas_id_seq TO authenticated;
GRANT ALL ON SEQUENCE public.areas_id_seq TO service_role;


--
-- Name: TABLE messaggi; Type: ACL; Schema: public; Owner: postgres
--

GRANT ALL ON TABLE public.messaggi TO anon;
GRANT ALL ON TABLE public.messaggi TO authenticated;
GRANT ALL ON TABLE public.messaggi TO service_role;


--
-- Name: TABLE participant; Type: ACL; Schema: public; Owner: postgres
--

GRANT ALL ON TABLE public.participant TO anon;
GRANT ALL ON TABLE public.participant TO authenticated;
GRANT ALL ON TABLE public.participant TO service_role;


--
-- Name: SEQUENCE partecipant_id_seq; Type: ACL; Schema: public; Owner: postgres
--

GRANT ALL ON SEQUENCE public.partecipant_id_seq TO anon;
GRANT ALL ON SEQUENCE public.partecipant_id_seq TO authenticated;
GRANT ALL ON SEQUENCE public.partecipant_id_seq TO service_role;


--
-- Name: TABLE review_translations; Type: ACL; Schema: public; Owner: postgres
--

GRANT ALL ON TABLE public.review_translations TO anon;
GRANT ALL ON TABLE public.review_translations TO authenticated;
GRANT ALL ON TABLE public.review_translations TO service_role;


--
-- Name: SEQUENCE review_translations_id_seq; Type: ACL; Schema: public; Owner: postgres
--

GRANT ALL ON SEQUENCE public.review_translations_id_seq TO anon;
GRANT ALL ON SEQUENCE public.review_translations_id_seq TO authenticated;
GRANT ALL ON SEQUENCE public.review_translations_id_seq TO service_role;


--
-- Name: TABLE reviews; Type: ACL; Schema: public; Owner: postgres
--

GRANT ALL ON TABLE public.reviews TO anon;
GRANT ALL ON TABLE public.reviews TO authenticated;
GRANT ALL ON TABLE public.reviews TO service_role;


--
-- Name: TABLE reviews_base; Type: ACL; Schema: public; Owner: postgres
--

GRANT ALL ON TABLE public.reviews_base TO anon;
GRANT ALL ON TABLE public.reviews_base TO authenticated;
GRANT ALL ON TABLE public.reviews_base TO service_role;


--
-- Name: SEQUENCE reviews_id_seq; Type: ACL; Schema: public; Owner: postgres
--

GRANT ALL ON SEQUENCE public.reviews_id_seq TO anon;
GRANT ALL ON SEQUENCE public.reviews_id_seq TO authenticated;
GRANT ALL ON SEQUENCE public.reviews_id_seq TO service_role;


--
-- Name: TABLE room; Type: ACL; Schema: public; Owner: postgres
--

GRANT ALL ON TABLE public.room TO anon;
GRANT ALL ON TABLE public.room TO authenticated;
GRANT ALL ON TABLE public.room TO service_role;


--
-- Name: TABLE room_base; Type: ACL; Schema: public; Owner: postgres
--

GRANT ALL ON TABLE public.room_base TO anon;
GRANT ALL ON TABLE public.room_base TO authenticated;
GRANT ALL ON TABLE public.room_base TO service_role;


--
-- Name: SEQUENCE room_id_seq; Type: ACL; Schema: public; Owner: postgres
--

GRANT ALL ON SEQUENCE public.room_id_seq TO anon;
GRANT ALL ON SEQUENCE public.room_id_seq TO authenticated;
GRANT ALL ON SEQUENCE public.room_id_seq TO service_role;


--
-- Name: SEQUENCE room_id_seq1; Type: ACL; Schema: public; Owner: postgres
--

GRANT ALL ON SEQUENCE public.room_id_seq1 TO anon;
GRANT ALL ON SEQUENCE public.room_id_seq1 TO authenticated;
GRANT ALL ON SEQUENCE public.room_id_seq1 TO service_role;


--
-- Name: TABLE room_translations; Type: ACL; Schema: public; Owner: postgres
--

GRANT ALL ON TABLE public.room_translations TO anon;
GRANT ALL ON TABLE public.room_translations TO authenticated;
GRANT ALL ON TABLE public.room_translations TO service_role;


--
-- Name: SEQUENCE room_translations_id_seq; Type: ACL; Schema: public; Owner: postgres
--

GRANT ALL ON SEQUENCE public.room_translations_id_seq TO anon;
GRANT ALL ON SEQUENCE public.room_translations_id_seq TO authenticated;
GRANT ALL ON SEQUENCE public.room_translations_id_seq TO service_role;


--
-- Name: TABLE teacher_base; Type: ACL; Schema: public; Owner: postgres
--

GRANT ALL ON TABLE public.teacher_base TO anon;
GRANT ALL ON TABLE public.teacher_base TO authenticated;
GRANT ALL ON TABLE public.teacher_base TO service_role;


--
-- Name: SEQUENCE teacher_id_seq; Type: ACL; Schema: public; Owner: postgres
--

GRANT ALL ON SEQUENCE public.teacher_id_seq TO anon;
GRANT ALL ON SEQUENCE public.teacher_id_seq TO authenticated;
GRANT ALL ON SEQUENCE public.teacher_id_seq TO service_role;


--
-- Name: SEQUENCE teacher_id_seq1; Type: ACL; Schema: public; Owner: postgres
--

GRANT ALL ON SEQUENCE public.teacher_id_seq1 TO anon;
GRANT ALL ON SEQUENCE public.teacher_id_seq1 TO authenticated;
GRANT ALL ON SEQUENCE public.teacher_id_seq1 TO service_role;


--
-- Name: TABLE teacher_translations; Type: ACL; Schema: public; Owner: postgres
--

GRANT ALL ON TABLE public.teacher_translations TO anon;
GRANT ALL ON TABLE public.teacher_translations TO authenticated;
GRANT ALL ON TABLE public.teacher_translations TO service_role;


--
-- Name: SEQUENCE teacher_translations_id_seq; Type: ACL; Schema: public; Owner: postgres
--

GRANT ALL ON SEQUENCE public.teacher_translations_id_seq TO anon;
GRANT ALL ON SEQUENCE public.teacher_translations_id_seq TO authenticated;
GRANT ALL ON SEQUENCE public.teacher_translations_id_seq TO service_role;


--
-- Name: TABLE teaches; Type: ACL; Schema: public; Owner: postgres
--

GRANT ALL ON TABLE public.teaches TO anon;
GRANT ALL ON TABLE public.teaches TO authenticated;
GRANT ALL ON TABLE public.teaches TO service_role;


--
-- Name: TABLE messages; Type: ACL; Schema: realtime; Owner: supabase_realtime_admin
--

GRANT ALL ON TABLE realtime.messages TO postgres;
GRANT ALL ON TABLE realtime.messages TO dashboard_user;
GRANT SELECT,INSERT,UPDATE ON TABLE realtime.messages TO anon;
GRANT SELECT,INSERT,UPDATE ON TABLE realtime.messages TO authenticated;
GRANT SELECT,INSERT,UPDATE ON TABLE realtime.messages TO service_role;


--
-- Name: TABLE schema_migrations; Type: ACL; Schema: realtime; Owner: supabase_admin
--

GRANT ALL ON TABLE realtime.schema_migrations TO postgres;
GRANT ALL ON TABLE realtime.schema_migrations TO dashboard_user;
GRANT SELECT ON TABLE realtime.schema_migrations TO anon;
GRANT SELECT ON TABLE realtime.schema_migrations TO authenticated;
GRANT SELECT ON TABLE realtime.schema_migrations TO service_role;
GRANT ALL ON TABLE realtime.schema_migrations TO supabase_realtime_admin;


--
-- Name: TABLE subscription; Type: ACL; Schema: realtime; Owner: supabase_admin
--

GRANT ALL ON TABLE realtime.subscription TO postgres;
GRANT ALL ON TABLE realtime.subscription TO dashboard_user;
GRANT SELECT ON TABLE realtime.subscription TO anon;
GRANT SELECT ON TABLE realtime.subscription TO authenticated;
GRANT SELECT ON TABLE realtime.subscription TO service_role;
GRANT ALL ON TABLE realtime.subscription TO supabase_realtime_admin;


--
-- Name: SEQUENCE subscription_id_seq; Type: ACL; Schema: realtime; Owner: supabase_admin
--

GRANT ALL ON SEQUENCE realtime.subscription_id_seq TO postgres;
GRANT ALL ON SEQUENCE realtime.subscription_id_seq TO dashboard_user;
GRANT USAGE ON SEQUENCE realtime.subscription_id_seq TO anon;
GRANT USAGE ON SEQUENCE realtime.subscription_id_seq TO authenticated;
GRANT USAGE ON SEQUENCE realtime.subscription_id_seq TO service_role;
GRANT ALL ON SEQUENCE realtime.subscription_id_seq TO supabase_realtime_admin;


--
-- Name: TABLE buckets; Type: ACL; Schema: storage; Owner: supabase_storage_admin
--

GRANT ALL ON TABLE storage.buckets TO anon;
GRANT ALL ON TABLE storage.buckets TO authenticated;
GRANT ALL ON TABLE storage.buckets TO service_role;
GRANT ALL ON TABLE storage.buckets TO postgres WITH GRANT OPTION;


--
-- Name: TABLE objects; Type: ACL; Schema: storage; Owner: supabase_storage_admin
--

GRANT ALL ON TABLE storage.objects TO anon;
GRANT ALL ON TABLE storage.objects TO authenticated;
GRANT ALL ON TABLE storage.objects TO service_role;
GRANT ALL ON TABLE storage.objects TO postgres WITH GRANT OPTION;


--
-- Name: TABLE s3_multipart_uploads; Type: ACL; Schema: storage; Owner: supabase_storage_admin
--

GRANT ALL ON TABLE storage.s3_multipart_uploads TO service_role;
GRANT SELECT ON TABLE storage.s3_multipart_uploads TO authenticated;
GRANT SELECT ON TABLE storage.s3_multipart_uploads TO anon;
GRANT ALL ON TABLE storage.s3_multipart_uploads TO postgres;


--
-- Name: TABLE s3_multipart_uploads_parts; Type: ACL; Schema: storage; Owner: supabase_storage_admin
--

GRANT ALL ON TABLE storage.s3_multipart_uploads_parts TO service_role;
GRANT SELECT ON TABLE storage.s3_multipart_uploads_parts TO authenticated;
GRANT SELECT ON TABLE storage.s3_multipart_uploads_parts TO anon;
GRANT ALL ON TABLE storage.s3_multipart_uploads_parts TO postgres;


--
-- Name: TABLE secrets; Type: ACL; Schema: vault; Owner: supabase_admin
--

GRANT SELECT,REFERENCES,DELETE,TRUNCATE ON TABLE vault.secrets TO postgres WITH GRANT OPTION;
GRANT SELECT,DELETE ON TABLE vault.secrets TO service_role;


--
-- Name: TABLE decrypted_secrets; Type: ACL; Schema: vault; Owner: supabase_admin
--

GRANT SELECT,REFERENCES,DELETE,TRUNCATE ON TABLE vault.decrypted_secrets TO postgres WITH GRANT OPTION;
GRANT SELECT,DELETE ON TABLE vault.decrypted_secrets TO service_role;


--
-- Name: DEFAULT PRIVILEGES FOR SEQUENCES; Type: DEFAULT ACL; Schema: auth; Owner: supabase_auth_admin
--

ALTER DEFAULT PRIVILEGES FOR ROLE supabase_auth_admin IN SCHEMA auth GRANT ALL ON SEQUENCES  TO postgres;
ALTER DEFAULT PRIVILEGES FOR ROLE supabase_auth_admin IN SCHEMA auth GRANT ALL ON SEQUENCES  TO dashboard_user;


--
-- Name: DEFAULT PRIVILEGES FOR FUNCTIONS; Type: DEFAULT ACL; Schema: auth; Owner: supabase_auth_admin
--

ALTER DEFAULT PRIVILEGES FOR ROLE supabase_auth_admin IN SCHEMA auth GRANT ALL ON FUNCTIONS  TO postgres;
ALTER DEFAULT PRIVILEGES FOR ROLE supabase_auth_admin IN SCHEMA auth GRANT ALL ON FUNCTIONS  TO dashboard_user;


--
-- Name: DEFAULT PRIVILEGES FOR TABLES; Type: DEFAULT ACL; Schema: auth; Owner: supabase_auth_admin
--

ALTER DEFAULT PRIVILEGES FOR ROLE supabase_auth_admin IN SCHEMA auth GRANT ALL ON TABLES  TO postgres;
ALTER DEFAULT PRIVILEGES FOR ROLE supabase_auth_admin IN SCHEMA auth GRANT ALL ON TABLES  TO dashboard_user;


--
-- Name: DEFAULT PRIVILEGES FOR SEQUENCES; Type: DEFAULT ACL; Schema: extensions; Owner: supabase_admin
--

ALTER DEFAULT PRIVILEGES FOR ROLE supabase_admin IN SCHEMA extensions GRANT ALL ON SEQUENCES  TO postgres WITH GRANT OPTION;


--
-- Name: DEFAULT PRIVILEGES FOR FUNCTIONS; Type: DEFAULT ACL; Schema: extensions; Owner: supabase_admin
--

ALTER DEFAULT PRIVILEGES FOR ROLE supabase_admin IN SCHEMA extensions GRANT ALL ON FUNCTIONS  TO postgres WITH GRANT OPTION;


--
-- Name: DEFAULT PRIVILEGES FOR TABLES; Type: DEFAULT ACL; Schema: extensions; Owner: supabase_admin
--

ALTER DEFAULT PRIVILEGES FOR ROLE supabase_admin IN SCHEMA extensions GRANT ALL ON TABLES  TO postgres WITH GRANT OPTION;


--
-- Name: DEFAULT PRIVILEGES FOR SEQUENCES; Type: DEFAULT ACL; Schema: graphql; Owner: supabase_admin
--

ALTER DEFAULT PRIVILEGES FOR ROLE supabase_admin IN SCHEMA graphql GRANT ALL ON SEQUENCES  TO postgres;
ALTER DEFAULT PRIVILEGES FOR ROLE supabase_admin IN SCHEMA graphql GRANT ALL ON SEQUENCES  TO anon;
ALTER DEFAULT PRIVILEGES FOR ROLE supabase_admin IN SCHEMA graphql GRANT ALL ON SEQUENCES  TO authenticated;
ALTER DEFAULT PRIVILEGES FOR ROLE supabase_admin IN SCHEMA graphql GRANT ALL ON SEQUENCES  TO service_role;


--
-- Name: DEFAULT PRIVILEGES FOR FUNCTIONS; Type: DEFAULT ACL; Schema: graphql; Owner: supabase_admin
--

ALTER DEFAULT PRIVILEGES FOR ROLE supabase_admin IN SCHEMA graphql GRANT ALL ON FUNCTIONS  TO postgres;
ALTER DEFAULT PRIVILEGES FOR ROLE supabase_admin IN SCHEMA graphql GRANT ALL ON FUNCTIONS  TO anon;
ALTER DEFAULT PRIVILEGES FOR ROLE supabase_admin IN SCHEMA graphql GRANT ALL ON FUNCTIONS  TO authenticated;
ALTER DEFAULT PRIVILEGES FOR ROLE supabase_admin IN SCHEMA graphql GRANT ALL ON FUNCTIONS  TO service_role;


--
-- Name: DEFAULT PRIVILEGES FOR TABLES; Type: DEFAULT ACL; Schema: graphql; Owner: supabase_admin
--

ALTER DEFAULT PRIVILEGES FOR ROLE supabase_admin IN SCHEMA graphql GRANT ALL ON TABLES  TO postgres;
ALTER DEFAULT PRIVILEGES FOR ROLE supabase_admin IN SCHEMA graphql GRANT ALL ON TABLES  TO anon;
ALTER DEFAULT PRIVILEGES FOR ROLE supabase_admin IN SCHEMA graphql GRANT ALL ON TABLES  TO authenticated;
ALTER DEFAULT PRIVILEGES FOR ROLE supabase_admin IN SCHEMA graphql GRANT ALL ON TABLES  TO service_role;


--
-- Name: DEFAULT PRIVILEGES FOR SEQUENCES; Type: DEFAULT ACL; Schema: graphql_public; Owner: supabase_admin
--

ALTER DEFAULT PRIVILEGES FOR ROLE supabase_admin IN SCHEMA graphql_public GRANT ALL ON SEQUENCES  TO postgres;
ALTER DEFAULT PRIVILEGES FOR ROLE supabase_admin IN SCHEMA graphql_public GRANT ALL ON SEQUENCES  TO anon;
ALTER DEFAULT PRIVILEGES FOR ROLE supabase_admin IN SCHEMA graphql_public GRANT ALL ON SEQUENCES  TO authenticated;
ALTER DEFAULT PRIVILEGES FOR ROLE supabase_admin IN SCHEMA graphql_public GRANT ALL ON SEQUENCES  TO service_role;


--
-- Name: DEFAULT PRIVILEGES FOR FUNCTIONS; Type: DEFAULT ACL; Schema: graphql_public; Owner: supabase_admin
--

ALTER DEFAULT PRIVILEGES FOR ROLE supabase_admin IN SCHEMA graphql_public GRANT ALL ON FUNCTIONS  TO postgres;
ALTER DEFAULT PRIVILEGES FOR ROLE supabase_admin IN SCHEMA graphql_public GRANT ALL ON FUNCTIONS  TO anon;
ALTER DEFAULT PRIVILEGES FOR ROLE supabase_admin IN SCHEMA graphql_public GRANT ALL ON FUNCTIONS  TO authenticated;
ALTER DEFAULT PRIVILEGES FOR ROLE supabase_admin IN SCHEMA graphql_public GRANT ALL ON FUNCTIONS  TO service_role;


--
-- Name: DEFAULT PRIVILEGES FOR TABLES; Type: DEFAULT ACL; Schema: graphql_public; Owner: supabase_admin
--

ALTER DEFAULT PRIVILEGES FOR ROLE supabase_admin IN SCHEMA graphql_public GRANT ALL ON TABLES  TO postgres;
ALTER DEFAULT PRIVILEGES FOR ROLE supabase_admin IN SCHEMA graphql_public GRANT ALL ON TABLES  TO anon;
ALTER DEFAULT PRIVILEGES FOR ROLE supabase_admin IN SCHEMA graphql_public GRANT ALL ON TABLES  TO authenticated;
ALTER DEFAULT PRIVILEGES FOR ROLE supabase_admin IN SCHEMA graphql_public GRANT ALL ON TABLES  TO service_role;


--
-- Name: DEFAULT PRIVILEGES FOR SEQUENCES; Type: DEFAULT ACL; Schema: public; Owner: postgres
--

ALTER DEFAULT PRIVILEGES FOR ROLE postgres IN SCHEMA public GRANT ALL ON SEQUENCES  TO postgres;
ALTER DEFAULT PRIVILEGES FOR ROLE postgres IN SCHEMA public GRANT ALL ON SEQUENCES  TO anon;
ALTER DEFAULT PRIVILEGES FOR ROLE postgres IN SCHEMA public GRANT ALL ON SEQUENCES  TO authenticated;
ALTER DEFAULT PRIVILEGES FOR ROLE postgres IN SCHEMA public GRANT ALL ON SEQUENCES  TO service_role;


--
-- Name: DEFAULT PRIVILEGES FOR SEQUENCES; Type: DEFAULT ACL; Schema: public; Owner: supabase_admin
--

ALTER DEFAULT PRIVILEGES FOR ROLE supabase_admin IN SCHEMA public GRANT ALL ON SEQUENCES  TO postgres;
ALTER DEFAULT PRIVILEGES FOR ROLE supabase_admin IN SCHEMA public GRANT ALL ON SEQUENCES  TO anon;
ALTER DEFAULT PRIVILEGES FOR ROLE supabase_admin IN SCHEMA public GRANT ALL ON SEQUENCES  TO authenticated;
ALTER DEFAULT PRIVILEGES FOR ROLE supabase_admin IN SCHEMA public GRANT ALL ON SEQUENCES  TO service_role;


--
-- Name: DEFAULT PRIVILEGES FOR FUNCTIONS; Type: DEFAULT ACL; Schema: public; Owner: postgres
--

ALTER DEFAULT PRIVILEGES FOR ROLE postgres IN SCHEMA public GRANT ALL ON FUNCTIONS  TO postgres;
ALTER DEFAULT PRIVILEGES FOR ROLE postgres IN SCHEMA public GRANT ALL ON FUNCTIONS  TO anon;
ALTER DEFAULT PRIVILEGES FOR ROLE postgres IN SCHEMA public GRANT ALL ON FUNCTIONS  TO authenticated;
ALTER DEFAULT PRIVILEGES FOR ROLE postgres IN SCHEMA public GRANT ALL ON FUNCTIONS  TO service_role;


--
-- Name: DEFAULT PRIVILEGES FOR FUNCTIONS; Type: DEFAULT ACL; Schema: public; Owner: supabase_admin
--

ALTER DEFAULT PRIVILEGES FOR ROLE supabase_admin IN SCHEMA public GRANT ALL ON FUNCTIONS  TO postgres;
ALTER DEFAULT PRIVILEGES FOR ROLE supabase_admin IN SCHEMA public GRANT ALL ON FUNCTIONS  TO anon;
ALTER DEFAULT PRIVILEGES FOR ROLE supabase_admin IN SCHEMA public GRANT ALL ON FUNCTIONS  TO authenticated;
ALTER DEFAULT PRIVILEGES FOR ROLE supabase_admin IN SCHEMA public GRANT ALL ON FUNCTIONS  TO service_role;


--
-- Name: DEFAULT PRIVILEGES FOR TABLES; Type: DEFAULT ACL; Schema: public; Owner: postgres
--

ALTER DEFAULT PRIVILEGES FOR ROLE postgres IN SCHEMA public GRANT ALL ON TABLES  TO postgres;
ALTER DEFAULT PRIVILEGES FOR ROLE postgres IN SCHEMA public GRANT ALL ON TABLES  TO anon;
ALTER DEFAULT PRIVILEGES FOR ROLE postgres IN SCHEMA public GRANT ALL ON TABLES  TO authenticated;
ALTER DEFAULT PRIVILEGES FOR ROLE postgres IN SCHEMA public GRANT ALL ON TABLES  TO service_role;


--
-- Name: DEFAULT PRIVILEGES FOR TABLES; Type: DEFAULT ACL; Schema: public; Owner: supabase_admin
--

ALTER DEFAULT PRIVILEGES FOR ROLE supabase_admin IN SCHEMA public GRANT ALL ON TABLES  TO postgres;
ALTER DEFAULT PRIVILEGES FOR ROLE supabase_admin IN SCHEMA public GRANT ALL ON TABLES  TO anon;
ALTER DEFAULT PRIVILEGES FOR ROLE supabase_admin IN SCHEMA public GRANT ALL ON TABLES  TO authenticated;
ALTER DEFAULT PRIVILEGES FOR ROLE supabase_admin IN SCHEMA public GRANT ALL ON TABLES  TO service_role;


--
-- Name: DEFAULT PRIVILEGES FOR SEQUENCES; Type: DEFAULT ACL; Schema: realtime; Owner: supabase_admin
--

ALTER DEFAULT PRIVILEGES FOR ROLE supabase_admin IN SCHEMA realtime GRANT ALL ON SEQUENCES  TO postgres;
ALTER DEFAULT PRIVILEGES FOR ROLE supabase_admin IN SCHEMA realtime GRANT ALL ON SEQUENCES  TO dashboard_user;


--
-- Name: DEFAULT PRIVILEGES FOR FUNCTIONS; Type: DEFAULT ACL; Schema: realtime; Owner: supabase_admin
--

ALTER DEFAULT PRIVILEGES FOR ROLE supabase_admin IN SCHEMA realtime GRANT ALL ON FUNCTIONS  TO postgres;
ALTER DEFAULT PRIVILEGES FOR ROLE supabase_admin IN SCHEMA realtime GRANT ALL ON FUNCTIONS  TO dashboard_user;


--
-- Name: DEFAULT PRIVILEGES FOR TABLES; Type: DEFAULT ACL; Schema: realtime; Owner: supabase_admin
--

ALTER DEFAULT PRIVILEGES FOR ROLE supabase_admin IN SCHEMA realtime GRANT ALL ON TABLES  TO postgres;
ALTER DEFAULT PRIVILEGES FOR ROLE supabase_admin IN SCHEMA realtime GRANT ALL ON TABLES  TO dashboard_user;


--
-- Name: DEFAULT PRIVILEGES FOR SEQUENCES; Type: DEFAULT ACL; Schema: storage; Owner: postgres
--

ALTER DEFAULT PRIVILEGES FOR ROLE postgres IN SCHEMA storage GRANT ALL ON SEQUENCES  TO postgres;
ALTER DEFAULT PRIVILEGES FOR ROLE postgres IN SCHEMA storage GRANT ALL ON SEQUENCES  TO anon;
ALTER DEFAULT PRIVILEGES FOR ROLE postgres IN SCHEMA storage GRANT ALL ON SEQUENCES  TO authenticated;
ALTER DEFAULT PRIVILEGES FOR ROLE postgres IN SCHEMA storage GRANT ALL ON SEQUENCES  TO service_role;


--
-- Name: DEFAULT PRIVILEGES FOR FUNCTIONS; Type: DEFAULT ACL; Schema: storage; Owner: postgres
--

ALTER DEFAULT PRIVILEGES FOR ROLE postgres IN SCHEMA storage GRANT ALL ON FUNCTIONS  TO postgres;
ALTER DEFAULT PRIVILEGES FOR ROLE postgres IN SCHEMA storage GRANT ALL ON FUNCTIONS  TO anon;
ALTER DEFAULT PRIVILEGES FOR ROLE postgres IN SCHEMA storage GRANT ALL ON FUNCTIONS  TO authenticated;
ALTER DEFAULT PRIVILEGES FOR ROLE postgres IN SCHEMA storage GRANT ALL ON FUNCTIONS  TO service_role;


--
-- Name: DEFAULT PRIVILEGES FOR TABLES; Type: DEFAULT ACL; Schema: storage; Owner: postgres
--

ALTER DEFAULT PRIVILEGES FOR ROLE postgres IN SCHEMA storage GRANT ALL ON TABLES  TO postgres;
ALTER DEFAULT PRIVILEGES FOR ROLE postgres IN SCHEMA storage GRANT ALL ON TABLES  TO anon;
ALTER DEFAULT PRIVILEGES FOR ROLE postgres IN SCHEMA storage GRANT ALL ON TABLES  TO authenticated;
ALTER DEFAULT PRIVILEGES FOR ROLE postgres IN SCHEMA storage GRANT ALL ON TABLES  TO service_role;


--
-- Name: issue_graphql_placeholder; Type: EVENT TRIGGER; Schema: -; Owner: supabase_admin
--

CREATE EVENT TRIGGER issue_graphql_placeholder ON sql_drop
         WHEN TAG IN ('DROP EXTENSION')
   EXECUTE FUNCTION extensions.set_graphql_placeholder();


ALTER EVENT TRIGGER issue_graphql_placeholder OWNER TO supabase_admin;

--
-- Name: issue_pg_cron_access; Type: EVENT TRIGGER; Schema: -; Owner: supabase_admin
--

CREATE EVENT TRIGGER issue_pg_cron_access ON ddl_command_end
         WHEN TAG IN ('CREATE EXTENSION')
   EXECUTE FUNCTION extensions.grant_pg_cron_access();


ALTER EVENT TRIGGER issue_pg_cron_access OWNER TO supabase_admin;

--
-- Name: issue_pg_graphql_access; Type: EVENT TRIGGER; Schema: -; Owner: supabase_admin
--

CREATE EVENT TRIGGER issue_pg_graphql_access ON ddl_command_end
         WHEN TAG IN ('CREATE FUNCTION')
   EXECUTE FUNCTION extensions.grant_pg_graphql_access();


ALTER EVENT TRIGGER issue_pg_graphql_access OWNER TO supabase_admin;

--
-- Name: issue_pg_net_access; Type: EVENT TRIGGER; Schema: -; Owner: supabase_admin
--

CREATE EVENT TRIGGER issue_pg_net_access ON ddl_command_end
         WHEN TAG IN ('CREATE EXTENSION')
   EXECUTE FUNCTION extensions.grant_pg_net_access();


ALTER EVENT TRIGGER issue_pg_net_access OWNER TO supabase_admin;

--
-- Name: pgrst_ddl_watch; Type: EVENT TRIGGER; Schema: -; Owner: supabase_admin
--

CREATE EVENT TRIGGER pgrst_ddl_watch ON ddl_command_end
   EXECUTE FUNCTION extensions.pgrst_ddl_watch();


ALTER EVENT TRIGGER pgrst_ddl_watch OWNER TO supabase_admin;

--
-- Name: pgrst_drop_watch; Type: EVENT TRIGGER; Schema: -; Owner: supabase_admin
--

CREATE EVENT TRIGGER pgrst_drop_watch ON sql_drop
   EXECUTE FUNCTION extensions.pgrst_drop_watch();


ALTER EVENT TRIGGER pgrst_drop_watch OWNER TO supabase_admin;

--
-- PostgreSQL database dump complete
--

\unrestrict ACVWA5BB1HUl4PSachWpPijw5iaaMNXQ99T9MTrJSHWKCD4pMYrdWut0Utm54rX

--
-- PostgreSQL database cluster dump complete
--

